experiment,detector,point_index,point,sweep_value,power_uw,detection_efficiency,photons_per_bright_dwell,contrast,switching_ratio,p_bright_stationary,gamma_tot_khz,horizon_us,target_fidelity,t_threshold_us,t_adaptive_count_us,t_fixed_count_mmpp_us,t_adaptive_mmpp_us,speedup_mmpp,speedup_mmpp_ci_low,speedup_mmpp_ci_high,speedup_count,speedup_count_ci_low,speedup_count_ci_high,speedup_fixed_count_mmpp,speedup_fixed_count_mmpp_ci_low,speedup_fixed_count_mmpp_ci_high
demo,det_nonpar_dt2000ns_ap0.05_tau5000ns,0,high_flux,2.8995965459017876,15.0,1.0,2.8995965459017876,0.9607843137254902,6.343847409922766,0.1361684065832894,47.27834437446891,100.0,0.55,0.8493394318885562,3.079357183433021,3.079357183433021,0.8345213367046503,1.0177564006241224,0.961337048037716,1.1923897852507672,0.2758171206828531,0.27359509989478675,0.3343389155254174,0.2758171206828531,0.27359509989478675,0.3343389155254174
demo,det_nonpar_dt2000ns_ap0.05_tau5000ns,0,high_flux,2.8995965459017876,15.0,1.0,2.8995965459017876,0.9607843137254902,6.343847409922766,0.1361684065832894,47.27834437446891,100.0,0.56,1.1438177167284262,3.079357183433021,3.079357183433021,1.053837176222013,1.0853837220176574,0.9925862750324989,1.1219292931597942,0.37144691199909496,0.2940464460692864,0.4116722098356028,0.37144691199909496,0.2940464460692864,0.4116722098356028
demo,det_nonpar_dt2000ns_ap0.05_tau5000ns,0,high_flux,2.8995965459017876,15.0,1.0,2.8995965459017876,0.9607843137254902,6.343847409922766,0.1361684065832894,47.27834437446891,100.0,0.57,1.3203636640512302,3.079357183433021,3.079357183433021,1.2260321383028339,1.0769405000092225,1.0294444695938483,1.1242241186874629,0.4287789903538318,0.39383255718518384,0.4754550280311601,0.4287789903538318,0.39383255718518384,0.4754550280311601
demo,det_nonpar_dt2000ns_ap0.05_tau5000ns,0,high_flux,2.8995965459017876,15.0,1.0,2.8995965459017876,0.9607843137254902,6.343847409922766,0.1361684065832894,47.27834437446891,100.0,0.58,1.5006187638445476,3.079357183433021,3.079357183433021,1.4263634250788195,1.0520591999627478,1.0248717710248196,1.0980197869080452,0.48731559038291977,0.4424655494769864,0.5663571653382972,0.48731559038291977,0.4424655494769864,0.5663571653382972
demo,det_nonpar_dt2000ns_ap0.05_tau5000ns,0,high_flux,2.8995965459017876,15.0,1.0,2.8995965459017876,0.9607843137254902,6.343847409922766,0.1361684065832894,47.27834437446891,100.0,0.59,1.7656791781034504,3.079357183433021,3.079357183433021,1.632335126417406,1.081689139397927,1.050513918898351,1.11174050364583,0.5733921311898554,0.5043917450616086,0.6361684029298145,0.5733921311898554,0.5043917450616086,0.6361684029298145
demo,det_nonpar_dt2000ns_ap0.05_tau5000ns,0,high_flux,2.8995965459017876,15.0,1.0,2.8995965459017876,0.9607843137254902,6.343847409922766,0.1361684065832894,47.27834437446891,100.0,0.6,1.9720610279462767,3.079357183433021,3.079357183433021,1.8375503650082212,1.0732010754641024,1.0373905018826917,1.1154086606017592,0.640413213041991,0.5886998764334062,0.7327131606811921,0.640413213041991,0.5886998764334062,0.7327131606811921
demo,det_nonpar_dt2000ns_ap0.05_tau5000ns,0,high_flux,2.8995965459017876,15.0,1.0,2.8995965459017876,0.9607843137254902,6.343847409922766,0.1361684065832894,47.27834437446891,100.0,0.61,2.2508180259952013,3.079357183433021,3.079357183433021,2.068565020317045,1.0881060077339135,1.0408193679932454,1.1252812779303212,0.7309376249382922,0.6521040578497259,0.8318662615403792,0.7309376249382922,0.6521040578497259,0.8318662615403792
demo,det_nonpar_dt2000ns_ap0.05_tau5000ns,0,high_flux,2.8995965459017876,15.0,1.0,2.8995965459017876,0.9607843137254902,6.343847409922766,0.1361684065832894,47.27834437446891,100.0,0.62,2.5362644776042536,3.079357183433021,3.079357183433021,2.328622564454233,1.0891694155676475,1.0543714538068836,1.117826179027733,0.8236343907258915,0.7369275011246296,0.9196767010521532,0.8236343907258915,0.7369275011246296,0.9196767010521532
demo,det_nonpar_dt2000ns_ap0.05_tau5000ns,0,high_flux,2.8995965459017876,15.0,1.0,2.8995965459017876,0.9607843137254902,6.343847409922766,0.1361684065832894,47.27834437446891,100.0,0.63,2.834385552483426,3.079357183433021,3.079357183433021,3.079357183433021,0.9204471529748008,1.0694351630246548,1.1107622050345103,0.9204471529748008,0.8241212600907052,1.0228507040493071,0.9204471529748008,0.8241212600907052,1.0228507040493071
demo,det_nonpar_dt2000ns_ap0.05_tau5000ns,0,high_flux,2.8995965459017876,15.0,1.0,2.8995965459017876,0.9607843137254902,6.343847409922766,0.1361684065832894,47.27834437446891,100.0,0.64,3.114522365116276,3.079357183433021,3.079357183433021,3.079357183433021,1.011419650137517,1.0692046015142156,1.127449646672939,1.011419650137517,0.912817622804209,1.135958682026781,1.011419650137517,0.912817622804209,1.135958682026781
demo,det_nonpar_dt2000ns_ap0.05_tau5000ns,0,high_flux,2.8995965459017876,15.0,1.0,2.8995965459017876,0.9607843137254902,6.343847409922766,0.1361684065832894,47.27834437446891,100.0,0.65,3.5082091076169544,3.4219864796727766,3.4219864796727766,3.4025087092850104,1.0310654306463642,1.083062483672525,1.1466888420682968,1.0251966594422146,1.0039509141271028,1.1593093015566944,1.0251966594422146,1.0039509141271028,1.1593093015566944
demo,det_nonpar_dt2000ns_ap0.05_tau5000ns,0,high_flux,2.8995965459017876,15.0,1.0,2.8995965459017876,0.9607843137254902,6.343847409922766,0.1361684065832894,47.27834437446891,100.0,0.66,3.876397778923752,3.6586520617515434,3.6586520617515434,3.532585632051516,1.0973259200719134,1.0996377445131276,1.1443654435694786,1.0595152841803614,1.0933121076935302,1.172813269157715,1.0595152841803614,1.0933121076935302,1.172813269157715
demo,det_nonpar_dt2000ns_ap0.05_tau5000ns,0,high_flux,2.8995965459017876,15.0,1.0,2.8995965459017876,0.9607843137254902,6.343847409922766,0.1361684065832894,47.27834437446891,100.0,0.67,4.238692524936137,3.9116855044496894,3.9116855044496894,3.7440627755697338,1.1321104316396338,1.1129386691599055,1.1461430649888869,1.0835974722698092,1.098718280466644,1.1719107661347448,1.0835974722698092,1.098718280466644,1.1719107661347448
demo,det_nonpar_dt2000ns_ap0.05_tau5000ns,0,high_flux,2.8995965459017876,15.0,1.0,2.8995965459017876,0.9607843137254902,6.343847409922766,0.1361684065832894,47.27834437446891,100.0,0.68,4.52877483116029,4.182218813777139,4.182218813777139,3.9998023776173186,1.132249647258343,1.121903057889045,1.1564896772448978,1.0828641524545584,1.0910755710047035,1.1639505820121412,1.0828641524545584,1.0910755710047035,1.1639505820121412
demo,det_nonpar_dt2000ns_ap0.05_tau5000ns,0,high_flux,2.8995965459017876,15.0,1.0,2.8995965459017876,0.9607843137254902,6.343847409922766,0.1361684065832894,47.27834437446891,100.0,0.69,4.993009821369346,4.4714622856093165,4.4714622856093165,4.332586896989291,1.1524315472677493,1.1282040472588333,1.1699451375868961,1.116639144522933,1.0980384691403904,1.1639768654711415,1.116639144522933,1.0980384691403904,1.1639768654711415
demo,det_nonpar_dt2000ns_ap0.05_tau5000ns,0,high_flux,2.8995965459017876,15.0,1.0,2.8995965459017876,0.9607843137254902,6.343847409922766,0.1361684065832894,47.27834437446891,100.0,0.7,5.462964280584964,4.7807099202370775,4.7807099202370775,4.7807099202370775,1.1427098426239701,1.1204834483370598,1.16842078723268,1.1427098426239701,1.1103290085983266,1.1574343611161242,1.1427098426239701,1.1103290085983266,1.1574343611161242
demo,det_nonpar_dt2000ns_ap0.05_tau5000ns,0,high_flux,2.8995965459017876,15.0,1.0,2.8995965459017876,0.9607843137254902,6.343847409922766,0.1361684065832894,47.27834437446891,100.0,0.71,5.86523623443258,5.770594165350044,5.770594165350044,5.753501074825226,1.0194203769416605,1.1037286235056947,1.1647746419644134,1.0164007494498264,1.1020856964116976,1.160187507067307,1.0164007494498264,1.1020856964116976,1.160187507067307
demo,det_nonpar_dt2000ns_ap0.05_tau5000ns,0,high_flux,2.8995965459017876,15.0,1.0,2.8995965459017876,0.9607843137254902,6.343847409922766,0.1361684065832894,47.27834437446891,100.0,0.72,6.259680691840983,6.075953333469528,6.075953333469528,6.040011452922613,1.0363690103289585,1.091321194597853,1.1927559900129707,1.0302384413256418,1.0909947351309255,1.205151222669701,1.0302384413256418,1.0909947351309255,1.205151222669701
demo,det_nonpar_dt2000ns_ap0.05_tau5000ns,0,high_flux,2.8995965459017876,15.0,1.0,2.8995965459017876,0.9607843137254902,6.343847409922766,0.1361684065832894,47.27834437446891,100.0,0.73,6.95092598485726,6.397471014713103,6.397471014713103,6.340789351906837,1.0962240817488977,1.1004842129280021,1.216954226150832,1.086511524455727,1.1007459745181039,1.2291006397082334,1.086511524455727,1.1007459745181039,1.2291006397082334
demo,det_nonpar_dt2000ns_ap0.05_tau5000ns,0,high_flux,2.8995965459017876,15.0,1.0,2.8995965459017876,0.9607843137254902,6.343847409922766,0.1361684065832894,47.27834437446891,100.0,0.74,7.798725329206412,6.736002259701946,6.736002259701946,6.656545259661821,1.1715875164953986,1.1481529375348678,1.2259531775099763,1.1577676236633996,1.1424584262034336,1.2347928906486862,1.1577676236633996,1.1424584262034336,1.2347928906486862
demo,det_nonpar_dt2000ns_ap0.05_tau5000ns,0,high_flux,2.8995965459017876,15.0,1.0,2.8995965459017876,0.9607843137254902,6.343847409922766,0.1361684065832894,47.27834437446891,100.0,0.75,8.456029468499688,7.092447365272593,7.092447365272593,7.2985598808390435,1.1585887636134022,1.1885292334808337,1.2337496392107827,1.192258332420446,1.1840886399677686,1.2409321197118002,1.192258332420446,1.1840886399677686,1.2409321197118002
demo,det_nonpar_dt2000ns_ap0.05_tau5000ns,0,high_flux,2.8995965459017876,15.0,1.0,2.8995965459017876,0.9607843137254902,6.343847409922766,0.1361684065832894,47.27834437446891,100.0,0.76,9.345595315679759,9.092354090894741,9.092354090894741,8.306864848244807,1.1250448257448693,1.2026302348205595,1.2463213406727212,1.0278521076338876,1.1880725644036751,1.251085567118585,1.0278521076338876,1.1880725644036751,1.251085567118585
demo,det_nonpar_dt2000ns_ap0.05_tau5000ns,0,high_flux,2.8995965459017876,15.0,1.0,2.8995965459017876,0.9607843137254902,6.343847409922766,0.1361684065832894,47.27834437446891,100.0,0.77,10.178329973808726,9.558685350276168,9.558685350276168,8.366444420610403,1.2165657789747357,1.216117527681559,1.2589180966757578,1.0648252977083983,1.1689118182425775,1.2540555096433321,1.0648252977083983,1.1689118182425775,1.2540555096433321
demo,det_nonpar_dt2000ns_ap0.05_tau5000ns,0,high_flux,2.8995965459017876,15.0,1.0,2.8995965459017876,0.9607843137254902,6.343847409922766,0.1361684065832894,47.27834437446891,100.0,0.78,11.217280930652583,10.048933940780245,10.048933940780245,10.952917128042404,1.0241363829854364,1.2075243246992324,1.2816453041895866,1.1162657647823708,1.170517691461606,1.2697693069081653,1.1162657647823708,1.170517691461606,1.2697693069081653
demo,det_nonpar_dt2000ns_ap0.05_tau5000ns,0,high_flux,2.8995965459017876,15.0,1.0,2.8995965459017876,0.9607843137254902,6.343847409922766,0.1361684065832894,47.27834437446891,100.0,0.79,12.567038121962208,10.564326541332136,10.564326541332136,10.952917128042404,1.1473690501854725,1.1940047377381238,1.3327684679323526,1.1895730478222737,1.1697984813819928,1.3150283930018092,1.1895730478222737,1.026389441614714,1.3094312515615532
demo,det_nonpar_dt2000ns_ap0.05_tau5000ns,0,high_flux,2.8995965459017876,15.0,1.0,2.8995965459017876,0.9607843137254902,6.343847409922766,0.1361684065832894,47.27834437446891,100.0,0.8,15.549418447641063,15.084861627974572,15.631483267969429,11.711002898905326,1.32776147199951,1.1645455133371465,1.386672582809382,1.0307962267817545,1.0645310397167504,1.4353627513752274,0.9947500298646306,0.6275816289141519,1.3366692369891793
demo,det_nonpar_dt2000ns_ap0.05_tau5000ns,0,high_flux,2.8995965459017876,15.0,1.0,2.8995965459017876,0.9607843137254902,6.343847409922766,0.1361684065832894,47.27834437446891,100.0,0.81,nan,nan,nan,nan,nan,1.1108743265873642,1.4027198163384442,nan,1.0381888480067334,1.45804008534092,nan,0.631010470858542,1.323309631083627
demo,det_nonpar_dt2000ns_ap0.05_tau5000ns,0,high_flux,2.8995965459017876,15.0,1.0,2.8995965459017876,0.9607843137254902,6.343847409922766,0.1361684065832894,47.27834437446891,100.0,0.82,nan,nan,nan,nan,nan,nan,nan,nan,nan,nan,nan,nan,nan
demo,det_nonpar_dt2000ns_ap0.05_tau5000ns,0,high_flux,2.8995965459017876,15.0,1.0,2.8995965459017876,0.9607843137254902,6.343847409922766,0.1361684065832894,47.27834437446891,100.0,0.83,nan,nan,nan,nan,nan,nan,nan,nan,nan,nan,nan,nan,nan
demo,det_nonpar_dt2000ns_ap0.05_tau5000ns,0,high_flux,2.8995965459017876,15.0,1.0,2.8995965459017876,0.9607843137254902,6.343847409922766,0.1361684065832894,47.27834437446891,100.0,0.84,nan,nan,nan,nan,nan,nan,nan,nan,nan,nan,nan,nan,nan
demo,det_nonpar_dt2000ns_ap0.05_tau5000ns,0,high_flux,2.8995965459017876,15.0,1.0,2.8995965459017876,0.9607843137254902,6.343847409922766,0.1361684065832894,47.27834437446891,100.0,0.85,nan,nan,nan,nan,nan,nan,nan,nan,nan,nan,nan,nan,nan
demo,det_nonpar_dt2000ns_ap0.05_tau5000ns,0,high_flux,2.8995965459017876,15.0,1.0,2.8995965459017876,0.9607843137254902,6.343847409922766,0.1361684065832894,47.27834437446891,100.0,0.86,nan,nan,nan,nan,nan,nan,nan,nan,nan,nan,nan,nan,nan
demo,det_nonpar_dt2000ns_ap0.05_tau5000ns,0,high_flux,2.8995965459017876,15.0,1.0,2.8995965459017876,0.9607843137254902,6.343847409922766,0.1361684065832894,47.27834437446891,100.0,0.87,nan,nan,nan,nan,nan,nan,nan,nan,nan,nan,nan,nan,nan
demo,det_nonpar_dt2000ns_ap0.05_tau5000ns,0,high_flux,2.8995965459017876,15.0,1.0,2.8995965459017876,0.9607843137254902,6.343847409922766,0.1361684065832894,47.27834437446891,100.0,0.88,nan,nan,nan,nan,nan,nan,nan,nan,nan,nan,nan,nan,nan
demo,det_nonpar_dt2000ns_ap0.05_tau5000ns,0,high_flux,2.8995965459017876,15.0,1.0,2.8995965459017876,0.9607843137254902,6.343847409922766,0.1361684065832894,47.27834437446891,100.0,0.89,nan,nan,nan,nan,nan,nan,nan,nan,nan,nan,nan,nan,nan
demo,det_nonpar_dt2000ns_ap0.05_tau5000ns,0,high_flux,2.8995965459017876,15.0,1.0,2.8995965459017876,0.9607843137254902,6.343847409922766,0.1361684065832894,47.27834437446891,100.0,0.9,nan,nan,nan,nan,nan,nan,nan,nan,nan,nan,nan,nan,nan
demo,det_nonpar_dt2000ns_ap0.05_tau5000ns,0,high_flux,2.8995965459017876,15.0,1.0,2.8995965459017876,0.9607843137254902,6.343847409922766,0.1361684065832894,47.27834437446891,100.0,0.91,nan,nan,nan,nan,nan,nan,nan,nan,nan,nan,nan,nan,nan
demo,det_nonpar_dt2000ns_ap0.05_tau5000ns,0,high_flux,2.8995965459017876,15.0,1.0,2.8995965459017876,0.9607843137254902,6.343847409922766,0.1361684065832894,47.27834437446891,100.0,0.92,nan,nan,nan,nan,nan,nan,nan,nan,nan,nan,nan,nan,nan
demo,det_nonpar_dt2000ns_ap0.05_tau5000ns,0,high_flux,2.8995965459017876,15.0,1.0,2.8995965459017876,0.9607843137254902,6.343847409922766,0.1361684065832894,47.27834437446891,100.0,0.93,nan,nan,nan,nan,nan,nan,nan,nan,nan,nan,nan,nan,nan
demo,det_nonpar_dt2000ns_ap0.05_tau5000ns,0,high_flux,2.8995965459017876,15.0,1.0,2.8995965459017876,0.9607843137254902,6.343847409922766,0.1361684065832894,47.27834437446891,100.0,0.94,nan,nan,nan,nan,nan,nan,nan,nan,nan,nan,nan,nan,nan
demo,det_nonpar_dt2000ns_ap0.05_tau5000ns,0,high_flux,2.8995965459017876,15.0,1.0,2.8995965459017876,0.9607843137254902,6.343847409922766,0.1361684065832894,47.27834437446891,100.0,0.95,nan,nan,nan,nan,nan,nan,nan,nan,nan,nan,nan,nan,nan
demo,det_nonpar_dt2000ns_ap0.05_tau5000ns,0,high_flux,2.8995965459017876,15.0,1.0,2.8995965459017876,0.9607843137254902,6.343847409922766,0.1361684065832894,47.27834437446891,100.0,0.96,nan,nan,nan,nan,nan,nan,nan,nan,nan,nan,nan,nan,nan
demo,det_nonpar_dt2000ns_ap0.05_tau5000ns,0,high_flux,2.8995965459017876,15.0,1.0,2.8995965459017876,0.9607843137254902,6.343847409922766,0.1361684065832894,47.27834437446891,100.0,0.97,nan,nan,nan,nan,nan,nan,nan,nan,nan,nan,nan,nan,nan
demo,det_nonpar_dt2000ns_ap0.05_tau5000ns,0,high_flux,2.8995965459017876,15.0,1.0,2.8995965459017876,0.9607843137254902,6.343847409922766,0.1361684065832894,47.27834437446891,100.0,0.98,nan,nan,nan,nan,nan,nan,nan,nan,nan,nan,nan,nan,nan
demo,det_nonpar_dt2000ns_ap0.05_tau5000ns,0,high_flux,2.8995965459017876,15.0,1.0,2.8995965459017876,0.9607843137254902,6.343847409922766,0.1361684065832894,47.27834437446891,100.0,0.99,nan,nan,nan,nan,nan,nan,nan,nan,nan,nan,nan,nan,nan
demo,det_nonpar_dt2000ns_ap0.05_tau5000ns,1,moderate,10.401528157851567,5.437,1.0,10.401528157851567,0.9607843137254903,7.47457627118644,0.11800000000000001,9.419999999999998,250.0,0.55,1.3265893244534332,4.22054412923238,4.22054412923238,1.2835747348721862,1.0335115583164936,1.0174536725135102,1.1216217615233388,0.3143171315909708,0.27661887251948936,0.3558344304732487,0.3143171315909708,0.27661887251948936,0.3558344304732487
demo,det_nonpar_dt2000ns_ap0.05_tau5000ns,1,moderate,10.401528157851567,5.437,1.0,10.401528157851567,0.9607843137254903,7.47457627118644,0.11800000000000001,9.419999999999998,250.0,0.56,1.6021395861352672,4.22054412923238,4.22054412923238,1.5019120198168354,1.0667333139331656,1.0335898451946914,1.1131899659095246,0.3796049838783843,0.339273046614948,0.4310481082137108,0.3796049838783843,0.339273046614948,0.4310481082137108
demo,det_nonpar_dt2000ns_ap0.05_tau5000ns,1,moderate,10.401528157851567,5.437,1.0,10.401528157851567,0.9607843137254903,7.47457627118644,0.11800000000000001,9.419999999999998,250.0,0.57,1.8790817536563154,4.22054412923238,4.22054412923238,1.7573886848862763,1.0692465302733607,1.0322190568314233,1.1034536214125248,0.44522262914902333,0.39721827783502334,0.49212288782087293,0.44522262914902333,0.39721827783502334,0.49212288782087293
demo,det_nonpar_dt2000ns_ap0.05_tau5000ns,1,moderate,10.401528157851567,5.437,1.0,10.401528157851567,0.9607843137254903,7.47457627118644,0.11800000000000001,9.419999999999998,250.0,0.58,2.168700240616427,4.22054412923238,4.22054412923238,2.0214472496863114,1.0728453294801368,1.043207276936695,1.093704658532068,0.5138437543148883,0.45845829201096416,0.5571373918001726,0.5138437543148883,0.45845829201096416,0.5571373918001726
demo,det_nonpar_dt2000ns_ap0.05_tau5000ns,1,moderate,10.401528157851567,5.437,1.0,10.401528157851567,0.9607843137254903,7.47457627118644,0.11800000000000001,9.419999999999998,250.0,0.59,2.405760418240663,4.22054412923238,4.22054412923238,2.2469815573447596,1.0706631794003378,1.0411958096967575,1.1060052792030695,0.5700119095018716,0.5260566921302334,0.6240737416910105,0.5700119095018716,0.5260566921302334,0.6240737416910105
demo,det_nonpar_dt2000ns_ap0.05_tau5000ns,1,moderate,10.401528157851567,5.437,1.0,10.401528157851567,0.9607843137254903,7.47457627118644,0.11800000000000001,9.419999999999998,250.0,0.6,2.683705666966392,4.22054412923238,4.22054412923238,2.497678888148565,1.0744798619632494,1.0377482651513388,1.1121744967602145,0.6358672210956118,0.5827400426531741,0.6957710084213193,0.6358672210956118,0.5827400426531741,0.6957710084213193
demo,det_nonpar_dt2000ns_ap0.05_tau5000ns,1,moderate,10.401528157851567,5.437,1.0,10.401528157851567,0.9607843137254903,7.47457627118644,0.11800000000000001,9.419999999999998,250.0,0.61,2.9769250244601535,4.22054412923238,4.22054412923238,2.7763466984904492,1.0722454173604334,1.037630989000541,1.105992309433709,0.7053415231086775,0.6505388098536402,0.7706270600135973,0.7053415231086775,0.6505388098536402,0.7706270600135973
demo,det_nonpar_dt2000ns_ap0.05_tau5000ns,1,moderate,10.401528157851567,5.437,1.0,10.401528157851567,0.9607843137254903,7.47457627118644,0.11800000000000001,9.419999999999998,250.0,0.62,3.3174026750022234,4.22054412923238,4.22054412923238,3.08610567467003,1.074947854906791,1.0510170642970356,1.1126695338435157,0.7860130289896016,0.7196963145367614,0.8754143271669272,0.7860130289896016,0.7196963145367614,0.8754143271669272
demo,det_nonpar_dt2000ns_ap0.05_tau5000ns,1,moderate,10.401528157851567,5.437,1.0,10.401528157851567,0.9607843137254903,7.47457627118644,0.11800000000000001,9.419999999999998,250.0,0.63,3.7570431340310733,4.22054412923238,4.22054412923238,4.22054412923238,0.8901798012272871,1.0790996909607076,1.1417530223568366,0.8901798012272871,0.8013342316625608,0.9656256406902686,0.8901798012272871,0.8013342316625608,0.9656256406902686
demo,det_nonpar_dt2000ns_ap0.05_tau5000ns,1,moderate,10.401528157851567,5.437,1.0,10.401528157851567,0.9607843137254903,7.47457627118644,0.11800000000000001,9.419999999999998,250.0,0.64,4.112800837644504,4.22054412923238,4.22054412923238,4.22054412923238,0.9744717059486185,1.0870963709450083,1.1431209935047917,0.9744717059486185,0.9017999121434023,1.0479919729587777,0.9744717059486185,0.9017999121434023,1.0479919729587777
demo,det_nonpar_dt2000ns_ap0.05_tau5000ns,1,moderate,10.401528157851567,5.437,1.0,10.401528157851567,0.9607843137254903,7.47457627118644,0.11800000000000001,9.419999999999998,250.0,0.65,4.443372032331301,4.22054412923238,4.22054412923238,4.22054412923238,1.0527960130911955,1.0828005900395152,1.1315930045529432,1.0527960130911955,0.986431626179664,1.0977453846487455,1.0527960130911955,0.986431626179664,1.0977453846487455
demo,det_nonpar_dt2000ns_ap0.05_tau5000ns,1,moderate,10.401528157851567,5.437,1.0,10.401528157851567,0.9607843137254903,7.47457627118644,0.11800000000000001,9.419999999999998,250.0,0.66,4.754304798749951,4.733107593552282,4.733107593552282,4.633156917471534,1.0261480203317896,1.0756642259295857,1.1149628950810964,1.0044784963744633,1.0585998705198403,1.1195474130341752,1.0044784963744633,1.0585998705198403,1.1195474130341752
demo,det_nonpar_dt2000ns_ap0.05_tau5000ns,1,moderate,10.401528157851567,5.437,1.0,10.401528157851567,0.9607843137254903,7.47457627118644,0.11800000000000001,9.419999999999998,250.0,0.67,5.115868412362111,4.977120758907223,4.977120758907223,4.802734604890152,1.0651990653726995,1.0801591276443003,1.115795405462016,1.027877092032895,1.0819478897815504,1.1569730010196806,1.027877092032895,1.0819478897815504,1.1569730010196806
demo,det_nonpar_dt2000ns_ap0.05_tau5000ns,1,moderate,10.401528157851567,5.437,1.0,10.401528157851567,0.9607843137254903,7.47457627118644,0.11800000000000001,9.419999999999998,250.0,0.68,5.613604511735873,5.233713909755763,5.233713909755763,5.02408829454971,1.1173379492206952,1.0938836355443458,1.1397665840840017,1.0725852823693678,1.100113069498647,1.1923213704094513,1.0725852823693678,1.100113069498647,1.1923213704094513
demo,det_nonpar_dt2000ns_ap0.05_tau5000ns,1,moderate,10.401528157851567,5.437,1.0,10.401528157851567,0.9607843137254903,7.47457627118644,0.11800000000000001,9.419999999999998,250.0,0.69,6.108622226961708,5.503535601411664,5.503535601411664,5.381636817683374,1.1350863006752059,1.1168009174641615,1.1505147988890134,1.109945073380617,1.1320362853832078,1.211305490365536,1.109945073380617,1.1320362853832078,1.211305490365536
demo,det_nonpar_dt2000ns_ap0.05_tau5000ns,1,moderate,10.401528157851567,5.437,1.0,10.401528157851567,0.9607843137254903,7.47457627118644,0.11800000000000001,9.419999999999998,250.0,0.7,6.553392079612087,5.787267825156903,5.787267825156903,7.026977952352646,0.9326046166713813,1.1281798646194898,1.1597681721866944,1.1323809917911332,1.1415192911481211,1.2096545281581614,1.1323809917911332,1.1415192911481211,1.2096545281581614
demo,det_nonpar_dt2000ns_ap0.05_tau5000ns,1,moderate,10.401528157851567,5.437,1.0,10.401528157851567,0.9607843137254903,7.47457627118644,0.11800000000000001,9.419999999999998,250.0,0.71,6.909419463507193,6.085627732017476,6.085627732017476,7.026977952352646,0.9832704059066965,1.1277206185747184,1.1685015471820628,1.1353667637531648,1.1424541157637729,1.2033806646960055,1.1353667637531648,1.1424541157637729,1.2033806646960055
demo,det_nonpar_dt2000ns_ap0.05_tau5000ns,1,moderate,10.401528157851567,5.437,1.0,10.401528157851567,0.9607843137254903,7.47457627118644,0.11800000000000001,9.419999999999998,250.0,0.72,7.3095349782602685,6.399369445407702,6.399369445407702,7.026977952352646,1.0402103191191914,1.1264215314334765,1.1718305905318898,1.1422273773403906,1.1399413416275797,1.1926675980286667,1.1422273773403906,1.1399413416275797,1.1926675980286667
demo,det_nonpar_dt2000ns_ap0.05_tau5000ns,1,moderate,10.401528157851567,5.437,1.0,10.401528157851567,0.9607843137254903,7.47457627118644,0.11800000000000001,9.419999999999998,250.0,0.73,7.785446117174898,6.729285967224538,6.729285967224538,7.026977952352646,1.1079366080219897,1.1368854124354493,1.1807080872213798,1.1569498093994612,1.1454952338706925,1.1916217631549741,1.1569498093994612,1.1454952338706925,1.1916217631549741
demo,det_nonpar_dt2000ns_ap0.05_tau5000ns,1,moderate,10.401528157851567,5.437,1.0,10.401528157851567,0.9607843137254903,7.47457627118644,0.11800000000000001,9.419999999999998,250.0,0.74,8.331178219941135,8.22699754514572,8.22699754514572,7.400349057132496,1.125781791591506,1.1539117742414176,1.1893889170681526,1.0126632680055783,1.1583957742089193,1.1954622382922684,1.0126632680055783,1.1583957742089193,1.1954622382922684
demo,det_nonpar_dt2000ns_ap0.05_tau5000ns,1,moderate,10.401528157851567,5.437,1.0,10.401528157851567,0.9607843137254903,7.47457627118644,0.11800000000000001,9.419999999999998,250.0,0.75,8.872126171937488,8.54654346041228,8.54654346041228,7.635540965366251,1.1619512241739276,1.160239706598714,1.193324430832573,1.0380952502065088,1.1642226353491134,1.2102436920967359,1.0380952502065088,1.1642226353491134,1.2102436920967359
demo,det_nonpar_dt2000ns_ap0.05_tau5000ns,1,moderate,10.401528157851567,5.437,1.0,10.401528157851567,0.9607843137254903,7.47457627118644,0.11800000000000001,9.419999999999998,250.0,0.76,9.407295089152857,8.87850090143939,8.87850090143939,8.224349574617058,1.143834537163491,1.1688227859170703,1.2016791230528936,1.059558949600122,1.1615801314371819,1.2214425791153365,1.059558949600122,1.1615801314371819,1.2214425791153365
demo,det_nonpar_dt2000ns_ap0.05_tau5000ns,1,moderate,10.401528157851567,5.437,1.0,10.401528157851567,0.9607843137254903,7.47457627118644,0.11800000000000001,9.419999999999998,250.0,0.77,10.019787748850012,9.223351945964064,9.223351945964064,8.357447154170469,1.198905307328209,1.1816565197196915,1.2179961987211734,1.0863499308659095,1.1632098851803185,1.2380230765314075,1.0863499308659095,1.1632098851803185,1.2380230765314075
demo,det_nonpar_dt2000ns_ap0.05_tau5000ns,1,moderate,10.401528157851567,5.437,1.0,10.401528157851567,0.9607843137254903,7.47457627118644,0.11800000000000001,9.419999999999998,250.0,0.78,10.784944196081064,9.581597396169373,9.581597396169373,8.909572578421017,1.2104895157599587,1.1920107544675704,1.2390531772181885,1.1255893720177366,1.1745261191855936,1.2607905861344046,1.1255893720177366,1.1745261191855936,1.2607905861344046
demo,det_nonpar_dt2000ns_ap0.05_tau5000ns,1,moderate,10.401528157851567,5.437,1.0,10.401528157851567,0.9607843137254903,7.47457627118644,0.11800000000000001,9.419999999999998,250.0,0.79,11.539704995348922,9.953757505963159,9.953757505963159,9.375110211689256,1.230887395964771,1.2085422160688521,1.2477887259007008,1.159331537706805,1.1921186047794747,1.2625285069652619,1.159331537706805,1.1921186047794747,1.2625285069652619
demo,det_nonpar_dt2000ns_ap0.05_tau5000ns,1,moderate,10.401528157851567,5.437,1.0,10.401528157851567,0.9607843137254903,7.47457627118644,0.11800000000000001,9.419999999999998,250.0,0.8,12.127678200087933,10.340372736505088,10.340372736505088,9.864972837664098,1.2293676221575502,1.2109068740387374,1.2534609084379253,1.1728472956562812,1.1981846470359117,1.2584176259192401,1.1728472956562812,1.1981846470359117,1.2584176259192401
demo,det_nonpar_dt2000ns_ap0.05_tau5000ns,1,moderate,10.401528157851567,5.437,1.0,10.401528157851567,0.9607843137254903,7.47457627118644,0.11800000000000001,9.419999999999998,250.0,0.81,12.88061506461688,10.742004541079234,10.742004541079234,10.380431471249365,1.2408554596494628,1.2138435553806755,1.271538899918096,1.1990885886669698,1.2002804231391562,1.2597882495773967,1.1990885886669698,1.2002804231391562,1.2597882495773967
demo,det_nonpar_dt2000ns_ap0.05_tau5000ns,1,moderate,10.401528157851567,5.437,1.0,10.401528157851567,0.9607843137254903,7.47457627118644,0.11800000000000001,9.419999999999998,250.0,0.82,13.824287728862473,11.159236180451977,11.159236180451977,10.922823539655969,1.2656331651493373,1.239421828891968,1.280903480464078,1.2388202476688288,1.218636092095142,1.2730644318563362,1.2388202476688288,1.218636092095142,1.2730644318563362
demo,det_nonpar_dt2000ns_ap0.05_tau5000ns,1,moderate,10.401528157851567,5.437,1.0,10.401528157851567,0.9607843137254903,7.47457627118644,0.11800000000000001,9.419999999999998,250.0,0.83,14.990116233944676,14.750822750877754,14.750822750877754,11.858212252001824,1.264112660103056,1.2589272342846538,1.2959622151537045,1.0162223821076477,1.2392127383985723,1.2881102358150325,1.0162223821076477,1.2392127383985723,1.2881102358150325
demo,det_nonpar_dt2000ns_ap0.05_tau5000ns,1,moderate,10.401528157851567,5.437,1.0,10.401528157851567,0.9607843137254903,7.47457627118644,0.11800000000000001,9.419999999999998,250.0,0.84,16.15025700099968,15.271762706340805,15.271762706340805,12.828248986577476,1.2589603630158805,1.266268046950161,1.3102304178074593,1.057524092768553,1.2275810418462565,1.3055995787121224,1.057524092768553,1.2275810418462565,1.3055995787121224
demo,det_nonpar_dt2000ns_ap0.05_tau5000ns,1,moderate,10.401528157851567,5.437,1.0,10.401528157851567,0.9607843137254903,7.47457627118644,0.11800000000000001,9.419999999999998,250.0,0.85,17.301383299505293,15.811100173710884,15.811100173710884,14.069359633242833,1.2297207371560743,1.2730372956877796,1.3587245723293755,1.0942554983158164,1.217995329505563,1.331743045788767,1.0942554983158164,1.217995329505563,1.331743045788767
demo,det_nonpar_dt2000ns_ap0.05_tau5000ns,1,moderate,10.401528157851567,5.437,1.0,10.401528157851567,0.9607843137254903,7.47457627118644,0.11800000000000001,9.419999999999998,250.0,0.86,19.216921665535033,16.369484879392786,16.369484879392786,14.209211186433084,1.352427056885698,1.2873251768799583,1.384510670774549,1.1739478552392828,1.222329833386221,1.356341083712175,1.1739478552392828,1.222329833386221,1.356341083712175
demo,det_nonpar_dt2000ns_ap0.05_tau5000ns,1,moderate,10.401528157851567,5.437,1.0,10.401528157851567,0.9607843137254903,7.47457627118644,0.11800000000000001,9.419999999999998,250.0,0.87,21.01268224109525,16.947589495524547,16.947589495524547,15.235415573115743,1.3791998085154966,1.308541356902993,1.4016434592878935,1.2398625920603161,1.2687914280637156,1.3979198294595325,1.2398625920603161,1.2687914280637156,1.3979198294595325
demo,det_nonpar_dt2000ns_ap0.05_tau5000ns,1,moderate,10.401528157851567,5.437,1.0,10.401528157851567,0.9607843137254903,7.47457627118644,0.11800000000000001,9.419999999999998,250.0,0.88,23.726836377529054,17.546110450328857,17.546110450328857,17.608406124265297,1.3474721226944126,1.3053950137536001,1.4411951065101756,1.352256184907599,1.2963403767568773,1.4318577986987175,1.352256184907599,1.2780428339189494,1.4258174183769012
demo,det_nonpar_dt2000ns_ap0.05_tau5000ns,1,moderate,10.401528157851567,5.437,1.0,10.401528157851567,0.9607843137254903,7.47457627118644,0.11800000000000001,9.419999999999998,250.0,0.89,28.626540502801692,26.314806597286534,26.57070117520233,20.333753252917734,1.4078335734055398,0.938737944900439,1.5757678719771009,1.0878491695148362,1.2318225937086364,1.5141181098359,1.0773724153549256,0.962327747626869,1.449576021277826
demo,det_nonpar_dt2000ns_ap0.05_tau5000ns,1,moderate,10.401528157851567,5.437,1.0,10.401528157851567,0.9607843137254903,7.47457627118644,0.11800000000000001,9.419999999999998,250.0,0.9,36.89743002897729,nan,48.57574101402564,26.367501409431316,1.3993525384160803,0.8338949103108044,1.626143302537851,nan,1.2336047169529403,1.5489235888134907,0.7595855309407141,0.7649048027732968,1.3486616594304113
demo,det_nonpar_dt2000ns_ap0.05_tau5000ns,1,moderate,10.401528157851567,5.437,1.0,10.401528157851567,0.9607843137254903,7.47457627118644,0.11800000000000001,9.419999999999998,250.0,0.91,nan,nan,nan,nan,nan,nan,nan,nan,nan,nan,nan,nan,nan
demo,det_nonpar_dt2000ns_ap0.05_tau5000ns,1,moderate,10.401528157851567,5.437,1.0,10.401528157851567,0.9607843137254903,7.47457627118644,0.11800000000000001,9.419999999999998,250.0,0.92,nan,nan,nan,nan,nan,nan,nan,nan,nan,nan,nan,nan,nan
demo,det_nonpar_dt2000ns_ap0.05_tau5000ns,1,moderate,10.401528157851567,5.437,1.0,10.401528157851567,0.9607843137254903,7.47457627118644,0.11800000000000001,9.419999999999998,250.0,0.93,nan,nan,nan,nan,nan,nan,nan,nan,nan,nan,nan,nan,nan
demo,det_nonpar_dt2000ns_ap0.05_tau5000ns,1,moderate,10.401528157851567,5.437,1.0,10.401528157851567,0.9607843137254903,7.47457627118644,0.11800000000000001,9.419999999999998,250.0,0.94,nan,nan,nan,nan,nan,nan,nan,nan,nan,nan,nan,nan,nan
demo,det_nonpar_dt2000ns_ap0.05_tau5000ns,1,moderate,10.401528157851567,5.437,1.0,10.401528157851567,0.9607843137254903,7.47457627118644,0.11800000000000001,9.419999999999998,250.0,0.95,nan,nan,nan,nan,nan,nan,nan,nan,nan,nan,nan,nan,nan
demo,det_nonpar_dt2000ns_ap0.05_tau5000ns,1,moderate,10.401528157851567,5.437,1.0,10.401528157851567,0.9607843137254903,7.47457627118644,0.11800000000000001,9.419999999999998,250.0,0.96,nan,nan,nan,nan,nan,nan,nan,nan,nan,nan,nan,nan,nan
demo,det_nonpar_dt2000ns_ap0.05_tau5000ns,1,moderate,10.401528157851567,5.437,1.0,10.401528157851567,0.9607843137254903,7.47457627118644,0.11800000000000001,9.419999999999998,250.0,0.97,nan,nan,nan,nan,nan,nan,nan,nan,nan,nan,nan,nan,nan
demo,det_nonpar_dt2000ns_ap0.05_tau5000ns,1,moderate,10.401528157851567,5.437,1.0,10.401528157851567,0.9607843137254903,7.47457627118644,0.11800000000000001,9.419999999999998,250.0,0.98,nan,nan,nan,nan,nan,nan,nan,nan,nan,nan,nan,nan,nan
demo,det_nonpar_dt2000ns_ap0.05_tau5000ns,1,moderate,10.401528157851567,5.437,1.0,10.401528157851567,0.9607843137254903,7.47457627118644,0.11800000000000001,9.419999999999998,250.0,0.99,nan,nan,nan,nan,nan,nan,nan,nan,nan,nan,nan,nan,nan
demo,det_nonpar_dt2000ns_ap0.05_tau5000ns,2,sparse,1.0401528157851567,5.437,0.1,1.0401528157851567,0.9607843137254903,7.47457627118644,0.11800000000000001,9.419999999999998,800.0,0.55,12.560858598560674,42.32514848571064,42.32514848571064,12.112549786931526,1.037011927258523,1.0073578678964414,1.1485220214675202,0.29677057371225374,0.27375629514330163,0.35525448849347635,0.29677057371225374,0.27375629514330163,0.35525448849347635
demo,det_nonpar_dt2000ns_ap0.05_tau5000ns,2,sparse,1.0401528157851567,5.437,0.1,1.0401528157851567,0.9607843137254903,7.47457627118644,0.11800000000000001,9.419999999999998,800.0,0.56,15.606522656217004,42.32514848571064,42.32514848571064,14.49819689415762,1.0764457656459343,1.012534608853276,1.1334240915090659,0.3687293066788864,0.31048131700978426,0.42322684431439206,0.3687293066788864,0.31048131700978426,0.42322684431439206
demo,det_nonpar_dt2000ns_ap0.05_tau5000ns,2,sparse,1.0401528157851567,5.437,0.1,1.0401528157851567,0.9607843137254903,7.47457627118644,0.11800000000000001,9.419999999999998,800.0,0.57,18.452826837404817,42.32514848571064,42.32514848571064,17.353713039722464,1.0633359440234198,1.0266886162200772,1.1111768522062127,0.4359778405416501,0.3792900103047813,0.5044370799382308,0.4359778405416501,0.3792900103047813,0.5044370799382308
demo,det_nonpar_dt2000ns_ap0.05_tau5000ns,2,sparse,1.0401528157851567,5.437,0.1,1.0401528157851567,0.9607843137254903,7.47457627118644,0.11800000000000001,9.419999999999998,800.0,0.58,21.662147997089225,42.32514848571064,42.32514848571064,20.462985010394984,1.0586015669798456,1.0218728439103342,1.1183474975861176,0.511803236895969,0.44604744999745644,0.591249269232029,0.511803236895969,0.44604744999745644,0.591249269232029
demo,det_nonpar_dt2000ns_ap0.05_tau5000ns,2,sparse,1.0401528157851567,5.437,0.1,1.0401528157851567,0.9607843137254903,7.47457627118644,0.11800000000000001,9.419999999999998,800.0,0.59,25.407514012279158,42.32514848571064,42.32514848571064,23.970922580054367,1.0599305857931454,1.0215759505152688,1.1291291650214972,0.6002935588248903,0.5219748435857253,0.7200006784174962,0.6002935588248903,0.5219748435857253,0.7200006784174962
demo,det_nonpar_dt2000ns_ap0.05_tau5000ns,2,sparse,1.0401528157851567,5.437,0.1,1.0401528157851567,0.9607843137254903,7.47457627118644,0.11800000000000001,9.419999999999998,800.0,0.6,30.943503025127587,42.32514848571064,42.32514848571064,28.08022041002652,1.101967953715872,1.0367144620551811,1.1363798856300724,0.7310902414335155,0.6149174811256621,0.8566710772490791,0.7310902414335155,0.6149174811256621,0.8566710772490791
demo,det_nonpar_dt2000ns_ap0.05_tau5000ns,2,sparse,1.0401528157851567,5.437,0.1,1.0401528157851567,0.9607843137254903,7.47457627118644,0.11800000000000001,9.419999999999998,800.0,0.61,35.736814198263836,42.32514848571064,42.32514848571064,42.32514848571064,0.8443399604452401,1.068991089596994,1.1312896577468547,0.8443399604452401,0.7434050126053349,0.9714639471882591,0.8443399604452401,0.7434050126053349,0.9714639471882591
demo,det_nonpar_dt2000ns_ap0.05_tau5000ns,2,sparse,1.0401528157851567,5.437,0.1,1.0401528157851567,0.9607843137254903,7.47457627118644,0.11800000000000001,9.419999999999998,800.0,0.62,39.97453132542947,42.32514848571064,42.32514848571064,42.32514848571064,0.9444628726801806,1.0681539309055974,1.1474337306538767,0.9444628726801806,0.863858539842491,1.0841473212540644,0.9444628726801806,0.863858539842491,1.0841473212540644
demo,det_nonpar_dt2000ns_ap0.05_tau5000ns,2,sparse,1.0401528157851567,5.437,0.1,1.0401528157851567,0.9607843137254903,7.47457627118644,0.11800000000000001,9.419999999999998,800.0,0.63,45.38438783869212,42.32514848571064,42.32514848571064,42.32514848571064,1.0722794712466113,1.0848825701702118,1.1382264654918106,1.0722794712466113,0.9548781585192442,1.106794203985393,1.0722794712466113,0.9548781585192442,1.106794203985393
demo,det_nonpar_dt2000ns_ap0.05_tau5000ns,2,sparse,1.0401528157851567,5.437,0.1,1.0401528157851567,0.9607843137254903,7.47457627118644,0.11800000000000001,9.419999999999998,800.0,0.64,49.65028182421393,49.071381166879235,49.071381166879235,46.81365274556972,1.0605940556286255,1.0903956866322224,1.141211949737819,1.0117971135836996,1.0536132468741362,1.153274889683174,1.0117971135836996,1.0536132468741362,1.153274889683174
demo,det_nonpar_dt2000ns_ap0.05_tau5000ns,2,sparse,1.0401528157851567,5.437,0.1,1.0401528157851567,0.9607843137254903,7.47457627118644,0.11800000000000001,9.419999999999998,800.0,0.65,57.68577265610547,53.3804926355007,53.3804926355007,50.570518243723896,1.1406996538593832,1.101949531014989,1.1632006618973687,1.080652684305531,1.0589927411987126,1.1785656188519027,1.080652684305531,1.0589927411987126,1.1785656188519027
demo,det_nonpar_dt2000ns_ap0.05_tau5000ns,2,sparse,1.0401528157851567,5.437,0.1,1.0401528157851567,0.9607843137254903,7.47457627118644,0.11800000000000001,9.419999999999998,800.0,0.66,65.88394205621053,58.06800066047461,58.06800066047461,61.419517942523285,1.0726873844543208,1.109159926924765,1.162561619847275,1.134599802074054,1.0931638849708065,1.187411890502916,1.134599802074054,1.0931638849708065,1.187411890502916
demo,det_nonpar_dt2000ns_ap0.05_tau5000ns,2,sparse,1.0401528157851567,5.437,0.1,1.0401528157851567,0.9607843137254903,7.47457627118644,0.11800000000000001,9.419999999999998,800.0,0.67,72.71582721199324,71.78179911494938,71.78179911494938,67.3650013754653,1.0794303529618385,1.0948930687751468,1.1558283030870926,1.0130120463482413,1.089426765680126,1.1772282968427032,1.0130120463482413,1.089426765680126,1.1772282968427032
demo,det_nonpar_dt2000ns_ap0.05_tau5000ns,2,sparse,1.0401528157851567,5.437,0.1,1.0401528157851567,0.9607843137254903,7.47457627118644,0.11800000000000001,9.419999999999998,800.0,0.68,83.48648076940405,78.9418515148042,78.9418515148042,88.43607628984833,0.944031941170456,1.0766873670181758,1.2072498864471386,1.0575693268829347,1.0725444968654465,1.2109972348123461,1.0575693268829347,1.0725444968654465,1.2109972348123461
demo,det_nonpar_dt2000ns_ap0.05_tau5000ns,2,sparse,1.0401528157851567,5.437,0.1,1.0401528157851567,0.9607843137254903,7.47457627118644,0.11800000000000001,9.419999999999998,800.0,0.69,102.79132123709437,86.81610098133557,86.81610098133557,88.43607628984833,1.162323404084515,1.0966183632580142,1.2500489119030709,1.1840121829382004,1.097343375479673,1.2440181333844011,1.1840121829382004,1.0930025796370226,1.2438818030574397
demo,det_nonpar_dt2000ns_ap0.05_tau5000ns,2,sparse,1.0401528157851567,5.437,0.1,1.0401528157851567,0.9607843137254903,7.47457627118644,0.11800000000000001,9.419999999999998,800.0,0.7,123.17926537640069,114.94018041253875,114.94018041253875,114.94018041253875,1.0716815036681737,1.0745871306219403,1.3063116982191254,1.0716815036681737,1.081700806462515,1.3093000188181685,1.0716815036681737,1.0742490557884639,1.3063174830414224
demo,det_nonpar_dt2000ns_ap0.05_tau5000ns,2,sparse,1.0401528157851567,5.437,0.1,1.0401528157851567,0.9607843137254903,7.47457627118644,0.11800000000000001,9.419999999999998,800.0,0.71,174.21415199461796,nan,176.63374377502905,161.46192804972628,1.0789797576365143,1.0831652431209722,1.3535540925026734,nan,1.0984546040548764,1.3591050789930696,0.9863016446988022,1.0228326818341709,1.3533485004104364
demo,det_nonpar_dt2000ns_ap0.05_tau5000ns,2,sparse,1.0401528157851567,5.437,0.1,1.0401528157851567,0.9607843137254903,7.47457627118644,0.11800000000000001,9.419999999999998,800.0,0.72,nan,nan,nan,nan,nan,1.06896144723341,1.3389095383076495,nan,nan,nan,nan,0.9890530126084489,1.3273847832163652
demo,det_nonpar_dt2000ns_ap0.05_tau5000ns,2,sparse,1.0401528157851567,5.437,0.1,1.0401528157851567,0.9607843137254903,7.47457627118644,0.11800000000000001,9.419999999999998,800.0,0.73,nan,nan,nan,nan,nan,nan,nan,nan,nan,nan,nan,nan,nan
demo,det_nonpar_dt2000ns_ap0.05_tau5000ns,2,sparse,1.0401528157851567,5.437,0.1,1.0401528157851567,0.9607843137254903,7.47457627118644,0.11800000000000001,9.419999999999998,800.0,0.74,nan,nan,nan,nan,nan,nan,nan,nan,nan,nan,nan,nan,nan
demo,det_nonpar_dt2000ns_ap0.05_tau5000ns,2,sparse,1.0401528157851567,5.437,0.1,1.0401528157851567,0.9607843137254903,7.47457627118644,0.11800000000000001,9.419999999999998,800.0,0.75,nan,nan,nan,nan,nan,nan,nan,nan,nan,nan,nan,nan,nan
demo,det_nonpar_dt2000ns_ap0.05_tau5000ns,2,sparse,1.0401528157851567,5.437,0.1,1.0401528157851567,0.9607843137254903,7.47457627118644,0.11800000000000001,9.419999999999998,800.0,0.76,nan,nan,nan,nan,nan,nan,nan,nan,nan,nan,nan,nan,nan
demo,det_nonpar_dt2000ns_ap0.05_tau5000ns,2,sparse,1.0401528157851567,5.437,0.1,1.0401528157851567,0.9607843137254903,7.47457627118644,0.11800000000000001,9.419999999999998,800.0,0.77,nan,nan,nan,nan,nan,nan,nan,nan,nan,nan,nan,nan,nan
demo,det_nonpar_dt2000ns_ap0.05_tau5000ns,2,sparse,1.0401528157851567,5.437,0.1,1.0401528157851567,0.9607843137254903,7.47457627118644,0.11800000000000001,9.419999999999998,800.0,0.78,nan,nan,nan,nan,nan,nan,nan,nan,nan,nan,nan,nan,nan
demo,det_nonpar_dt2000ns_ap0.05_tau5000ns,2,sparse,1.0401528157851567,5.437,0.1,1.0401528157851567,0.9607843137254903,7.47457627118644,0.11800000000000001,9.419999999999998,800.0,0.79,nan,nan,nan,nan,nan,nan,nan,nan,nan,nan,nan,nan,nan
demo,det_nonpar_dt2000ns_ap0.05_tau5000ns,2,sparse,1.0401528157851567,5.437,0.1,1.0401528157851567,0.9607843137254903,7.47457627118644,0.11800000000000001,9.419999999999998,800.0,0.8,nan,nan,nan,nan,nan,nan,nan,nan,nan,nan,nan,nan,nan
demo,det_nonpar_dt2000ns_ap0.05_tau5000ns,2,sparse,1.0401528157851567,5.437,0.1,1.0401528157851567,0.9607843137254903,7.47457627118644,0.11800000000000001,9.419999999999998,800.0,0.81,nan,nan,nan,nan,nan,nan,nan,nan,nan,nan,nan,nan,nan
demo,det_nonpar_dt2000ns_ap0.05_tau5000ns,2,sparse,1.0401528157851567,5.437,0.1,1.0401528157851567,0.9607843137254903,7.47457627118644,0.11800000000000001,9.419999999999998,800.0,0.82,nan,nan,nan,nan,nan,nan,nan,nan,nan,nan,nan,nan,nan
demo,det_nonpar_dt2000ns_ap0.05_tau5000ns,2,sparse,1.0401528157851567,5.437,0.1,1.0401528157851567,0.9607843137254903,7.47457627118644,0.11800000000000001,9.419999999999998,800.0,0.83,nan,nan,nan,nan,nan,nan,nan,nan,nan,nan,nan,nan,nan
demo,det_nonpar_dt2000ns_ap0.05_tau5000ns,2,sparse,1.0401528157851567,5.437,0.1,1.0401528157851567,0.9607843137254903,7.47457627118644,0.11800000000000001,9.419999999999998,800.0,0.84,nan,nan,nan,nan,nan,nan,nan,nan,nan,nan,nan,nan,nan
demo,det_nonpar_dt2000ns_ap0.05_tau5000ns,2,sparse,1.0401528157851567,5.437,0.1,1.0401528157851567,0.9607843137254903,7.47457627118644,0.11800000000000001,9.419999999999998,800.0,0.85,nan,nan,nan,nan,nan,nan,nan,nan,nan,nan,nan,nan,nan
demo,det_nonpar_dt2000ns_ap0.05_tau5000ns,2,sparse,1.0401528157851567,5.437,0.1,1.0401528157851567,0.9607843137254903,7.47457627118644,0.11800000000000001,9.419999999999998,800.0,0.86,nan,nan,nan,nan,nan,nan,nan,nan,nan,nan,nan,nan,nan
demo,det_nonpar_dt2000ns_ap0.05_tau5000ns,2,sparse,1.0401528157851567,5.437,0.1,1.0401528157851567,0.9607843137254903,7.47457627118644,0.11800000000000001,9.419999999999998,800.0,0.87,nan,nan,nan,nan,nan,nan,nan,nan,nan,nan,nan,nan,nan
demo,det_nonpar_dt2000ns_ap0.05_tau5000ns,2,sparse,1.0401528157851567,5.437,0.1,1.0401528157851567,0.9607843137254903,7.47457627118644,0.11800000000000001,9.419999999999998,800.0,0.88,nan,nan,nan,nan,nan,nan,nan,nan,nan,nan,nan,nan,nan
demo,det_nonpar_dt2000ns_ap0.05_tau5000ns,2,sparse,1.0401528157851567,5.437,0.1,1.0401528157851567,0.9607843137254903,7.47457627118644,0.11800000000000001,9.419999999999998,800.0,0.89,nan,nan,nan,nan,nan,nan,nan,nan,nan,nan,nan,nan,nan
demo,det_nonpar_dt2000ns_ap0.05_tau5000ns,2,sparse,1.0401528157851567,5.437,0.1,1.0401528157851567,0.9607843137254903,7.47457627118644,0.11800000000000001,9.419999999999998,800.0,0.9,nan,nan,nan,nan,nan,nan,nan,nan,nan,nan,nan,nan,nan
demo,det_nonpar_dt2000ns_ap0.05_tau5000ns,2,sparse,1.0401528157851567,5.437,0.1,1.0401528157851567,0.9607843137254903,7.47457627118644,0.11800000000000001,9.419999999999998,800.0,0.91,nan,nan,nan,nan,nan,nan,nan,nan,nan,nan,nan,nan,nan
demo,det_nonpar_dt2000ns_ap0.05_tau5000ns,2,sparse,1.0401528157851567,5.437,0.1,1.0401528157851567,0.9607843137254903,7.47457627118644,0.11800000000000001,9.419999999999998,800.0,0.92,nan,nan,nan,nan,nan,nan,nan,nan,nan,nan,nan,nan,nan
demo,det_nonpar_dt2000ns_ap0.05_tau5000ns,2,sparse,1.0401528157851567,5.437,0.1,1.0401528157851567,0.9607843137254903,7.47457627118644,0.11800000000000001,9.419999999999998,800.0,0.93,nan,nan,nan,nan,nan,nan,nan,nan,nan,nan,nan,nan,nan
demo,det_nonpar_dt2000ns_ap0.05_tau5000ns,2,sparse,1.0401528157851567,5.437,0.1,1.0401528157851567,0.9607843137254903,7.47457627118644,0.11800000000000001,9.419999999999998,800.0,0.94,nan,nan,nan,nan,nan,nan,nan,nan,nan,nan,nan,nan,nan
demo,det_nonpar_dt2000ns_ap0.05_tau5000ns,2,sparse,1.0401528157851567,5.437,0.1,1.0401528157851567,0.9607843137254903,7.47457627118644,0.11800000000000001,9.419999999999998,800.0,0.95,nan,nan,nan,nan,nan,nan,nan,nan,nan,nan,nan,nan,nan
demo,det_nonpar_dt2000ns_ap0.05_tau5000ns,2,sparse,1.0401528157851567,5.437,0.1,1.0401528157851567,0.9607843137254903,7.47457627118644,0.11800000000000001,9.419999999999998,800.0,0.96,nan,nan,nan,nan,nan,nan,nan,nan,nan,nan,nan,nan,nan
demo,det_nonpar_dt2000ns_ap0.05_tau5000ns,2,sparse,1.0401528157851567,5.437,0.1,1.0401528157851567,0.9607843137254903,7.47457627118644,0.11800000000000001,9.419999999999998,800.0,0.97,nan,nan,nan,nan,nan,nan,nan,nan,nan,nan,nan,nan,nan
demo,det_nonpar_dt2000ns_ap0.05_tau5000ns,2,sparse,1.0401528157851567,5.437,0.1,1.0401528157851567,0.9607843137254903,7.47457627118644,0.11800000000000001,9.419999999999998,800.0,0.98,nan,nan,nan,nan,nan,nan,nan,nan,nan,nan,nan,nan,nan
demo,det_nonpar_dt2000ns_ap0.05_tau5000ns,2,sparse,1.0401528157851567,5.437,0.1,1.0401528157851567,0.9607843137254903,7.47457627118644,0.11800000000000001,9.419999999999998,800.0,0.99,nan,nan,nan,nan,nan,nan,nan,nan,nan,nan,nan,nan,nan
