experiment,detector,point_index,point,sweep_value,power_uw,detection_efficiency,photons_per_bright_dwell,contrast,switching_ratio,snr_per_bright_dwell,p_bright_stationary,gamma_tot_khz,horizon_us,noise_sigma,noise_tau_c_ms,noise_kind,noise_photon_order,noise_renormalise,q_excess_finest_bin,target_fidelity,t_threshold_us,t_adaptive_count_us,t_fixed_count_mmpp_us,t_adaptive_mmpp_us,speedup_mmpp,speedup_mmpp_ci_low,speedup_mmpp_ci_high,speedup_count,speedup_count_ci_low,speedup_count_ci_high,speedup_fixed_count_mmpp,speedup_fixed_count_mmpp_ci_low,speedup_fixed_count_mmpp_ci_high
contrast,det_nonpar_dt2000ns_ap0.05_tau5000ns,0,contrast0.5,0.5,5.437,1.0,10.401528157851567,0.49999999999999994,7.47457627118644,3.349721551784459,0.11800000000000001,9.419999999999998,636.9426751592358,0.0,0.1,off,2.0,mean,-0.14195343140093958,0.55,1.893187595179554,4.069520873540038,4.069520873540038,1.9111050044331046,0.9906245814793073,0.8807219575964462,1.0440411246963592,0.46521142267362,0.42339588105729586,0.5155072302412654,0.46521142267362,0.42339588105729586,0.5155072302412654
contrast,det_nonpar_dt2000ns_ap0.05_tau5000ns,0,contrast0.5,0.5,5.437,1.0,10.401528157851567,0.49999999999999994,7.47457627118644,3.349721551784459,0.11800000000000001,9.419999999999998,636.9426751592358,0.0,0.1,off,2.0,mean,-0.14195343140093958,0.56,2.3137525769797342,4.069520873540038,4.069520873540038,2.386006787037495,0.9697175169616878,0.8778791236175729,1.0687585697105548,0.568556507972159,0.5153633180652388,0.6323892023928153,0.568556507972159,0.5153633180652388,0.6323892023928153
contrast,det_nonpar_dt2000ns_ap0.05_tau5000ns,0,contrast0.5,0.5,5.437,1.0,10.401528157851567,0.49999999999999994,7.47457627118644,3.349721551784459,0.11800000000000001,9.419999999999998,636.9426751592358,0.0,0.1,off,2.0,mean,-0.14195343140093958,0.57,2.7526871950058287,4.069520873540038,4.069520873540038,2.6535776346757505,1.037349410484532,0.9732481238319735,1.0884140770221395,0.6764155487943945,0.6184163735756698,0.7514743401642808,0.6764155487943945,0.6184163735756698,0.7514743401642808
contrast,det_nonpar_dt2000ns_ap0.05_tau5000ns,0,contrast0.5,0.5,5.437,1.0,10.401528157851567,0.49999999999999994,7.47457627118644,3.349721551784459,0.11800000000000001,9.419999999999998,636.9426751592358,0.0,0.1,off,2.0,mean,-0.14195343140093958,0.58,3.2482778814046647,4.069520873540038,4.069520873540038,4.069520873540038,0.7981966384605415,0.7810913592409774,1.0985359203483378,0.7981966384605415,0.7214522282483237,0.8864452931617106,0.7981966384605415,0.7214522282483237,0.8864452931617106
contrast,det_nonpar_dt2000ns_ap0.05_tau5000ns,0,contrast0.5,0.5,5.437,1.0,10.401528157851567,0.49999999999999994,7.47457627118644,3.349721551784459,0.11800000000000001,9.419999999999998,636.9426751592358,0.0,0.1,off,2.0,mean,-0.14195343140093958,0.59,3.809843602477275,4.069520873540038,4.069520873540038,4.069520873540038,0.9361897188558042,0.8496996578919789,0.999763769762148,0.9361897188558042,0.8496996578919789,0.999763769762148,0.9361897188558042,0.8496996578919789,0.999763769762148
contrast,det_nonpar_dt2000ns_ap0.05_tau5000ns,0,contrast0.5,0.5,5.437,1.0,10.401528157851567,0.49999999999999994,7.47457627118644,3.349721551784459,0.11800000000000001,9.419999999999998,636.9426751592358,0.0,0.1,off,2.0,mean,-0.14195343140093958,0.6,4.252247795123372,4.069520873540038,4.069520873540038,4.069520873540038,1.044901335381131,0.9714688679588295,1.1202606807231337,1.044901335381131,0.9714688679588295,1.1202606807231337,1.044901335381131,0.9714688679588295,1.1202606807231337
contrast,det_nonpar_dt2000ns_ap0.05_tau5000ns,0,contrast0.5,0.5,5.437,1.0,10.401528157851567,0.49999999999999994,7.47457627118644,3.349721551784459,0.11800000000000001,9.419999999999998,636.9426751592358,0.0,0.1,off,2.0,mean,-0.14195343140093958,0.61,4.811985546007675,4.7323445330438325,4.753539093558369,4.439650440547402,1.0838658607127556,1.056837071336543,1.1531381666101168,1.016829081739029,1.0039349244307045,1.1401546497063526,1.0122953553760623,0.998326059334715,1.132593771101071
contrast,det_nonpar_dt2000ns_ap0.05_tau5000ns,0,contrast0.5,0.5,5.437,1.0,10.401528157851567,0.49999999999999994,7.47457627118644,3.349721551784459,0.11800000000000001,9.419999999999998,636.9426751592358,0.0,0.1,off,2.0,mean,-0.14195343140093958,0.62,5.556964444726407,5.184528596655323,5.219948490513519,4.833224726963948,1.149742616709876,1.12672613783572,1.2114977258827526,1.0718360099916031,1.0254595648503468,1.1537220436311706,1.0645630804260549,1.0191972060671926,1.1463827051696154
contrast,det_nonpar_dt2000ns_ap0.05_tau5000ns,0,contrast0.5,0.5,5.437,1.0,10.401528157851567,0.49999999999999994,7.47457627118644,3.349721551784459,0.11800000000000001,9.419999999999998,636.9426751592358,0.0,0.1,off,2.0,mean,-0.14195343140093958,0.63,6.5238205735282735,5.679919663889748,5.732121206395161,5.40211066959451,1.2076428959975307,1.149956873842029,1.2527894735920448,1.1485762052241073,1.0830477746569,1.2086370761270688,1.138116299119746,1.071962623445947,1.194060147619053
contrast,det_nonpar_dt2000ns_ap0.05_tau5000ns,0,contrast0.5,0.5,5.437,1.0,10.401528157851567,0.49999999999999994,7.47457627118644,3.349721551784459,0.11800000000000001,9.419999999999998,636.9426751592358,0.0,0.1,off,2.0,mean,-0.14195343140093958,0.64,7.450069396917022,6.222646241946504,6.2945474623970386,6.037956299391523,1.233872692597627,1.1872470202798537,1.276454063677039,1.197250993748693,1.141762868306238,1.2559685488002073,1.1835750610227262,1.1309602268989802,1.2394860876130414
contrast,det_nonpar_dt2000ns_ap0.05_tau5000ns,0,contrast0.5,0.5,5.437,1.0,10.401528157851567,0.49999999999999994,7.47457627118644,3.349721551784459,0.11800000000000001,9.419999999999998,636.9426751592358,0.0,0.1,off,2.0,mean,-0.14195343140093958,0.65,8.477949423851344,6.817231324341239,6.912158052792852,6.748642984779556,1.2562450618549466,1.0152075101232196,1.2736102821792068,1.2436059480012707,1.008483901450132,1.280324227202004,1.226527136546861,0.9765511787826723,1.2572095550113662
contrast,det_nonpar_dt2000ns_ap0.05_tau5000ns,0,contrast0.5,0.5,5.437,1.0,10.401528157851567,0.49999999999999994,7.47457627118644,3.349721551784459,0.11800000000000001,9.419999999999998,636.9426751592358,0.0,0.1,off,2.0,mean,-0.14195343140093958,0.66,9.686403550108347,9.632585660741276,9.796339848229424,9.482073878663341,1.021549048663794,0.9982033469856305,1.2850717708666666,1.0055870657435637,0.9903696485838835,1.2957494216905587,0.9887778190809757,0.968352757636199,1.2627198368438746
contrast,det_nonpar_dt2000ns_ap0.05_tau5000ns,0,contrast0.5,0.5,5.437,1.0,10.401528157851567,0.49999999999999994,7.47457627118644,3.349721551784459,0.11800000000000001,9.419999999999998,636.9426751592358,0.0,0.1,off,2.0,mean,-0.14195343140093958,0.67,11.608905576093246,10.872051752671158,10.967729675149462,10.030720368858178,1.1573351812432906,1.0480722024216564,1.2561818669740066,1.0677750474505467,0.6449423945180617,1.1351275574972637,1.0584602210242793,0.9750171125136536,1.1301229922189941
contrast,det_nonpar_dt2000ns_ap0.05_tau5000ns,0,contrast0.5,0.5,5.437,1.0,10.401528157851567,0.49999999999999994,7.47457627118644,3.349721551784459,0.11800000000000001,9.419999999999998,636.9426751592358,0.0,0.1,off,2.0,mean,-0.14195343140093958,0.68,13.781321065434161,23.621433898766032,23.460449366517178,10.61111233742146,1.2987630916725432,1.1538235236325403,1.618845183117764,0.5834244070235757,0.5308537354304509,1.1511585294069868,0.5874278386629245,0.5681980451402915,1.2195352584852277
contrast,det_nonpar_dt2000ns_ap0.05_tau5000ns,0,contrast0.5,0.5,5.437,1.0,10.401528157851567,0.49999999999999994,7.47457627118644,3.349721551784459,0.11800000000000001,9.419999999999998,636.9426751592358,0.0,0.1,off,2.0,mean,-0.14195343140093958,0.69,22.287542821986758,24.409670936601948,24.27053598464868,13.718339662766708,1.6246530826524104,1.535790040631905,1.7333259274058568,0.9130619941527729,0.8670038938762661,0.956763727325502,0.918296276443331,0.8762872726378148,0.9642603278616971
contrast,det_nonpar_dt2000ns_ap0.05_tau5000ns,0,contrast0.5,0.5,5.437,1.0,10.401528157851567,0.49999999999999994,7.47457627118644,3.349721551784459,0.11800000000000001,9.419999999999998,636.9426751592358,0.0,0.1,off,2.0,mean,-0.14195343140093958,0.7,24.06450022675098,25.224211103641608,25.108594800525566,13.860670304486604,1.736171461993542,1.5905847227492724,1.8006033684863003,0.9540238990180667,0.9205497345202601,0.99221777570117,0.9584168456232074,0.9252239871469363,0.9968706872505954
contrast,det_nonpar_dt2000ns_ap0.05_tau5000ns,0,contrast0.5,0.5,5.437,1.0,10.401528157851567,0.49999999999999994,7.47457627118644,3.349721551784459,0.11800000000000001,9.419999999999998,636.9426751592358,0.0,0.1,off,2.0,mean,-0.14195343140093958,0.71,25.853574584927102,26.06593212393586,25.975591690918545,25.05560492882227,1.0318479501242017,1.0204574178554933,1.797843342695539,0.9918530617666362,0.9561327687623534,1.0567101742880762,0.9953026245775913,0.9604497205175819,1.064657899010463
contrast,det_nonpar_dt2000ns_ap0.05_tau5000ns,0,contrast0.5,0.5,5.437,1.0,10.401528157851567,0.49999999999999994,7.47457627118644,3.349721551784459,0.11800000000000001,9.419999999999998,636.9426751592358,0.0,0.1,off,2.0,mean,-0.14195343140093958,0.72,28.947666024910067,26.935741010807757,26.87252588421208,25.401630427567664,1.139598739831046,1.065385500185788,1.2586162070024876,1.0746935090181866,1.009607574682997,1.1697851972080238,1.0772216258955083,1.008969415901156,1.171150079839961
contrast,det_nonpar_dt2000ns_ap0.05_tau5000ns,0,contrast0.5,0.5,5.437,1.0,10.401528157851567,0.49999999999999994,7.47457627118644,3.349721551784459,0.11800000000000001,9.419999999999998,636.9426751592358,0.0,0.1,off,2.0,mean,-0.14195343140093958,0.73,33.16629403318955,27.834575044222802,27.80043111203188,26.595699202290994,1.2470547881039562,1.062174465762145,1.3499030582408353,1.1915502205618682,0.8377481702906706,1.3439128364384199,1.1930136586563707,1.0722301369269873,1.3473758313775472
contrast,det_nonpar_dt2000ns_ap0.05_tau5000ns,0,contrast0.5,0.5,5.437,1.0,10.401528157851567,0.49999999999999994,7.47457627118644,3.349721551784459,0.11800000000000001,9.419999999999998,636.9426751592358,0.0,0.1,off,2.0,mean,-0.14195343140093958,0.74,45.77686685575661,55.27768790187131,49.6220041986341,37.581860286267386,1.2180575018656998,1.051088734772051,1.3484792708425473,0.8281255709721341,0.8088351363045168,1.5570168152767396,0.9225114461825116,0.9033693311600398,1.5631954815202058
contrast,det_nonpar_dt2000ns_ap0.05_tau5000ns,0,contrast0.5,0.5,5.437,1.0,10.401528157851567,0.49999999999999994,7.47457627118644,3.349721551784459,0.11800000000000001,9.419999999999998,636.9426751592358,0.0,0.1,off,2.0,mean,-0.14195343140093958,0.75,51.119637747155835,58.81997920173514,52.60840325677154,37.61572217929658,1.3589965787043086,1.256422546745799,1.7524158991036656,0.8690862941625769,0.8227219859513376,1.1281787949019668,0.9717009941862458,0.9254198076783711,1.203061838032682
contrast,det_nonpar_dt2000ns_ap0.05_tau5000ns,0,contrast0.5,0.5,5.437,1.0,10.401528157851567,0.49999999999999994,7.47457627118644,3.349721551784459,0.11800000000000001,9.419999999999998,636.9426751592358,0.0,0.1,off,2.0,mean,-0.14195343140093958,0.76,73.56117418482954,62.58926674781256,63.59528462654797,55.25588370644533,1.3312821956777245,1.2333558431734934,1.9006146337544676,1.1753001434131747,0.8724713373378286,1.3331589275888134,1.156707995204432,0.9887333614699847,1.4337303554451997
contrast,det_nonpar_dt2000ns_ap0.05_tau5000ns,0,contrast0.5,0.5,5.437,1.0,10.401528157851567,0.49999999999999994,7.47457627118644,3.349721551784459,0.11800000000000001,9.419999999999998,636.9426751592358,0.0,0.1,off,2.0,mean,-0.14195343140093958,0.77,nan,nan,102.07313381538742,63.58794456084469,nan,nan,nan,nan,nan,nan,nan,nan,nan
contrast,det_nonpar_dt2000ns_ap0.05_tau5000ns,0,contrast0.5,0.5,5.437,1.0,10.401528157851567,0.49999999999999994,7.47457627118644,3.349721551784459,0.11800000000000001,9.419999999999998,636.9426751592358,0.0,0.1,off,2.0,mean,-0.14195343140093958,0.78,nan,nan,129.97573749052742,110.46286429731873,nan,nan,nan,nan,nan,nan,nan,nan,nan
contrast,det_nonpar_dt2000ns_ap0.05_tau5000ns,0,contrast0.5,0.5,5.437,1.0,10.401528157851567,0.49999999999999994,7.47457627118644,3.349721551784459,0.11800000000000001,9.419999999999998,636.9426751592358,0.0,0.1,off,2.0,mean,-0.14195343140093958,0.79,nan,nan,nan,nan,nan,nan,nan,nan,nan,nan,nan,nan,nan
contrast,det_nonpar_dt2000ns_ap0.05_tau5000ns,0,contrast0.5,0.5,5.437,1.0,10.401528157851567,0.49999999999999994,7.47457627118644,3.349721551784459,0.11800000000000001,9.419999999999998,636.9426751592358,0.0,0.1,off,2.0,mean,-0.14195343140093958,0.8,nan,nan,nan,nan,nan,nan,nan,nan,nan,nan,nan,nan,nan
contrast,det_nonpar_dt2000ns_ap0.05_tau5000ns,0,contrast0.5,0.5,5.437,1.0,10.401528157851567,0.49999999999999994,7.47457627118644,3.349721551784459,0.11800000000000001,9.419999999999998,636.9426751592358,0.0,0.1,off,2.0,mean,-0.14195343140093958,0.81,nan,nan,nan,nan,nan,nan,nan,nan,nan,nan,nan,nan,nan
contrast,det_nonpar_dt2000ns_ap0.05_tau5000ns,0,contrast0.5,0.5,5.437,1.0,10.401528157851567,0.49999999999999994,7.47457627118644,3.349721551784459,0.11800000000000001,9.419999999999998,636.9426751592358,0.0,0.1,off,2.0,mean,-0.14195343140093958,0.82,nan,nan,nan,nan,nan,nan,nan,nan,nan,nan,nan,nan,nan
contrast,det_nonpar_dt2000ns_ap0.05_tau5000ns,0,contrast0.5,0.5,5.437,1.0,10.401528157851567,0.49999999999999994,7.47457627118644,3.349721551784459,0.11800000000000001,9.419999999999998,636.9426751592358,0.0,0.1,off,2.0,mean,-0.14195343140093958,0.83,nan,nan,nan,nan,nan,nan,nan,nan,nan,nan,nan,nan,nan
contrast,det_nonpar_dt2000ns_ap0.05_tau5000ns,0,contrast0.5,0.5,5.437,1.0,10.401528157851567,0.49999999999999994,7.47457627118644,3.349721551784459,0.11800000000000001,9.419999999999998,636.9426751592358,0.0,0.1,off,2.0,mean,-0.14195343140093958,0.84,nan,nan,nan,nan,nan,nan,nan,nan,nan,nan,nan,nan,nan
contrast,det_nonpar_dt2000ns_ap0.05_tau5000ns,0,contrast0.5,0.5,5.437,1.0,10.401528157851567,0.49999999999999994,7.47457627118644,3.349721551784459,0.11800000000000001,9.419999999999998,636.9426751592358,0.0,0.1,off,2.0,mean,-0.14195343140093958,0.85,nan,nan,nan,nan,nan,nan,nan,nan,nan,nan,nan,nan,nan
contrast,det_nonpar_dt2000ns_ap0.05_tau5000ns,0,contrast0.5,0.5,5.437,1.0,10.401528157851567,0.49999999999999994,7.47457627118644,3.349721551784459,0.11800000000000001,9.419999999999998,636.9426751592358,0.0,0.1,off,2.0,mean,-0.14195343140093958,0.86,nan,nan,nan,nan,nan,nan,nan,nan,nan,nan,nan,nan,nan
contrast,det_nonpar_dt2000ns_ap0.05_tau5000ns,0,contrast0.5,0.5,5.437,1.0,10.401528157851567,0.49999999999999994,7.47457627118644,3.349721551784459,0.11800000000000001,9.419999999999998,636.9426751592358,0.0,0.1,off,2.0,mean,-0.14195343140093958,0.87,nan,nan,nan,nan,nan,nan,nan,nan,nan,nan,nan,nan,nan
contrast,det_nonpar_dt2000ns_ap0.05_tau5000ns,0,contrast0.5,0.5,5.437,1.0,10.401528157851567,0.49999999999999994,7.47457627118644,3.349721551784459,0.11800000000000001,9.419999999999998,636.9426751592358,0.0,0.1,off,2.0,mean,-0.14195343140093958,0.88,nan,nan,nan,nan,nan,nan,nan,nan,nan,nan,nan,nan,nan
contrast,det_nonpar_dt2000ns_ap0.05_tau5000ns,0,contrast0.5,0.5,5.437,1.0,10.401528157851567,0.49999999999999994,7.47457627118644,3.349721551784459,0.11800000000000001,9.419999999999998,636.9426751592358,0.0,0.1,off,2.0,mean,-0.14195343140093958,0.89,nan,nan,nan,nan,nan,nan,nan,nan,nan,nan,nan,nan,nan
contrast,det_nonpar_dt2000ns_ap0.05_tau5000ns,0,contrast0.5,0.5,5.437,1.0,10.401528157851567,0.49999999999999994,7.47457627118644,3.349721551784459,0.11800000000000001,9.419999999999998,636.9426751592358,0.0,0.1,off,2.0,mean,-0.14195343140093958,0.9,nan,nan,nan,nan,nan,nan,nan,nan,nan,nan,nan,nan,nan
contrast,det_nonpar_dt2000ns_ap0.05_tau5000ns,0,contrast0.5,0.5,5.437,1.0,10.401528157851567,0.49999999999999994,7.47457627118644,3.349721551784459,0.11800000000000001,9.419999999999998,636.9426751592358,0.0,0.1,off,2.0,mean,-0.14195343140093958,0.91,nan,nan,nan,nan,nan,nan,nan,nan,nan,nan,nan,nan,nan
contrast,det_nonpar_dt2000ns_ap0.05_tau5000ns,0,contrast0.5,0.5,5.437,1.0,10.401528157851567,0.49999999999999994,7.47457627118644,3.349721551784459,0.11800000000000001,9.419999999999998,636.9426751592358,0.0,0.1,off,2.0,mean,-0.14195343140093958,0.92,nan,nan,nan,nan,nan,nan,nan,nan,nan,nan,nan,nan,nan
contrast,det_nonpar_dt2000ns_ap0.05_tau5000ns,0,contrast0.5,0.5,5.437,1.0,10.401528157851567,0.49999999999999994,7.47457627118644,3.349721551784459,0.11800000000000001,9.419999999999998,636.9426751592358,0.0,0.1,off,2.0,mean,-0.14195343140093958,0.93,nan,nan,nan,nan,nan,nan,nan,nan,nan,nan,nan,nan,nan
contrast,det_nonpar_dt2000ns_ap0.05_tau5000ns,0,contrast0.5,0.5,5.437,1.0,10.401528157851567,0.49999999999999994,7.47457627118644,3.349721551784459,0.11800000000000001,9.419999999999998,636.9426751592358,0.0,0.1,off,2.0,mean,-0.14195343140093958,0.94,nan,nan,nan,nan,nan,nan,nan,nan,nan,nan,nan,nan,nan
contrast,det_nonpar_dt2000ns_ap0.05_tau5000ns,0,contrast0.5,0.5,5.437,1.0,10.401528157851567,0.49999999999999994,7.47457627118644,3.349721551784459,0.11800000000000001,9.419999999999998,636.9426751592358,0.0,0.1,off,2.0,mean,-0.14195343140093958,0.95,nan,nan,nan,nan,nan,nan,nan,nan,nan,nan,nan,nan,nan
contrast,det_nonpar_dt2000ns_ap0.05_tau5000ns,0,contrast0.5,0.5,5.437,1.0,10.401528157851567,0.49999999999999994,7.47457627118644,3.349721551784459,0.11800000000000001,9.419999999999998,636.9426751592358,0.0,0.1,off,2.0,mean,-0.14195343140093958,0.96,nan,nan,nan,nan,nan,nan,nan,nan,nan,nan,nan,nan,nan
contrast,det_nonpar_dt2000ns_ap0.05_tau5000ns,0,contrast0.5,0.5,5.437,1.0,10.401528157851567,0.49999999999999994,7.47457627118644,3.349721551784459,0.11800000000000001,9.419999999999998,636.9426751592358,0.0,0.1,off,2.0,mean,-0.14195343140093958,0.97,nan,nan,nan,nan,nan,nan,nan,nan,nan,nan,nan,nan,nan
contrast,det_nonpar_dt2000ns_ap0.05_tau5000ns,0,contrast0.5,0.5,5.437,1.0,10.401528157851567,0.49999999999999994,7.47457627118644,3.349721551784459,0.11800000000000001,9.419999999999998,636.9426751592358,0.0,0.1,off,2.0,mean,-0.14195343140093958,0.98,nan,nan,nan,nan,nan,nan,nan,nan,nan,nan,nan,nan,nan
contrast,det_nonpar_dt2000ns_ap0.05_tau5000ns,0,contrast0.5,0.5,5.437,1.0,10.401528157851567,0.49999999999999994,7.47457627118644,3.349721551784459,0.11800000000000001,9.419999999999998,636.9426751592358,0.0,0.1,off,2.0,mean,-0.14195343140093958,0.99,nan,nan,nan,nan,nan,nan,nan,nan,nan,nan,nan,nan,nan
contrast,det_nonpar_dt2000ns_ap0.05_tau5000ns,1,contrast0.7,0.7,5.437,1.0,10.401528157851567,0.7,7.47457627118644,5.0772938200644955,0.11800000000000001,9.419999999999998,636.9426751592358,0.0,0.1,off,2.0,mean,-0.1851201016272749,0.55,1.6051995286962044,4.157018396067769,4.157018396067769,1.5340467254038668,1.0463824224608318,1.040185280310313,1.0990782044867313,0.38614203156151633,0.3507222331848281,0.4354081986778543,0.38614203156151633,0.3507222331848281,0.4354081986778543
contrast,det_nonpar_dt2000ns_ap0.05_tau5000ns,1,contrast0.7,0.7,5.437,1.0,10.401528157851567,0.7,7.47457627118644,5.0772938200644955,0.11800000000000001,9.419999999999998,636.9426751592358,0.0,0.1,off,2.0,mean,-0.1851201016272749,0.56,2.0130060146065167,4.157018396067769,4.157018396067769,1.8457079596236399,1.0906416717284952,1.0622517739687458,1.1182627361847273,0.48424274872362155,0.4473152553976776,0.5261654688374731,0.48424274872362155,0.4473152553976776,0.5261654688374731
contrast,det_nonpar_dt2000ns_ap0.05_tau5000ns,1,contrast0.7,0.7,5.437,1.0,10.401528157851567,0.7,7.47457627118644,5.0772938200644955,0.11800000000000001,9.419999999999998,636.9426751592358,0.0,0.1,off,2.0,mean,-0.1851201016272749,0.57,2.3893768650339413,4.157018396067769,4.157018396067769,2.213534333831666,1.079439712551415,1.061224051583695,1.0999769193370146,0.5747814027703401,0.5313687922783372,0.6136936644295355,0.5747814027703401,0.5313687922783372,0.6136936644295355
contrast,det_nonpar_dt2000ns_ap0.05_tau5000ns,1,contrast0.7,0.7,5.437,1.0,10.401528157851567,0.7,7.47457627118644,5.0772938200644955,0.11800000000000001,9.419999999999998,636.9426751592358,0.0,0.1,off,2.0,mean,-0.1851201016272749,0.58,2.732713711684262,4.157018396067769,4.157018396067769,2.535899238054718,1.0776113146279898,1.061594103403806,1.1018214582742192,0.6573734949715899,0.6144064788575502,0.7012932873932163,0.6573734949715899,0.6144064788575502,0.7012932873932163
contrast,det_nonpar_dt2000ns_ap0.05_tau5000ns,1,contrast0.7,0.7,5.437,1.0,10.401528157851567,0.7,7.47457627118644,5.0772938200644955,0.11800000000000001,9.419999999999998,636.9426751592358,0.0,0.1,off,2.0,mean,-0.1851201016272749,0.59,3.120344408691238,4.157018396067769,4.157018396067769,2.841491328456616,1.0981361714681297,1.0690685176358181,1.1281319047466443,0.7506207842724133,0.6978460136382729,0.8084938689589863,0.7506207842724133,0.6978460136382729,0.8084938689589863
contrast,det_nonpar_dt2000ns_ap0.05_tau5000ns,1,contrast0.7,0.7,5.437,1.0,10.401528157851567,0.7,7.47457627118644,5.0772938200644955,0.11800000000000001,9.419999999999998,636.9426751592358,0.0,0.1,off,2.0,mean,-0.1851201016272749,0.6,3.5186307012539313,4.157018396067769,4.157018396067769,3.1839092218379097,1.105129090088443,1.083995682444709,1.1271146932322322,0.8464313519955301,0.7990412882183483,0.8888873532829301,0.8464313519955301,0.7990412882183483,0.8888873532829301
contrast,det_nonpar_dt2000ns_ap0.05_tau5000ns,1,contrast0.7,0.7,5.437,1.0,10.401528157851567,0.7,7.47457627118644,5.0772938200644955,0.11800000000000001,9.419999999999998,636.9426751592358,0.0,0.1,off,2.0,mean,-0.1851201016272749,0.61,3.9045343480655665,4.157018396067769,4.157018396067769,3.5675906631784957,1.0944457244954429,0.9835649683227652,1.1098354855152006,0.9392631872302915,0.8853505893014012,1.0007473574390844,0.9392631872302915,0.8853505893014012,1.0007473574390844
contrast,det_nonpar_dt2000ns_ap0.05_tau5000ns,1,contrast0.7,0.7,5.437,1.0,10.401528157851567,0.7,7.47457627118644,5.0772938200644955,0.11800000000000001,9.419999999999998,636.9426751592358,0.0,0.1,off,2.0,mean,-0.1851201016272749,0.62,4.347845689592465,4.157018396067769,4.157018396067769,4.157018396067769,1.0459048470185277,0.9946337015733079,1.1022229832591772,1.0459048470185277,0.9869849524129393,1.0991905402232856,1.0459048470185277,0.9869849524129393,1.0991905402232856
contrast,det_nonpar_dt2000ns_ap0.05_tau5000ns,1,contrast0.7,0.7,5.437,1.0,10.401528157851567,0.7,7.47457627118644,5.0772938200644955,0.11800000000000001,9.419999999999998,636.9426751592358,0.0,0.1,off,2.0,mean,-0.1851201016272749,0.63,4.831651378431892,4.74446832769219,4.748266959698019,4.715998649505992,1.02452348643866,1.0001785500720841,1.1088003550085472,1.0183757261547806,0.9992669746413686,1.1088003550085472,1.017561021619386,0.9991326758619278,1.1088003550085472
contrast,det_nonpar_dt2000ns_ap0.05_tau5000ns,1,contrast0.7,0.7,5.437,1.0,10.401528157851567,0.7,7.47457627118644,5.0772938200644955,0.11800000000000001,9.419999999999998,636.9426751592358,0.0,0.1,off,2.0,mean,-0.1851201016272749,0.64,5.42783653645967,5.068024959295604,5.082919030513796,4.957406357155433,1.0948944156303075,1.053169861527382,1.1348013482069952,1.070996409854713,1.0357038396392781,1.107800169961642,1.0678581547089898,1.0337441827960396,1.103459359747389
contrast,det_nonpar_dt2000ns_ap0.05_tau5000ns,1,contrast0.7,0.7,5.437,1.0,10.401528157851567,0.7,7.47457627118644,5.0772938200644955,0.11800000000000001,9.419999999999998,636.9426751592358,0.0,0.1,off,2.0,mean,-0.1851201016272749,0.65,6.0384398913677915,5.41364705463992,5.441156971595893,5.271649140857371,1.145455573772444,1.1199400549475154,1.163868217213988,1.1154107074993695,1.0759928355244666,1.1520708490451057,1.1097713083614118,1.0707808284953606,1.1457689134402755
contrast,det_nonpar_dt2000ns_ap0.05_tau5000ns,1,contrast0.7,0.7,5.437,1.0,10.401528157851567,0.7,7.47457627118644,5.0772938200644955,0.11800000000000001,9.419999999999998,636.9426751592358,0.0,0.1,off,2.0,mean,-0.1851201016272749,0.66,6.649986694450932,5.782839403435948,5.824643086347553,5.728743828919414,1.1608106232436104,0.8828511992044389,1.1709450743881906,1.149951819602626,1.1167565069349603,1.1835282219353336,1.1416985720615072,1.1104478393081063,1.173586628704716
contrast,det_nonpar_dt2000ns_ap0.05_tau5000ns,1,contrast0.7,0.7,5.437,1.0,10.401528157851567,0.7,7.47457627118644,5.0772938200644955,0.11800000000000001,9.419999999999998,636.9426751592358,0.0,0.1,off,2.0,mean,-0.1851201016272749,0.67,7.258111165273877,6.177209416943734,6.2351568352908044,7.608904563366223,0.9538969906678455,0.90493774285077,1.0099629652963424,1.174982208853935,1.1440240335154448,1.2049946590581635,1.164062325456383,1.1356282111384952,1.1930547734463481
contrast,det_nonpar_dt2000ns_ap0.05_tau5000ns,1,contrast0.7,0.7,5.437,1.0,10.401528157851567,0.7,7.47457627118644,5.0772938200644955,0.11800000000000001,9.419999999999998,636.9426751592358,0.0,0.1,off,2.0,mean,-0.1851201016272749,0.68,7.906529210596052,6.598474126413807,6.674603093157469,7.608904563366223,1.0391153082222597,0.9842502157255213,1.097155054309016,1.1982359950380161,1.16841059010114,1.2229142233953645,1.1845691946389296,1.1569421608890498,1.2062764339170629
contrast,det_nonpar_dt2000ns_ap0.05_tau5000ns,1,contrast0.7,0.7,5.437,1.0,10.401528157851567,0.7,7.47457627118644,5.0772938200644955,0.11800000000000001,9.419999999999998,636.9426751592358,0.0,0.1,off,2.0,mean,-0.1851201016272749,0.69,8.579307754431897,7.048467658798332,7.1450209879298745,7.608904563366223,1.1275352033902186,1.0695678195357838,1.1900297171993954,1.217187645561894,1.1942206504499437,1.2362478911431176,1.2007393356751466,1.1811490166555434,1.217165883736521
contrast,det_nonpar_dt2000ns_ap0.05_tau5000ns,1,contrast0.7,0.7,5.437,1.0,10.401528157851567,0.7,7.47457627118644,5.0772938200644955,0.11800000000000001,9.419999999999998,636.9426751592358,0.0,0.1,off,2.0,mean,-0.1851201016272749,0.7,9.280848936469132,7.529149222280432,9.395727963993698,7.608904563366223,1.2197352272168902,1.1205453011657085,1.2328582985491496,1.232655730743791,0.9985456242658319,1.2420010931781127,0.9877732701537544,0.9824966714374123,1.2201544323913005
contrast,det_nonpar_dt2000ns_ap0.05_tau5000ns,1,contrast0.7,0.7,5.437,1.0,10.401528157851567,0.7,7.47457627118644,5.0772938200644955,0.11800000000000001,9.419999999999998,636.9426751592358,0.0,0.1,off,2.0,mean,-0.1851201016272749,0.71,10.088403625162748,9.844928774078006,9.968952276117363,8.558789904659768,1.1787184564105484,1.1332437407349052,1.2376765950806523,1.0247309916274678,1.0020649286018797,1.0662556275114006,1.011982337334642,0.9862220358447148,1.0544233385804174
contrast,det_nonpar_dt2000ns_ap0.05_tau5000ns,1,contrast0.7,0.7,5.437,1.0,10.401528157851567,0.7,7.47457627118644,5.0772938200644955,0.11800000000000001,9.419999999999998,636.9426751592358,0.0,0.1,off,2.0,mean,-0.1851201016272749,0.72,11.19798150947649,10.463768069578233,10.577148451333368,8.82641176845611,1.2686901317584018,1.1926572920637966,1.288410514871304,1.0701672127111521,1.025732050944984,1.1197411310128773,1.0586956929837605,1.0120769574507766,1.1078766856783164
contrast,det_nonpar_dt2000ns_ap0.05_tau5000ns,1,contrast0.7,0.7,5.437,1.0,10.401528157851567,0.7,7.47457627118644,5.0772938200644955,0.11800000000000001,9.419999999999998,636.9426751592358,0.0,0.1,off,2.0,mean,-0.1851201016272749,0.73,12.482732115625982,11.121506790604377,11.222450089320377,11.637881105949617,1.072594916719372,1.0557830462261102,1.2949139799317966,1.1223957644095124,1.070176067624392,1.1621369811371063,1.1123000785278543,1.0576537065477405,1.1547557480048978
contrast,det_nonpar_dt2000ns_ap0.05_tau5000ns,1,contrast0.7,0.7,5.437,1.0,10.401528157851567,0.7,7.47457627118644,5.0772938200644955,0.11800000000000001,9.419999999999998,636.9426751592358,0.0,0.1,off,2.0,mean,-0.1851201016272749,0.74,13.827640709561706,11.820590103966703,11.907120958618137,11.90729862783376,1.1612743697583157,1.094279445432761,1.2646047509975589,1.1697927589013923,1.1159098053474075,1.2579385213846357,1.1612916974319922,1.1086570494633445,1.248960116575676
contrast,det_nonpar_dt2000ns_ap0.05_tau5000ns,1,contrast0.7,0.7,5.437,1.0,10.401528157851567,0.7,7.47457627118644,5.0772938200644955,0.11800000000000001,9.419999999999998,636.9426751592358,0.0,0.1,off,2.0,mean,-0.1851201016272749,0.75,16.4017482242922,12.563616876450466,12.63356293810431,12.182953178644162,1.3462867322713905,1.1952180883948182,1.4335748174969316,1.3054957330827253,0.6842088503531958,1.4262990374607811,1.2982678207762435,0.9651075155972209,1.4015183996319232
contrast,det_nonpar_dt2000ns_ap0.05_tau5000ns,1,contrast0.7,0.7,5.437,1.0,10.401528157851567,0.7,7.47457627118644,5.0772938200644955,0.11800000000000001,9.419999999999998,636.9426751592358,0.0,0.1,off,2.0,mean,-0.1851201016272749,0.76,26.252364063438236,29.239835478941398,29.19342412984828,15.52838342575975,1.6906050902818814,1.2685362509509366,1.7662634414468688,0.8978287200810433,0.6620703276987335,1.4401615848834475,0.8992560772135321,0.7566143829442473,1.4094798821834904
contrast,det_nonpar_dt2000ns_ap0.05_tau5000ns,1,contrast0.7,0.7,5.437,1.0,10.401528157851567,0.7,7.47457627118644,5.0772938200644955,0.11800000000000001,9.419999999999998,636.9426751592358,0.0,0.1,off,2.0,mean,-0.1851201016272749,0.77,29.467423750342384,29.44421956092335,29.415922339246546,16.497695440172027,1.7861539423614865,1.5941279450760473,1.8344424911516033,1.000788072829406,0.9519358656097846,1.0402438877371867,1.0017508004849172,0.9544947889555822,1.0410842932979016
contrast,det_nonpar_dt2000ns_ap0.05_tau5000ns,1,contrast0.7,0.7,5.437,1.0,10.401528157851567,0.7,7.47457627118644,5.0772938200644955,0.11800000000000001,9.419999999999998,636.9426751592358,0.0,0.1,off,2.0,mean,-0.1851201016272749,0.78,31.51756678534148,29.65003227108612,29.64011632276727,19.0576277926671,1.653803250238136,1.5820601576697704,1.8532047798269786,1.0629859184361337,1.0251915952500932,1.1103933708250593,1.0633415349025501,1.0255840771031974,1.1101056443938992
contrast,det_nonpar_dt2000ns_ap0.05_tau5000ns,1,contrast0.7,0.7,5.437,1.0,10.401528157851567,0.7,7.47457627118644,5.0772938200644955,0.11800000000000001,9.419999999999998,636.9426751592358,0.0,0.1,off,2.0,mean,-0.1851201016272749,0.79,34.04140352661719,29.857283595425,29.866019004783563,22.604398694307527,1.5059636837492982,1.3017451230086878,1.7587422836424498,1.1401373275575986,1.09106199446941,1.1993042160775484,1.1398038527051384,1.0918984186856318,1.1992308556870561
contrast,det_nonpar_dt2000ns_ap0.05_tau5000ns,1,contrast0.7,0.7,5.437,1.0,10.401528157851567,0.7,7.47457627118644,5.0772938200644955,0.11800000000000001,9.419999999999998,636.9426751592358,0.0,0.1,off,2.0,mean,-0.1851201016272749,0.8,37.955948699014805,30.06598358973655,30.093643408171893,28.743184165961743,1.3205199702252544,0.9732646062075635,1.6296928469029508,1.26242165288654,0.8071320278755474,1.2968005002934624,1.2612613296503643,0.9267006142405634,1.2840586489366614
contrast,det_nonpar_dt2000ns_ap0.05_tau5000ns,1,contrast0.7,0.7,5.437,1.0,10.401528157851567,0.7,7.47457627118644,5.0772938200644955,0.11800000000000001,9.419999999999998,636.9426751592358,0.0,0.1,off,2.0,mean,-0.1851201016272749,0.81,46.71861601219594,53.05092542669322,48.028498835680445,40.359882833288665,1.1575508334643285,1.0215348474971009,1.5875812596770562,0.880637154515855,0.8090580280020873,1.1462801437191532,0.9727269672124045,0.8973525577283479,1.2630043494754228
contrast,det_nonpar_dt2000ns_ap0.05_tau5000ns,1,contrast0.7,0.7,5.437,1.0,10.401528157851567,0.7,7.47457627118644,5.0772938200644955,0.11800000000000001,9.419999999999998,636.9426751592358,0.0,0.1,off,2.0,mean,-0.1851201016272749,0.82,nan,nan,54.22633784814249,40.47218691411666,nan,1.4693627640667064,1.7534407013574802,nan,1.0559371339924766,1.2548889209951168,nan,1.1823719530998058,1.330557304784751
contrast,det_nonpar_dt2000ns_ap0.05_tau5000ns,1,contrast0.7,0.7,5.437,1.0,10.401528157851567,0.7,7.47457627118644,5.0772938200644955,0.11800000000000001,9.419999999999998,636.9426751592358,0.0,0.1,off,2.0,mean,-0.1851201016272749,0.83,nan,nan,62.770342618772574,45.130460524928914,nan,nan,nan,nan,nan,nan,nan,nan,nan
contrast,det_nonpar_dt2000ns_ap0.05_tau5000ns,1,contrast0.7,0.7,5.437,1.0,10.401528157851567,0.7,7.47457627118644,5.0772938200644955,0.11800000000000001,9.419999999999998,636.9426751592358,0.0,0.1,off,2.0,mean,-0.1851201016272749,0.84,nan,nan,nan,nan,nan,nan,nan,nan,nan,nan,nan,nan,nan
contrast,det_nonpar_dt2000ns_ap0.05_tau5000ns,1,contrast0.7,0.7,5.437,1.0,10.401528157851567,0.7,7.47457627118644,5.0772938200644955,0.11800000000000001,9.419999999999998,636.9426751592358,0.0,0.1,off,2.0,mean,-0.1851201016272749,0.85,nan,nan,nan,nan,nan,nan,nan,nan,nan,nan,nan,nan,nan
contrast,det_nonpar_dt2000ns_ap0.05_tau5000ns,1,contrast0.7,0.7,5.437,1.0,10.401528157851567,0.7,7.47457627118644,5.0772938200644955,0.11800000000000001,9.419999999999998,636.9426751592358,0.0,0.1,off,2.0,mean,-0.1851201016272749,0.86,nan,nan,nan,nan,nan,nan,nan,nan,nan,nan,nan,nan,nan
contrast,det_nonpar_dt2000ns_ap0.05_tau5000ns,1,contrast0.7,0.7,5.437,1.0,10.401528157851567,0.7,7.47457627118644,5.0772938200644955,0.11800000000000001,9.419999999999998,636.9426751592358,0.0,0.1,off,2.0,mean,-0.1851201016272749,0.87,nan,nan,nan,nan,nan,nan,nan,nan,nan,nan,nan,nan,nan
contrast,det_nonpar_dt2000ns_ap0.05_tau5000ns,1,contrast0.7,0.7,5.437,1.0,10.401528157851567,0.7,7.47457627118644,5.0772938200644955,0.11800000000000001,9.419999999999998,636.9426751592358,0.0,0.1,off,2.0,mean,-0.1851201016272749,0.88,nan,nan,nan,nan,nan,nan,nan,nan,nan,nan,nan,nan,nan
contrast,det_nonpar_dt2000ns_ap0.05_tau5000ns,1,contrast0.7,0.7,5.437,1.0,10.401528157851567,0.7,7.47457627118644,5.0772938200644955,0.11800000000000001,9.419999999999998,636.9426751592358,0.0,0.1,off,2.0,mean,-0.1851201016272749,0.89,nan,nan,nan,nan,nan,nan,nan,nan,nan,nan,nan,nan,nan
contrast,det_nonpar_dt2000ns_ap0.05_tau5000ns,1,contrast0.7,0.7,5.437,1.0,10.401528157851567,0.7,7.47457627118644,5.0772938200644955,0.11800000000000001,9.419999999999998,636.9426751592358,0.0,0.1,off,2.0,mean,-0.1851201016272749,0.9,nan,nan,nan,nan,nan,nan,nan,nan,nan,nan,nan,nan,nan
contrast,det_nonpar_dt2000ns_ap0.05_tau5000ns,1,contrast0.7,0.7,5.437,1.0,10.401528157851567,0.7,7.47457627118644,5.0772938200644955,0.11800000000000001,9.419999999999998,636.9426751592358,0.0,0.1,off,2.0,mean,-0.1851201016272749,0.91,nan,nan,nan,nan,nan,nan,nan,nan,nan,nan,nan,nan,nan
contrast,det_nonpar_dt2000ns_ap0.05_tau5000ns,1,contrast0.7,0.7,5.437,1.0,10.401528157851567,0.7,7.47457627118644,5.0772938200644955,0.11800000000000001,9.419999999999998,636.9426751592358,0.0,0.1,off,2.0,mean,-0.1851201016272749,0.92,nan,nan,nan,nan,nan,nan,nan,nan,nan,nan,nan,nan,nan
contrast,det_nonpar_dt2000ns_ap0.05_tau5000ns,1,contrast0.7,0.7,5.437,1.0,10.401528157851567,0.7,7.47457627118644,5.0772938200644955,0.11800000000000001,9.419999999999998,636.9426751592358,0.0,0.1,off,2.0,mean,-0.1851201016272749,0.93,nan,nan,nan,nan,nan,nan,nan,nan,nan,nan,nan,nan,nan
contrast,det_nonpar_dt2000ns_ap0.05_tau5000ns,1,contrast0.7,0.7,5.437,1.0,10.401528157851567,0.7,7.47457627118644,5.0772938200644955,0.11800000000000001,9.419999999999998,636.9426751592358,0.0,0.1,off,2.0,mean,-0.1851201016272749,0.94,nan,nan,nan,nan,nan,nan,nan,nan,nan,nan,nan,nan,nan
contrast,det_nonpar_dt2000ns_ap0.05_tau5000ns,1,contrast0.7,0.7,5.437,1.0,10.401528157851567,0.7,7.47457627118644,5.0772938200644955,0.11800000000000001,9.419999999999998,636.9426751592358,0.0,0.1,off,2.0,mean,-0.1851201016272749,0.95,nan,nan,nan,nan,nan,nan,nan,nan,nan,nan,nan,nan,nan
contrast,det_nonpar_dt2000ns_ap0.05_tau5000ns,1,contrast0.7,0.7,5.437,1.0,10.401528157851567,0.7,7.47457627118644,5.0772938200644955,0.11800000000000001,9.419999999999998,636.9426751592358,0.0,0.1,off,2.0,mean,-0.1851201016272749,0.96,nan,nan,nan,nan,nan,nan,nan,nan,nan,nan,nan,nan,nan
contrast,det_nonpar_dt2000ns_ap0.05_tau5000ns,1,contrast0.7,0.7,5.437,1.0,10.401528157851567,0.7,7.47457627118644,5.0772938200644955,0.11800000000000001,9.419999999999998,636.9426751592358,0.0,0.1,off,2.0,mean,-0.1851201016272749,0.97,nan,nan,nan,nan,nan,nan,nan,nan,nan,nan,nan,nan,nan
contrast,det_nonpar_dt2000ns_ap0.05_tau5000ns,1,contrast0.7,0.7,5.437,1.0,10.401528157851567,0.7,7.47457627118644,5.0772938200644955,0.11800000000000001,9.419999999999998,636.9426751592358,0.0,0.1,off,2.0,mean,-0.1851201016272749,0.98,nan,nan,nan,nan,nan,nan,nan,nan,nan,nan,nan,nan,nan
contrast,det_nonpar_dt2000ns_ap0.05_tau5000ns,1,contrast0.7,0.7,5.437,1.0,10.401528157851567,0.7,7.47457627118644,5.0772938200644955,0.11800000000000001,9.419999999999998,636.9426751592358,0.0,0.1,off,2.0,mean,-0.1851201016272749,0.99,nan,nan,nan,nan,nan,nan,nan,nan,nan,nan,nan,nan,nan
contrast,det_nonpar_dt2000ns_ap0.05_tau5000ns,2,contrast0.85,0.85,5.437,1.0,10.401528157851567,0.85,7.47457627118644,6.807782557977512,0.11800000000000001,9.419999999999998,636.9426751592358,0.0,0.1,off,2.0,mean,-0.22289039730214272,0.55,1.3603734816983628,4.18111497920982,4.18111497920982,1.2923711647395781,1.0526182561280586,1.0334451982501418,1.0853884242963108,0.3253614139918862,0.3044062601785726,0.35307007299410703,0.3253614139918862,0.3044062601785726,0.35307007299410703
contrast,det_nonpar_dt2000ns_ap0.05_tau5000ns,2,contrast0.85,0.85,5.437,1.0,10.401528157851567,0.85,7.47457627118644,6.807782557977512,0.11800000000000001,9.419999999999998,636.9426751592358,0.0,0.1,off,2.0,mean,-0.22289039730214272,0.56,1.6233201378088284,4.18111497920982,4.18111497920982,1.535246344663855,1.0573678572504646,1.0370982959634367,1.0817538942229903,0.38825053744769683,0.36698163554349994,0.41775306253859384,0.38825053744769683,0.36698163554349994,0.41775306253859384
contrast,det_nonpar_dt2000ns_ap0.05_tau5000ns,2,contrast0.85,0.85,5.437,1.0,10.401528157851567,0.85,7.47457627118644,6.807782557977512,0.11800000000000001,9.419999999999998,636.9426751592358,0.0,0.1,off,2.0,mean,-0.22289039730214272,0.57,1.8914873519271436,4.18111497920982,4.18111497920982,1.774983103326092,1.0656368212084595,1.0437550393107935,1.08516627714906,0.4523882651714619,0.42627853283831385,0.48505880471662044,0.4523882651714619,0.42627853283831385,0.48505880471662044
contrast,det_nonpar_dt2000ns_ap0.05_tau5000ns,2,contrast0.85,0.85,5.437,1.0,10.401528157851567,0.85,7.47457627118644,6.807782557977512,0.11800000000000001,9.419999999999998,636.9426751592358,0.0,0.1,off,2.0,mean,-0.22289039730214272,0.58,2.1614505942600295,4.18111497920982,4.18111497920982,2.052156012644962,1.0532584174602793,1.048931609214795,1.0679146485235573,0.5169555501361787,0.489755198515007,0.550783256436469,0.5169555501361787,0.489755198515007,0.550783256436469
contrast,det_nonpar_dt2000ns_ap0.05_tau5000ns,2,contrast0.85,0.85,5.437,1.0,10.401528157851567,0.85,7.47457627118644,6.807782557977512,0.11800000000000001,9.419999999999998,636.9426751592358,0.0,0.1,off,2.0,mean,-0.22289039730214272,0.59,2.459887145540163,4.18111497920982,4.18111497920982,2.299459842959891,1.0697673860543564,1.0540243893085424,1.0960582102137524,0.5883328149959302,0.5543327601795625,0.630043401062403,0.5883328149959302,0.5543327601795625,0.630043401062403
contrast,det_nonpar_dt2000ns_ap0.05_tau5000ns,2,contrast0.85,0.85,5.437,1.0,10.401528157851567,0.85,7.47457627118644,6.807782557977512,0.11800000000000001,9.419999999999998,636.9426751592358,0.0,0.1,off,2.0,mean,-0.22289039730214272,0.6,2.7937183847049587,4.18111497920982,4.18111497920982,2.5650647247485936,1.089141477698492,1.064547487849372,1.1134640761200132,0.6681754504710936,0.6308166587656527,0.7105344716150043,0.6681754504710936,0.6308166587656527,0.7105344716150043
contrast,det_nonpar_dt2000ns_ap0.05_tau5000ns,2,contrast0.85,0.85,5.437,1.0,10.401528157851567,0.85,7.47457627118644,6.807782557977512,0.11800000000000001,9.419999999999998,636.9426751592358,0.0,0.1,off,2.0,mean,-0.22289039730214272,0.61,3.120193910313756,4.18111497920982,4.18111497920982,2.8613489651901456,1.0904625574414721,1.0684054056238823,1.1088006096653258,0.7462588151315166,0.7089668206168186,0.7870524529533868,0.7462588151315166,0.7089668206168186,0.7870524529533868
contrast,det_nonpar_dt2000ns_ap0.05_tau5000ns,2,contrast0.85,0.85,5.437,1.0,10.401528157851567,0.85,7.47457627118644,6.807782557977512,0.11800000000000001,9.419999999999998,636.9426751592358,0.0,0.1,off,2.0,mean,-0.22289039730214272,0.62,3.4526981597923294,4.18111497920982,4.18111497920982,3.1918562606240557,1.0817210669496988,0.8617213998599929,1.0950121382222944,0.8257840736168531,0.7851292504446384,0.8803988582668056,0.8257840736168531,0.7851292504446384,0.8803988582668056
contrast,det_nonpar_dt2000ns_ap0.05_tau5000ns,2,contrast0.85,0.85,5.437,1.0,10.401528157851567,0.85,7.47457627118644,6.807782557977512,0.11800000000000001,9.419999999999998,636.9426751592358,0.0,0.1,off,2.0,mean,-0.22289039730214272,0.63,3.853912054837142,4.18111497920982,4.18111497920982,4.18111497920982,0.9217426629022015,0.8768621916933141,0.9796328945862162,0.9217426629022015,0.874451510698853,0.9769261006104449,0.9217426629022015,0.874451510698853,0.9769261006104449
contrast,det_nonpar_dt2000ns_ap0.05_tau5000ns,2,contrast0.85,0.85,5.437,1.0,10.401528157851567,0.85,7.47457627118644,6.807782557977512,0.11800000000000001,9.419999999999998,636.9426751592358,0.0,0.1,off,2.0,mean,-0.22289039730214272,0.64,4.25988411739392,4.18111497920982,4.18111497920982,4.18111497920982,1.0188392662186454,0.9697571168809358,1.0756686995957756,1.0188392662186454,0.9697571168809358,1.0756686995957756,1.0188392662186454,0.9697571168809358,1.0756686995957756
contrast,det_nonpar_dt2000ns_ap0.05_tau5000ns,2,contrast0.85,0.85,5.437,1.0,10.401528157851567,0.85,7.47457627118644,6.807782557977512,0.11800000000000001,9.419999999999998,636.9426751592358,0.0,0.1,off,2.0,mean,-0.22289039730214272,0.65,4.693202378577723,4.672411651677709,4.672411651677709,4.515447310799294,1.0393659931217234,1.0296550815854941,1.1057721622851187,1.0044496779072427,0.9999609350530753,1.1057721622851187,1.0044496779072427,0.9999609350530753,1.1057721622851187
contrast,det_nonpar_dt2000ns_ap0.05_tau5000ns,2,contrast0.85,0.85,5.437,1.0,10.401528157851567,0.85,7.47457627118644,6.807782557977512,0.11800000000000001,9.419999999999998,636.9426751592358,0.0,0.1,off,2.0,mean,-0.22289039730214272,0.66,5.119899252693172,4.956744560260108,4.956744560260108,4.600110026150612,1.1129949552483904,1.0770971636625746,1.121248454266575,1.032915695059441,1.014317441325103,1.059572179779414,1.032915695059441,1.014317441325103,1.059572179779414
contrast,det_nonpar_dt2000ns_ap0.05_tau5000ns,2,contrast0.85,0.85,5.437,1.0,10.401528157851567,0.85,7.47457627118644,6.807782557977512,0.11800000000000001,9.419999999999998,636.9426751592358,0.0,0.1,off,2.0,mean,-0.22289039730214272,0.67,5.603069160905762,5.258380140124456,5.258380140124456,4.958232641302485,1.1300537038604717,1.1172773143798524,1.142314771472094,1.0655504188735103,1.0418086678458318,1.0942635446253834,1.0655504188735103,1.0418086678458318,1.0942635446253834
contrast,det_nonpar_dt2000ns_ap0.05_tau5000ns,2,contrast0.85,0.85,5.437,1.0,10.401528157851567,0.85,7.47457627118644,6.807782557977512,0.11800000000000001,9.419999999999998,636.9426751592358,0.0,0.1,off,2.0,mean,-0.22289039730214272,0.68,6.097219901148505,5.578371320511283,5.578371320511283,5.331099770002902,1.1437077083900056,1.1336202182608652,1.1548462637626757,1.0930107644016904,1.0690813781450574,1.1189654315875284,1.0930107644016904,1.0690813781450574,1.1189654315875284
contrast,det_nonpar_dt2000ns_ap0.05_tau5000ns,2,contrast0.85,0.85,5.437,1.0,10.401528157851567,0.85,7.47457627118644,6.807782557977512,0.11800000000000001,9.419999999999998,636.9426751592358,0.0,0.1,off,2.0,mean,-0.22289039730214272,0.69,6.632435412708106,5.917835105159639,5.917835105159639,5.76785094008295,1.1498971595498135,0.8723680169206205,1.1590760951851182,1.1207536700246044,1.0920971017569174,1.1486777825671246,1.1207536700246044,1.0920971017569174,1.1486777825671246
contrast,det_nonpar_dt2000ns_ap0.05_tau5000ns,2,contrast0.85,0.85,5.437,1.0,10.401528157851567,0.85,7.47457627118644,6.807782557977512,0.11800000000000001,9.419999999999998,636.9426751592358,0.0,0.1,off,2.0,mean,-0.22289039730214272,0.7,7.225835676026594,6.27795647146881,6.27795647146881,7.742112557762484,0.933315761313977,0.8920334197508011,0.9731416760713696,1.15098531008706,1.123033283340021,1.1729019711648858,1.15098531008706,1.123033283340021,1.1729019711648858
contrast,det_nonpar_dt2000ns_ap0.05_tau5000ns,2,contrast0.85,0.85,5.437,1.0,10.401528157851567,0.85,7.47457627118644,6.807782557977512,0.11800000000000001,9.419999999999998,636.9426751592358,0.0,0.1,off,2.0,mean,-0.22289039730214272,0.71,7.8043029342065715,6.6599925069378765,6.6599925069378765,7.742112557762484,1.008032739898845,0.9626426880635475,1.0498270913796115,1.1718185757831767,1.1490408485754235,1.1913385044231979,1.1718185757831767,1.1490408485754235,1.1913385044231979
contrast,det_nonpar_dt2000ns_ap0.05_tau5000ns,2,contrast0.85,0.85,5.437,1.0,10.401528157851567,0.85,7.47457627118644,6.807782557977512,0.11800000000000001,9.419999999999998,636.9426751592358,0.0,0.1,off,2.0,mean,-0.22289039730214272,0.72,8.407172385013803,7.0652767973224115,7.0652767973224115,7.742112557762484,1.0859015962748448,1.0381448774066933,1.1311778499220608,1.1899282400655473,1.1705737838931647,1.206552874647341,1.1899282400655473,1.1705737838931647,1.206552874647341
contrast,det_nonpar_dt2000ns_ap0.05_tau5000ns,2,contrast0.85,0.85,5.437,1.0,10.401528157851567,0.85,7.47457627118644,6.807782557977512,0.11800000000000001,9.419999999999998,636.9426751592358,0.0,0.1,off,2.0,mean,-0.22289039730214272,0.73,9.023100107849743,7.49522408182614,7.49522408182614,7.742112557762484,1.165457107543974,1.1171861256996987,1.2005710325919638,1.203846610767553,1.0006359666764206,1.2146647655977958,1.203846610767553,1.0006359666764206,1.2146647655977958
contrast,det_nonpar_dt2000ns_ap0.05_tau5000ns,2,contrast0.85,0.85,5.437,1.0,10.401528157851567,0.85,7.47457627118644,6.807782557977512,0.11800000000000001,9.419999999999998,636.9426751592358,0.0,0.1,off,2.0,mean,-0.22289039730214272,0.74,9.626350928398573,9.55141029166291,9.55141029166291,8.10822821138796,1.1872323616740854,1.1561224719145382,1.2152081563741581,1.0078460284342592,0.9983263651172114,1.212359295036149,1.0078460284342592,0.9983263651172114,1.212359295036149
contrast,det_nonpar_dt2000ns_ap0.05_tau5000ns,2,contrast0.85,0.85,5.437,1.0,10.401528157851567,0.85,7.47457627118644,6.807782557977512,0.11800000000000001,9.419999999999998,636.9426751592358,0.0,0.1,off,2.0,mean,-0.22289039730214272,0.75,10.45246346749106,10.005327520202068,10.005327520202068,8.63770543024106,1.2100972361127804,1.1551179163466139,1.2297811072965374,1.0446897861550426,1.0115676050508744,1.0778456951034463,1.0446897861550426,1.0115676050508744,1.0778456951034463
contrast,det_nonpar_dt2000ns_ap0.05_tau5000ns,2,contrast0.85,0.85,5.437,1.0,10.401528157851567,0.85,7.47457627118644,6.807782557977512,0.11800000000000001,9.419999999999998,636.9426751592358,0.0,0.1,off,2.0,mean,-0.22289039730214272,0.76,11.364036448187113,10.480816521293445,10.480816521293445,9.280797773005645,1.2244676294144483,1.1827380022502838,1.2539743262362726,1.084270144897515,1.0539982070179155,1.1124821885119438,1.084270144897515,1.0539982070179155,1.1124821885119438
contrast,det_nonpar_dt2000ns_ap0.05_tau5000ns,2,contrast0.85,0.85,5.437,1.0,10.401528157851567,0.85,7.47457627118644,6.807782557977512,0.11800000000000001,9.419999999999998,636.9426751592358,0.0,0.1,off,2.0,mean,-0.22289039730214272,0.77,12.26764719764265,10.978902462835032,10.978902462835032,9.758313101458926,1.2571483482948056,1.242692066730905,1.2706389794392579,1.117383749347458,1.0887128676267372,1.1451636149440458,1.117383749347458,1.0887128676267372,1.1451636149440458
contrast,det_nonpar_dt2000ns_ap0.05_tau5000ns,2,contrast0.85,0.85,5.437,1.0,10.401528157851567,0.85,7.47457627118644,6.807782557977512,0.11800000000000001,9.419999999999998,636.9426751592358,0.0,0.1,off,2.0,mean,-0.22289039730214272,0.78,13.22974614180818,11.500659232375313,11.500659232375313,10.39891907747198,1.2722232035124543,1.2560297086136714,1.2903288395675767,1.1503467648676473,1.1221481370325934,1.182538587290308,1.1503467648676473,1.1221481370325934,1.182538587290308
contrast,det_nonpar_dt2000ns_ap0.05_tau5000ns,2,contrast0.85,0.85,5.437,1.0,10.401528157851567,0.85,7.47457627118644,6.807782557977512,0.11800000000000001,9.419999999999998,636.9426751592358,0.0,0.1,off,2.0,mean,-0.22289039730214272,0.79,14.416186796441293,12.047211752445541,12.047211752445541,11.08157904501379,1.300914494033946,1.276607150896577,1.3192518461964695,1.1966409400511167,1.1589070579189382,1.2367128590733154,1.1966409400511167,1.1589070579189382,1.2367128590733154
contrast,det_nonpar_dt2000ns_ap0.05_tau5000ns,2,contrast0.85,0.85,5.437,1.0,10.401528157851567,0.85,7.47457627118644,6.807782557977512,0.11800000000000001,9.419999999999998,636.9426751592358,0.0,0.1,off,2.0,mean,-0.22289039730214272,0.8,15.90881700268911,12.61973840592494,12.61973840592494,11.932746944896522,1.3332066016444857,1.31352564563439,1.3516356699546956,1.2606296969848405,1.2136606420969847,1.3086147617356692,1.2606296969848405,1.2136606420969847,1.3086147617356692
contrast,det_nonpar_dt2000ns_ap0.05_tau5000ns,2,contrast0.85,0.85,5.437,1.0,10.401528157851567,0.85,7.47457627118644,6.807782557977512,0.11800000000000001,9.419999999999998,636.9426751592358,0.0,0.1,off,2.0,mean,-0.22289039730214272,0.81,17.718408629398294,13.21947357666791,13.21947357666791,13.6043098564344,1.3024114281709085,1.2734955282500207,1.3730383340380279,1.3403263395201235,1.0068922675465204,1.3810622794329175,1.3403263395201235,1.0152162312201958,1.3810622794329175
contrast,det_nonpar_dt2000ns_ap0.05_tau5000ns,2,contrast0.85,0.85,5.437,1.0,10.401528157851567,0.85,7.47457627118644,6.807782557977512,0.11800000000000001,9.419999999999998,636.9426751592358,0.0,0.1,off,2.0,mean,-0.22289039730214272,0.82,19.995598358397814,20.49565374515863,19.698534002047516,14.629915333429103,1.366761044249396,1.3069373277729468,1.4156191010585806,0.9756018815999495,0.8965593095351664,1.395801334292142,1.0150805311867075,0.9985418484831567,1.395801334292142
contrast,det_nonpar_dt2000ns_ap0.05_tau5000ns,2,contrast0.85,0.85,5.437,1.0,10.401528157851567,0.85,7.47457627118644,6.807782557977512,0.11800000000000001,9.419999999999998,636.9426751592358,0.0,0.1,off,2.0,mean,-0.22289039730214272,0.83,24.182877766780447,25.50991972373892,21.949215565827068,16.40559438320481,1.4740628837890575,1.3490572146674054,2.1679815749525533,0.9479793754221986,0.8533367629437566,1.3516350264240202,1.101765012706467,1.0137388064407342,1.5615833196733675
contrast,det_nonpar_dt2000ns_ap0.05_tau5000ns,2,contrast0.85,0.85,5.437,1.0,10.401528157851567,0.85,7.47457627118644,6.807782557977512,0.11800000000000001,9.419999999999998,636.9426751592358,0.0,0.1,off,2.0,mean,-0.22289039730214272,0.84,38.30000118374514,39.32468235269886,26.17693300574536,20.49881616520425,1.8684006371430142,1.6150932681072865,1.9761537307135644,0.9739430528703712,0.9361716327103161,1.2758626667661996,1.4631202660502276,1.3470505430354003,1.569993297241491
contrast,det_nonpar_dt2000ns_ap0.05_tau5000ns,2,contrast0.85,0.85,5.437,1.0,10.401528157851567,0.85,7.47457627118644,6.807782557977512,0.11800000000000001,9.419999999999998,636.9426751592358,0.0,0.1,off,2.0,mean,-0.22289039730214272,0.85,42.523440771779626,46.51099595869835,39.3429935351208,25.54097793516424,1.6649104384227322,1.5976541722872477,1.7746363842631483,0.914266398628409,0.8644104976394328,0.9525055872257435,1.0808389741319429,1.03960197606768,1.4463609596376856
contrast,det_nonpar_dt2000ns_ap0.05_tau5000ns,2,contrast0.85,0.85,5.437,1.0,10.401528157851567,0.85,7.47457627118644,6.807782557977512,0.11800000000000001,9.419999999999998,636.9426751592358,0.0,0.1,off,2.0,mean,-0.22289039730214272,0.86,47.87338759995249,nan,44.7682013322101,27.16235662877902,1.7624902085715843,1.6811561435369968,1.8899230290011002,nan,0.8614863297763968,0.9341018186602239,1.069361425640039,1.0295660285462476,1.1430000460817635
contrast,det_nonpar_dt2000ns_ap0.05_tau5000ns,2,contrast0.85,0.85,5.437,1.0,10.401528157851567,0.85,7.47457627118644,6.807782557977512,0.11800000000000001,9.419999999999998,636.9426751592358,0.0,0.1,off,2.0,mean,-0.22289039730214272,0.87,nan,nan,50.94151894497275,34.1212807483153,nan,1.535957371346318,2.0390852233335393,nan,nan,nan,nan,1.069234876894566,1.2234681274744854
contrast,det_nonpar_dt2000ns_ap0.05_tau5000ns,2,contrast0.85,0.85,5.437,1.0,10.401528157851567,0.85,7.47457627118644,6.807782557977512,0.11800000000000001,9.419999999999998,636.9426751592358,0.0,0.1,off,2.0,mean,-0.22289039730214272,0.88,nan,nan,nan,nan,nan,nan,nan,nan,nan,nan,nan,nan,nan
contrast,det_nonpar_dt2000ns_ap0.05_tau5000ns,2,contrast0.85,0.85,5.437,1.0,10.401528157851567,0.85,7.47457627118644,6.807782557977512,0.11800000000000001,9.419999999999998,636.9426751592358,0.0,0.1,off,2.0,mean,-0.22289039730214272,0.89,nan,nan,nan,nan,nan,nan,nan,nan,nan,nan,nan,nan,nan
contrast,det_nonpar_dt2000ns_ap0.05_tau5000ns,2,contrast0.85,0.85,5.437,1.0,10.401528157851567,0.85,7.47457627118644,6.807782557977512,0.11800000000000001,9.419999999999998,636.9426751592358,0.0,0.1,off,2.0,mean,-0.22289039730214272,0.9,nan,nan,nan,nan,nan,nan,nan,nan,nan,nan,nan,nan,nan
contrast,det_nonpar_dt2000ns_ap0.05_tau5000ns,2,contrast0.85,0.85,5.437,1.0,10.401528157851567,0.85,7.47457627118644,6.807782557977512,0.11800000000000001,9.419999999999998,636.9426751592358,0.0,0.1,off,2.0,mean,-0.22289039730214272,0.91,nan,nan,nan,nan,nan,nan,nan,nan,nan,nan,nan,nan,nan
contrast,det_nonpar_dt2000ns_ap0.05_tau5000ns,2,contrast0.85,0.85,5.437,1.0,10.401528157851567,0.85,7.47457627118644,6.807782557977512,0.11800000000000001,9.419999999999998,636.9426751592358,0.0,0.1,off,2.0,mean,-0.22289039730214272,0.92,nan,nan,nan,nan,nan,nan,nan,nan,nan,nan,nan,nan,nan
contrast,det_nonpar_dt2000ns_ap0.05_tau5000ns,2,contrast0.85,0.85,5.437,1.0,10.401528157851567,0.85,7.47457627118644,6.807782557977512,0.11800000000000001,9.419999999999998,636.9426751592358,0.0,0.1,off,2.0,mean,-0.22289039730214272,0.93,nan,nan,nan,nan,nan,nan,nan,nan,nan,nan,nan,nan,nan
contrast,det_nonpar_dt2000ns_ap0.05_tau5000ns,2,contrast0.85,0.85,5.437,1.0,10.401528157851567,0.85,7.47457627118644,6.807782557977512,0.11800000000000001,9.419999999999998,636.9426751592358,0.0,0.1,off,2.0,mean,-0.22289039730214272,0.94,nan,nan,nan,nan,nan,nan,nan,nan,nan,nan,nan,nan,nan
contrast,det_nonpar_dt2000ns_ap0.05_tau5000ns,2,contrast0.85,0.85,5.437,1.0,10.401528157851567,0.85,7.47457627118644,6.807782557977512,0.11800000000000001,9.419999999999998,636.9426751592358,0.0,0.1,off,2.0,mean,-0.22289039730214272,0.95,nan,nan,nan,nan,nan,nan,nan,nan,nan,nan,nan,nan,nan
contrast,det_nonpar_dt2000ns_ap0.05_tau5000ns,2,contrast0.85,0.85,5.437,1.0,10.401528157851567,0.85,7.47457627118644,6.807782557977512,0.11800000000000001,9.419999999999998,636.9426751592358,0.0,0.1,off,2.0,mean,-0.22289039730214272,0.96,nan,nan,nan,nan,nan,nan,nan,nan,nan,nan,nan,nan,nan
contrast,det_nonpar_dt2000ns_ap0.05_tau5000ns,2,contrast0.85,0.85,5.437,1.0,10.401528157851567,0.85,7.47457627118644,6.807782557977512,0.11800000000000001,9.419999999999998,636.9426751592358,0.0,0.1,off,2.0,mean,-0.22289039730214272,0.97,nan,nan,nan,nan,nan,nan,nan,nan,nan,nan,nan,nan,nan
contrast,det_nonpar_dt2000ns_ap0.05_tau5000ns,2,contrast0.85,0.85,5.437,1.0,10.401528157851567,0.85,7.47457627118644,6.807782557977512,0.11800000000000001,9.419999999999998,636.9426751592358,0.0,0.1,off,2.0,mean,-0.22289039730214272,0.98,nan,nan,nan,nan,nan,nan,nan,nan,nan,nan,nan,nan,nan
contrast,det_nonpar_dt2000ns_ap0.05_tau5000ns,2,contrast0.85,0.85,5.437,1.0,10.401528157851567,0.85,7.47457627118644,6.807782557977512,0.11800000000000001,9.419999999999998,636.9426751592358,0.0,0.1,off,2.0,mean,-0.22289039730214272,0.99,nan,nan,nan,nan,nan,nan,nan,nan,nan,nan,nan,nan,nan
contrast,det_nonpar_dt2000ns_ap0.05_tau5000ns,3,contrast0.95,0.95,5.437,1.0,10.401528157851567,0.95,7.47457627118644,8.380137501186196,0.11800000000000001,9.419999999999998,636.9426751592358,0.0,0.1,off,2.0,mean,-0.36287243411324765,0.55,1.2643057498468315,4.213593639189458,4.213593639189458,1.2217716367365572,1.0348134723636948,1.0184055240247045,1.0615952379730693,0.30005402943650683,0.27654508001728834,0.3219930414360944,0.30005402943650683,0.27654508001728834,0.3219930414360944
contrast,det_nonpar_dt2000ns_ap0.05_tau5000ns,3,contrast0.95,0.95,5.437,1.0,10.401528157851567,0.95,7.47457627118644,8.380137501186196,0.11800000000000001,9.419999999999998,636.9426751592358,0.0,0.1,off,2.0,mean,-0.36287243411324765,0.56,1.541028202547825,4.213593639189458,4.213593639189458,1.4586884461910208,1.0564478018399424,1.0363343671472272,1.0768041699790045,0.3657277693356929,0.3399017470075488,0.3882619718457953,0.3657277693356929,0.3399017470075488,0.3882619718457953
contrast,det_nonpar_dt2000ns_ap0.05_tau5000ns,3,contrast0.95,0.95,5.437,1.0,10.401528157851567,0.95,7.47457627118644,8.380137501186196,0.11800000000000001,9.419999999999998,636.9426751592358,0.0,0.1,off,2.0,mean,-0.36287243411324765,0.57,1.7949864352705645,4.213593639189458,4.213593639189458,1.7043533048765818,1.053177431072923,1.0363887738581088,1.0723927576349588,0.4259989427019959,0.4026106871279918,0.45173778138509657,0.4259989427019959,0.4026106871279918,0.45173778138509657
contrast,det_nonpar_dt2000ns_ap0.05_tau5000ns,3,contrast0.95,0.95,5.437,1.0,10.401528157851567,0.95,7.47457627118644,8.380137501186196,0.11800000000000001,9.419999999999998,636.9426751592358,0.0,0.1,off,2.0,mean,-0.36287243411324765,0.58,2.074704036770784,4.213593639189458,4.213593639189458,1.9820053806225588,1.0467701334489354,1.0370747763109291,1.0683638244813374,0.4923835126089381,0.4646608772050697,0.523400218085202,0.4923835126089381,0.4646608772050697,0.523400218085202
contrast,det_nonpar_dt2000ns_ap0.05_tau5000ns,3,contrast0.95,0.95,5.437,1.0,10.401528157851567,0.95,7.47457627118644,8.380137501186196,0.11800000000000001,9.419999999999998,636.9426751592358,0.0,0.1,off,2.0,mean,-0.36287243411324765,0.59,2.3551206034344707,4.213593639189458,4.213593639189458,2.205955978893984,1.067619039531004,1.0525270673826723,1.0873327597753173,0.5589339658979336,0.5315862362274267,0.5906963585033951,0.5589339658979336,0.5315862362274267,0.5906963585033951
contrast,det_nonpar_dt2000ns_ap0.05_tau5000ns,3,contrast0.95,0.95,5.437,1.0,10.401528157851567,0.95,7.47457627118644,8.380137501186196,0.11800000000000001,9.419999999999998,636.9426751592358,0.0,0.1,off,2.0,mean,-0.36287243411324765,0.6,2.677534819198248,4.213593639189458,4.213593639189458,2.455211185798901,1.0905517352988945,1.066403466080451,1.1122863531892935,0.6354515998636519,0.5988915918200889,0.667953447985426,0.6354515998636519,0.5988915918200889,0.667953447985426
contrast,det_nonpar_dt2000ns_ap0.05_tau5000ns,3,contrast0.95,0.95,5.437,1.0,10.401528157851567,0.95,7.47457627118644,8.380137501186196,0.11800000000000001,9.419999999999998,636.9426751592358,0.0,0.1,off,2.0,mean,-0.36287243411324765,0.61,2.976925521083344,4.213593639189458,4.213593639189458,2.7326302177137634,1.0893993273535447,1.071658150059548,1.1078151711865374,0.7065051298245257,0.6771092084156252,0.7399820656254336,0.7065051298245257,0.6771092084156252,0.7399820656254336
contrast,det_nonpar_dt2000ns_ap0.05_tau5000ns,3,contrast0.95,0.95,5.437,1.0,10.401528157851567,0.95,7.47457627118644,8.380137501186196,0.11800000000000001,9.419999999999998,636.9426751592358,0.0,0.1,off,2.0,mean,-0.36287243411324765,0.62,3.274654323133157,4.213593639189458,4.213593639189458,3.0413953593701133,1.0766947194301475,0.7971298008794513,1.089694948505383,0.7771642459008177,0.7455677758720952,0.8136838045161129,0.7771642459008177,0.7455677758720952,0.8136838045161129
contrast,det_nonpar_dt2000ns_ap0.05_tau5000ns,3,contrast0.95,0.95,5.437,1.0,10.401528157851567,0.95,7.47457627118644,8.380137501186196,0.11800000000000001,9.419999999999998,636.9426751592358,0.0,0.1,off,2.0,mean,-0.36287243411324765,0.63,3.595699284065827,4.213593639189458,4.213593639189458,4.213593639189458,0.8533569185749741,0.8172320141999547,0.8949402222850248,0.8533569185749741,0.816373164402928,0.8939086532430003,0.8533569185749741,0.816373164402928,0.8939086532430003
contrast,det_nonpar_dt2000ns_ap0.05_tau5000ns,3,contrast0.95,0.95,5.437,1.0,10.401528157851567,0.95,7.47457627118644,8.380137501186196,0.11800000000000001,9.419999999999998,636.9426751592358,0.0,0.1,off,2.0,mean,-0.36287243411324765,0.64,3.932966346948556,4.213593639189458,4.213593639189458,4.213593639189458,0.9333995358188161,0.8913464845821925,0.9751872631869414,0.9333995358188161,0.8913464845821925,0.9751872631869414,0.9333995358188161,0.8913464845821925,0.9751872631869414
contrast,det_nonpar_dt2000ns_ap0.05_tau5000ns,3,contrast0.95,0.95,5.437,1.0,10.401528157851567,0.95,7.47457627118644,8.380137501186196,0.11800000000000001,9.419999999999998,636.9426751592358,0.0,0.1,off,2.0,mean,-0.36287243411324765,0.65,4.280736556973558,4.213593639189458,4.213593639189458,4.213593639189458,1.0159348346170884,0.9736969334890101,1.0591377530133608,1.0159348346170884,0.9736969334890101,1.0591377530133608,1.0159348346170884,0.9736969334890101,1.0591377530133608
contrast,det_nonpar_dt2000ns_ap0.05_tau5000ns,3,contrast0.95,0.95,5.437,1.0,10.401528157851567,0.95,7.47457627118644,8.380137501186196,0.11800000000000001,9.419999999999998,636.9426751592358,0.0,0.1,off,2.0,mean,-0.36287243411324765,0.66,4.6402409308418635,4.630282169527992,4.630282169527992,4.2264674916823255,1.097900537499423,1.0364984525768433,1.1027108184428582,1.0021507892930177,1.001746156134432,1.100050459666326,1.0021507892930177,1.001746156134432,1.100050459666326
contrast,det_nonpar_dt2000ns_ap0.05_tau5000ns,3,contrast0.95,0.95,5.437,1.0,10.401528157851567,0.95,7.47457627118644,8.380137501186196,0.11800000000000001,9.419999999999998,636.9426751592358,0.0,0.1,off,2.0,mean,-0.36287243411324765,0.67,5.042834852966757,4.889206165051683,4.889206165051683,4.738981936910428,1.0641177620217783,1.0410475761592872,1.0931913187872053,1.0314220105941165,1.0133835714827375,1.0520960048216947,1.0314220105941165,1.0133835714827375,1.0520960048216947
contrast,det_nonpar_dt2000ns_ap0.05_tau5000ns,3,contrast0.95,0.95,5.437,1.0,10.401528157851567,0.95,7.47457627118644,8.380137501186196,0.11800000000000001,9.419999999999998,636.9426751592358,0.0,0.1,off,2.0,mean,-0.36287243411324765,0.68,5.445729658426114,5.16260911304595,5.16260911304595,4.929852718595914,1.1046434790808777,1.0828891057144432,1.1151347845414032,1.054840593037485,1.0375794081152867,1.0747452857330844,1.054840593037485,1.0375794081152867,1.0747452857330844
contrast,det_nonpar_dt2000ns_ap0.05_tau5000ns,3,contrast0.95,0.95,5.437,1.0,10.401528157851567,0.95,7.47457627118644,8.380137501186196,0.11800000000000001,9.419999999999998,636.9426751592358,0.0,0.1,off,2.0,mean,-0.36287243411324765,0.69,5.868075954788951,5.451300672207046,5.451300672207046,5.239337720074719,1.12000337987475,1.110516148722803,1.1277735225772436,1.0764542826828092,1.0571095634035146,1.097301947070715,1.0764542826828092,1.0571095634035146,1.097301947070715
contrast,det_nonpar_dt2000ns_ap0.05_tau5000ns,3,contrast0.95,0.95,5.437,1.0,10.401528157851567,0.95,7.47457627118644,8.380137501186196,0.11800000000000001,9.419999999999998,636.9426751592358,0.0,0.1,off,2.0,mean,-0.36287243411324765,0.7,6.3354193422176825,5.756135777103627,5.756135777103627,5.5818875710107925,1.1349958704149317,1.127585459034378,1.1434251806728843,1.100637578324384,1.0796068749750054,1.1225612469920243,1.100637578324384,1.0796068749750054,1.1225612469920243
contrast,det_nonpar_dt2000ns_ap0.05_tau5000ns,3,contrast0.95,0.95,5.437,1.0,10.401528157851567,0.95,7.47457627118644,8.380137501186196,0.11800000000000001,9.419999999999998,636.9426751592358,0.0,0.1,off,2.0,mean,-0.36287243411324765,0.71,6.814806371193974,6.078017169989984,6.078017169989984,5.928968452971697,1.1494084384574994,1.1404448777671157,1.1621973778734782,1.1212219677235964,1.1010597109998197,1.1419014008196464,1.1212219677235964,1.1010597109998197,1.1419014008196464
contrast,det_nonpar_dt2000ns_ap0.05_tau5000ns,3,contrast0.95,0.95,5.437,1.0,10.401528157851567,0.95,7.47457627118644,8.380137501186196,0.11800000000000001,9.419999999999998,636.9426751592358,0.0,0.1,off,2.0,mean,-0.36287243411324765,0.72,7.301369517657116,6.417898074197564,6.417898074197564,6.297630769006692,1.159383550015388,1.1470013522476665,1.1718562892856046,1.137657443799466,1.1210514460019363,1.155325007115293,1.137657443799466,1.1210514460019363,1.155325007115293
contrast,det_nonpar_dt2000ns_ap0.05_tau5000ns,3,contrast0.95,0.95,5.437,1.0,10.401528157851567,0.95,7.47457627118644,8.380137501186196,0.11800000000000001,9.419999999999998,636.9426751592358,0.0,0.1,off,2.0,mean,-0.36287243411324765,0.73,7.779146161460884,6.776785017021706,6.776785017021706,6.689216449256277,1.1629383232659167,1.1496257812458561,1.176940500452382,1.1479110141345017,1.1332257026873374,1.1657801310968483,1.1479110141345017,1.1332257026873374,1.1657801310968483
contrast,det_nonpar_dt2000ns_ap0.05_tau5000ns,3,contrast0.95,0.95,5.437,1.0,10.401528157851567,0.95,7.47457627118644,8.380137501186196,0.11800000000000001,9.419999999999998,636.9426751592358,0.0,0.1,off,2.0,mean,-0.36287243411324765,0.74,8.294233830193184,7.155740810463386,7.155740810463386,7.105150864863797,1.167355062256258,1.154893848258756,1.1781089247492191,1.1591020482554444,1.1439232489187836,1.1727888044355117,1.1591020482554444,1.1439232489187836,1.1727888044355117
contrast,det_nonpar_dt2000ns_ap0.05_tau5000ns,3,contrast0.95,0.95,5.437,1.0,10.401528157851567,0.95,7.47457627118644,8.380137501186196,0.11800000000000001,9.419999999999998,636.9426751592358,0.0,0.1,off,2.0,mean,-0.36287243411324765,0.75,8.849260823742524,7.5558876986531365,7.5558876986531365,7.546948016323735,1.1725615181927769,1.15922333169489,1.1828938739755095,1.1711742123059792,1.1580295738451973,1.1841545949852987,1.1711742123059792,1.1580295738451973,1.1841545949852987
contrast,det_nonpar_dt2000ns_ap0.05_tau5000ns,3,contrast0.95,0.95,5.437,1.0,10.401528157851567,0.95,7.47457627118644,8.380137501186196,0.11800000000000001,9.419999999999998,636.9426751592358,0.0,0.1,off,2.0,mean,-0.36287243411324765,0.76,9.55040710426911,9.463614299258792,9.463614299258792,8.270998761606714,1.1546860759550954,1.1349704955886792,1.1937018560685306,1.009171211153134,0.9992604028797657,1.1956865067829687,1.009171211153134,0.9992604028797657,1.1956865067829687
contrast,det_nonpar_dt2000ns_ap0.05_tau5000ns,3,contrast0.95,0.95,5.437,1.0,10.401528157851567,0.95,7.47457627118644,8.380137501186196,0.11800000000000001,9.419999999999998,636.9426751592358,0.0,0.1,off,2.0,mean,-0.36287243411324765,0.77,10.214806579518763,9.861398175639577,9.861398175639577,8.858544172297895,1.1531021780601514,1.130232884093276,1.2007623825334912,1.0358375554444403,1.0216373182587093,1.0497194899774174,1.0358375554444403,1.0216373182587093,1.0497194899774174
contrast,det_nonpar_dt2000ns_ap0.05_tau5000ns,3,contrast0.95,0.95,5.437,1.0,10.401528157851567,0.95,7.47457627118644,8.380137501186196,0.11800000000000001,9.419999999999998,636.9426751592358,0.0,0.1,off,2.0,mean,-0.36287243411324765,0.78,10.866618865128011,10.275902092303587,10.275902092303587,9.386872037205238,1.1576400340877917,1.1548414521409396,1.2165435503308666,1.0574856365424945,1.0416422910110976,1.0765615208311885,1.0574856365424945,1.0416422910110976,1.0765615208311885
contrast,det_nonpar_dt2000ns_ap0.05_tau5000ns,3,contrast0.95,0.95,5.437,1.0,10.401528157851567,0.95,7.47457627118644,8.380137501186196,0.11800000000000001,9.419999999999998,636.9426751592358,0.0,0.1,off,2.0,mean,-0.36287243411324765,0.79,11.628555077185926,10.707828842309246,10.707828842309246,9.7990119010116,1.18670690419158,1.1697588014998195,1.2051578095081543,1.0859862674717649,1.064895488666737,1.107950048667528,1.0859862674717649,1.064895488666737,1.107950048667528
contrast,det_nonpar_dt2000ns_ap0.05_tau5000ns,3,contrast0.95,0.95,5.437,1.0,10.401528157851567,0.95,7.47457627118644,8.380137501186196,0.11800000000000001,9.419999999999998,636.9426751592358,0.0,0.1,off,2.0,mean,-0.36287243411324765,0.8,12.433621552301549,11.157910759199007,11.157910759199007,10.229247171537589,1.2154972251425824,1.1973580553698007,1.2298842352936834,1.1143324069025016,1.0926049827603161,1.1341829138345598,1.1143324069025016,1.0926049827603161,1.1341829138345598
contrast,det_nonpar_dt2000ns_ap0.05_tau5000ns,3,contrast0.95,0.95,5.437,1.0,10.401528157851567,0.95,7.47457627118644,8.380137501186196,0.11800000000000001,9.419999999999998,636.9426751592358,0.0,0.1,off,2.0,mean,-0.36287243411324765,0.81,13.25420527217445,11.626910958673816,11.626910958673816,10.678372345441026,1.2412196206880852,1.2268620243970985,1.2568906332851972,1.1399592995323193,1.1202933441245528,1.162574326722852,1.1399592995323193,1.1202933441245528,1.162574326722852
contrast,det_nonpar_dt2000ns_ap0.05_tau5000ns,3,contrast0.95,0.95,5.437,1.0,10.401528157851567,0.95,7.47457627118644,8.380137501186196,0.11800000000000001,9.419999999999998,636.9426751592358,0.0,0.1,off,2.0,mean,-0.36287243411324765,0.82,14.217159452370915,12.11562463245886,12.11562463245886,11.203281985983233,1.2690173709952526,1.2551763997183074,1.280556722072953,1.1734565805449149,1.1497812297590553,1.199058193161919,1.1734565805449149,1.1497812297590553,1.199058193161919
contrast,det_nonpar_dt2000ns_ap0.05_tau5000ns,3,contrast0.95,0.95,5.437,1.0,10.401528157851567,0.95,7.47457627118644,8.380137501186196,0.11800000000000001,9.419999999999998,636.9426751592358,0.0,0.1,off,2.0,mean,-0.36287243411324765,0.83,15.31650434879213,12.624880396554348,12.624880396554348,11.87252555978142,1.2900797114876132,1.2749720920962917,1.3021289782585819,1.2131999565692833,1.1859102358283866,1.2411606579985368,1.2131999565692833,1.1859102358283866,1.2411606579985368
contrast,det_nonpar_dt2000ns_ap0.05_tau5000ns,3,contrast0.95,0.95,5.437,1.0,10.401528157851567,0.95,7.47457627118644,8.380137501186196,0.11800000000000001,9.419999999999998,636.9426751592358,0.0,0.1,off,2.0,mean,-0.36287243411324765,0.84,16.57537211518053,13.155541696157238,13.155541696157238,12.867813482601704,1.2881265443885814,1.22759826963859,1.3068428158381205,1.2599535996318747,1.2315476744464269,1.2907975545109949,1.2599535996318747,1.2315476744464269,1.2907975545109949
contrast,det_nonpar_dt2000ns_ap0.05_tau5000ns,3,contrast0.95,0.95,5.437,1.0,10.401528157851567,0.95,7.47457627118644,8.380137501186196,0.11800000000000001,9.419999999999998,636.9426751592358,0.0,0.1,off,2.0,mean,-0.36287243411324765,0.85,18.038017969469966,13.708508269636075,13.708508269636075,13.881997148841283,1.2993820540422443,1.2537100058376731,1.338858731897958,1.3158264644610254,1.017940023261481,1.3420027404717316,1.3158264644610254,1.0180526534150047,1.3420027404717316
contrast,det_nonpar_dt2000ns_ap0.05_tau5000ns,3,contrast0.95,0.95,5.437,1.0,10.401528157851567,0.95,7.47457627118644,8.380137501186196,0.11800000000000001,9.419999999999998,636.9426751592358,0.0,0.1,off,2.0,mean,-0.36287243411324765,0.86,19.84328309203492,19.47781950500763,19.47113060507429,15.248785551186197,1.3013025217927154,1.2728522417550887,1.3689201682963552,1.0187630646712447,1.0049684440212805,1.3511823787739203,1.0191130394279029,1.005323833017806,1.3511823787739203
contrast,det_nonpar_dt2000ns_ap0.05_tau5000ns,3,contrast0.95,0.95,5.437,1.0,10.401528157851567,0.95,7.47457627118644,8.380137501186196,0.11800000000000001,9.419999999999998,636.9426751592358,0.0,0.1,off,2.0,mean,-0.36287243411324765,0.87,22.34836516069063,20.885984711152968,20.86216307190056,16.971270362806624,1.3168351386156791,1.2739326053018791,1.3929387750722548,1.0700173092033702,1.027363555551891,1.1243428906092723,1.071239117615366,1.0279582196561032,1.1257605425732338
contrast,det_nonpar_dt2000ns_ap0.05_tau5000ns,3,contrast0.95,0.95,5.437,1.0,10.401528157851567,0.95,7.47457627118644,8.380137501186196,0.11800000000000001,9.419999999999998,636.9426751592358,0.0,0.1,off,2.0,mean,-0.36287243411324765,0.88,25.79857621418009,22.395954395324626,22.352571962367087,19.057566570094377,1.3537182787367974,1.2718447011772684,1.4548278022282837,1.1519301994812865,1.101369709908793,1.2269664317392661,1.1541658945384323,1.1018406168416093,1.227086120465112
contrast,det_nonpar_dt2000ns_ap0.05_tau5000ns,3,contrast0.95,0.95,5.437,1.0,10.401528157851567,0.95,7.47457627118644,8.380137501186196,0.11800000000000001,9.419999999999998,636.9426751592358,0.0,0.1,off,2.0,mean,-0.36287243411324765,0.89,31.763081011833453,24.01508859716924,23.949456804206736,21.364632138174844,1.4867132186693919,1.3925750472071892,2.345830191588313,1.322630182408634,1.1996553098860232,1.4475714259350922,1.326254756903474,1.2004664904574835,1.4469553650882898
contrast,det_nonpar_dt2000ns_ap0.05_tau5000ns,3,contrast0.95,0.95,5.437,1.0,10.401528157851567,0.95,7.47457627118644,8.380137501186196,0.11800000000000001,9.419999999999998,636.9426751592358,0.0,0.1,off,2.0,mean,-0.36287243411324765,0.9,nan,nan,47.97652496860947,27.388513117683654,nan,nan,nan,nan,nan,nan,nan,nan,nan
contrast,det_nonpar_dt2000ns_ap0.05_tau5000ns,3,contrast0.95,0.95,5.437,1.0,10.401528157851567,0.95,7.47457627118644,8.380137501186196,0.11800000000000001,9.419999999999998,636.9426751592358,0.0,0.1,off,2.0,mean,-0.36287243411324765,0.91,nan,nan,nan,nan,nan,nan,nan,nan,nan,nan,nan,nan,nan
contrast,det_nonpar_dt2000ns_ap0.05_tau5000ns,3,contrast0.95,0.95,5.437,1.0,10.401528157851567,0.95,7.47457627118644,8.380137501186196,0.11800000000000001,9.419999999999998,636.9426751592358,0.0,0.1,off,2.0,mean,-0.36287243411324765,0.92,nan,nan,nan,nan,nan,nan,nan,nan,nan,nan,nan,nan,nan
contrast,det_nonpar_dt2000ns_ap0.05_tau5000ns,3,contrast0.95,0.95,5.437,1.0,10.401528157851567,0.95,7.47457627118644,8.380137501186196,0.11800000000000001,9.419999999999998,636.9426751592358,0.0,0.1,off,2.0,mean,-0.36287243411324765,0.93,nan,nan,nan,nan,nan,nan,nan,nan,nan,nan,nan,nan,nan
contrast,det_nonpar_dt2000ns_ap0.05_tau5000ns,3,contrast0.95,0.95,5.437,1.0,10.401528157851567,0.95,7.47457627118644,8.380137501186196,0.11800000000000001,9.419999999999998,636.9426751592358,0.0,0.1,off,2.0,mean,-0.36287243411324765,0.94,nan,nan,nan,nan,nan,nan,nan,nan,nan,nan,nan,nan,nan
contrast,det_nonpar_dt2000ns_ap0.05_tau5000ns,3,contrast0.95,0.95,5.437,1.0,10.401528157851567,0.95,7.47457627118644,8.380137501186196,0.11800000000000001,9.419999999999998,636.9426751592358,0.0,0.1,off,2.0,mean,-0.36287243411324765,0.95,nan,nan,nan,nan,nan,nan,nan,nan,nan,nan,nan,nan,nan
contrast,det_nonpar_dt2000ns_ap0.05_tau5000ns,3,contrast0.95,0.95,5.437,1.0,10.401528157851567,0.95,7.47457627118644,8.380137501186196,0.11800000000000001,9.419999999999998,636.9426751592358,0.0,0.1,off,2.0,mean,-0.36287243411324765,0.96,nan,nan,nan,nan,nan,nan,nan,nan,nan,nan,nan,nan,nan
contrast,det_nonpar_dt2000ns_ap0.05_tau5000ns,3,contrast0.95,0.95,5.437,1.0,10.401528157851567,0.95,7.47457627118644,8.380137501186196,0.11800000000000001,9.419999999999998,636.9426751592358,0.0,0.1,off,2.0,mean,-0.36287243411324765,0.97,nan,nan,nan,nan,nan,nan,nan,nan,nan,nan,nan,nan,nan
contrast,det_nonpar_dt2000ns_ap0.05_tau5000ns,3,contrast0.95,0.95,5.437,1.0,10.401528157851567,0.95,7.47457627118644,8.380137501186196,0.11800000000000001,9.419999999999998,636.9426751592358,0.0,0.1,off,2.0,mean,-0.36287243411324765,0.98,nan,nan,nan,nan,nan,nan,nan,nan,nan,nan,nan,nan,nan
contrast,det_nonpar_dt2000ns_ap0.05_tau5000ns,3,contrast0.95,0.95,5.437,1.0,10.401528157851567,0.95,7.47457627118644,8.380137501186196,0.11800000000000001,9.419999999999998,636.9426751592358,0.0,0.1,off,2.0,mean,-0.36287243411324765,0.99,nan,nan,nan,nan,nan,nan,nan,nan,nan,nan,nan,nan,nan
contrast,det_nonpar_dt2000ns_ap0.05_tau5000ns,4,contrast0.99,0.99,5.437,1.0,10.401528157851567,0.9900000000000001,7.47457627118644,9.170920552634383,0.11800000000000001,9.419999999999998,636.9426751592358,0.0,0.1,off,2.0,mean,-0.36751727355275143,0.55,1.1832865403644026,4.215160567960399,4.215160567960399,1.1336428325580523,1.0437913127314797,1.0243394350425998,1.1156213775514392,0.2807215813695474,0.2744760609653803,0.30214258695713847,0.2807215813695474,0.2744760609653803,0.30214258695713847
contrast,det_nonpar_dt2000ns_ap0.05_tau5000ns,4,contrast0.99,0.99,5.437,1.0,10.401528157851567,0.9900000000000001,7.47457627118644,9.170920552634383,0.11800000000000001,9.419999999999998,636.9426751592358,0.0,0.1,off,2.0,mean,-0.36751727355275143,0.56,1.439126180823685,4.215160567960399,4.215160567960399,1.392818313172001,1.0332476010788676,1.0191474913291245,1.0580301525852274,0.3414166928212746,0.3205773046886879,0.3675776737618642,0.3414166928212746,0.3205773046886879,0.3675776737618642
contrast,det_nonpar_dt2000ns_ap0.05_tau5000ns,4,contrast0.99,0.99,5.437,1.0,10.401528157851567,0.9900000000000001,7.47457627118644,9.170920552634383,0.11800000000000001,9.419999999999998,636.9426751592358,0.0,0.1,off,2.0,mean,-0.36751727355275143,0.57,1.7317085455061871,4.215160567960399,4.215160567960399,1.6496092588523135,1.0497689293469368,1.0323520803443365,1.0688452421705832,0.4108286072585163,0.3869876966594379,0.4405061859614429,0.4108286072585163,0.3869876966594379,0.4405061859614429
contrast,det_nonpar_dt2000ns_ap0.05_tau5000ns,4,contrast0.99,0.99,5.437,1.0,10.401528157851567,0.9900000000000001,7.47457627118644,9.170920552634383,0.11800000000000001,9.419999999999998,636.9426751592358,0.0,0.1,off,2.0,mean,-0.36751727355275143,0.58,2.027256989371769,4.215160567960399,4.215160567960399,1.9384765509539361,1.0457990778243582,1.0399788903804494,1.0571882339924792,0.48094419101873104,0.45883522577654456,0.5053326308518349,0.48094419101873104,0.45883522577654456,0.5053326308518349
contrast,det_nonpar_dt2000ns_ap0.05_tau5000ns,4,contrast0.99,0.99,5.437,1.0,10.401528157851567,0.9900000000000001,7.47457627118644,9.170920552634383,0.11800000000000001,9.419999999999998,636.9426751592358,0.0,0.1,off,2.0,mean,-0.36751727355275143,0.59,2.2679645844589267,4.215160567960399,4.215160567960399,2.1482587894814067,1.0557222414560292,1.0424119860060803,1.0707202223658314,0.5380493928743343,0.5184318712612873,0.5610166997900056,0.5380493928743343,0.5184318712612873,0.5610166997900056
contrast,det_nonpar_dt2000ns_ap0.05_tau5000ns,4,contrast0.99,0.99,5.437,1.0,10.401528157851567,0.9900000000000001,7.47457627118644,9.170920552634383,0.11800000000000001,9.419999999999998,636.9426751592358,0.0,0.1,off,2.0,mean,-0.36751727355275143,0.6,2.5329695589734897,4.215160567960399,4.215160567960399,2.380743694997518,1.0639404671304318,1.0423611767926553,1.0896219996298064,0.6009188779726901,0.5722456820820904,0.6381278573246609,0.6009188779726901,0.5722456820820904,0.6381278573246609
contrast,det_nonpar_dt2000ns_ap0.05_tau5000ns,4,contrast0.99,0.99,5.437,1.0,10.401528157851567,0.9900000000000001,7.47457627118644,9.170920552634383,0.11800000000000001,9.419999999999998,636.9426751592358,0.0,0.1,off,2.0,mean,-0.36751727355275143,0.61,2.851580363790346,4.215160567960399,4.215160567960399,2.6383881537096774,1.0808039597134,1.0641382862747009,1.0943674811575848,0.6765057505674447,0.648404760713054,0.7082814353261789,0.6765057505674447,0.648404760713054,0.7082814353261789
contrast,det_nonpar_dt2000ns_ap0.05_tau5000ns,4,contrast0.99,0.99,5.437,1.0,10.401528157851567,0.9900000000000001,7.47457627118644,9.170920552634383,0.11800000000000001,9.419999999999998,636.9426751592358,0.0,0.1,off,2.0,mean,-0.36751727355275143,0.62,3.146440912396236,4.215160567960399,4.215160567960399,2.9239149364387242,1.0761054889744994,0.7802498820637106,1.0880793439385057,0.7464581388221501,0.7147837197552698,0.780166617310331,0.7464581388221501,0.7147837197552698,0.780166617310331
contrast,det_nonpar_dt2000ns_ap0.05_tau5000ns,4,contrast0.99,0.99,5.437,1.0,10.401528157851567,0.9900000000000001,7.47457627118644,9.170920552634383,0.11800000000000001,9.419999999999998,636.9426751592358,0.0,0.1,off,2.0,mean,-0.36751727355275143,0.63,3.475734571757471,4.215160567960399,4.215160567960399,4.215160567960399,0.8245793999347655,0.791075908423182,0.8814701186625482,0.8245793999347655,0.7848818764292974,0.869649572074686,0.8245793999347655,0.7848818764292974,0.869649572074686
contrast,det_nonpar_dt2000ns_ap0.05_tau5000ns,4,contrast0.99,0.99,5.437,1.0,10.401528157851567,0.9900000000000001,7.47457627118644,9.170920552634383,0.11800000000000001,9.419999999999998,636.9426751592358,0.0,0.1,off,2.0,mean,-0.36751727355275143,0.64,3.8340260714479446,4.215160567960399,4.215160567960399,4.215160567960399,0.9095800764010101,0.870000601448296,0.9435596271457963,0.9095800764010101,0.870000601448296,0.9435596271457963,0.9095800764010101,0.870000601448296,0.9435596271457963
contrast,det_nonpar_dt2000ns_ap0.05_tau5000ns,4,contrast0.99,0.99,5.437,1.0,10.401528157851567,0.9900000000000001,7.47457627118644,9.170920552634383,0.11800000000000001,9.419999999999998,636.9426751592358,0.0,0.1,off,2.0,mean,-0.36751727355275143,0.65,4.1409606114483655,4.215160567960399,4.215160567960399,4.215160567960399,0.9823968849310202,0.9450491262156996,1.0250571571401923,0.9823968849310202,0.9450491262156996,1.0250571571401923,0.9823968849310202,0.9450491262156996,1.0250571571401923
contrast,det_nonpar_dt2000ns_ap0.05_tau5000ns,4,contrast0.99,0.99,5.437,1.0,10.401528157851567,0.9900000000000001,7.47457627118644,9.170920552634383,0.11800000000000001,9.419999999999998,636.9426751592358,0.0,0.1,off,2.0,mean,-0.36751727355275143,0.66,4.524692139964753,4.215160567960399,4.215160567960399,4.215160567960399,1.0734329255110981,1.0143967100794449,1.0983506313249372,1.0734329255110981,1.0021556728854508,1.0962214151749397,1.0734329255110981,1.0021556728854508,1.0962214151749397
contrast,det_nonpar_dt2000ns_ap0.05_tau5000ns,4,contrast0.99,0.99,5.437,1.0,10.401528157851567,0.9900000000000001,7.47457627118644,9.170920552634383,0.11800000000000001,9.419999999999998,636.9426751592358,0.0,0.1,off,2.0,mean,-0.36751727355275143,0.67,4.9033915164684485,4.808774709474424,4.808774709474424,4.69829348586335,1.043653729002289,1.0167608112657214,1.0765466295965957,1.0196758660387244,1.0058310934440977,1.0387646702675286,1.0196758660387244,1.0058310934440977,1.0387646702675286
contrast,det_nonpar_dt2000ns_ap0.05_tau5000ns,4,contrast0.99,0.99,5.437,1.0,10.401528157851567,0.9900000000000001,7.47457627118644,9.170920552634383,0.11800000000000001,9.419999999999998,636.9426751592358,0.0,0.1,off,2.0,mean,-0.36751727355275143,0.68,5.290134949151145,5.064927718465377,5.064927718465377,4.814722368840836,1.0987414317774604,1.0687855173616814,1.1151055538289012,1.0444640561926921,1.0255584644011535,1.06689713961956,1.0444640561926921,1.0255584644011535,1.06689713961956
contrast,det_nonpar_dt2000ns_ap0.05_tau5000ns,4,contrast0.99,0.99,5.437,1.0,10.401528157851567,0.9900000000000001,7.47457627118644,9.170920552634383,0.11800000000000001,9.419999999999998,636.9426751592358,0.0,0.1,off,2.0,mean,-0.36751727355275143,0.69,5.702916746293668,5.334725443206025,5.334725443206025,5.089884293575881,1.1204413337040917,1.1126111019618588,1.1294220388169056,1.0690178542471287,1.0472173875128872,1.0925783289710012,1.0690178542471287,1.0472173875128872,1.0925783289710012
contrast,det_nonpar_dt2000ns_ap0.05_tau5000ns,4,contrast0.99,0.99,5.437,1.0,10.401528157851567,0.9900000000000001,7.47457627118644,9.170920552634383,0.11800000000000001,9.419999999999998,636.9426751592358,0.0,0.1,off,2.0,mean,-0.36751727355275143,0.7,6.14400347285883,5.618894708138624,5.618894708138624,5.4327411595361665,1.1309214432338959,1.1239566616870764,1.1397984099492593,1.0934541029857026,1.0697512209910969,1.11806868484915,1.0934541029857026,1.0697512209910969,1.11806868484915
contrast,det_nonpar_dt2000ns_ap0.05_tau5000ns,4,contrast0.99,0.99,5.437,1.0,10.401528157851567,0.9900000000000001,7.47457627118644,9.170920552634383,0.11800000000000001,9.419999999999998,636.9426751592358,0.0,0.1,off,2.0,mean,-0.36751727355275143,0.71,6.592983045113906,5.918201054068554,5.918201054068554,5.76209021489327,1.1441998995560723,1.1351232765608443,1.1532591541883868,1.1140180917952194,1.094513280297903,1.1316106159609625,1.1140180917952194,1.094513280297903,1.1316106159609625
contrast,det_nonpar_dt2000ns_ap0.05_tau5000ns,4,contrast0.99,0.99,5.437,1.0,10.401528157851567,0.9900000000000001,7.47457627118644,9.170920552634383,0.11800000000000001,9.419999999999998,636.9426751592358,0.0,0.1,off,2.0,mean,-0.36751727355275143,0.72,7.039578754101054,6.233450800501107,6.233450800501107,6.108205567119758,1.1524790180597135,1.1395572640740255,1.1655996416236563,1.129322903059593,1.1105813064956822,1.1478153244430058,1.129322903059593,1.1105813064956822,1.1478153244430058
contrast,det_nonpar_dt2000ns_ap0.05_tau5000ns,4,contrast0.99,0.99,5.437,1.0,10.401528157851567,0.9900000000000001,7.47457627118644,9.170920552634383,0.11800000000000001,9.419999999999998,636.9426751592358,0.0,0.1,off,2.0,mean,-0.36751727355275143,0.73,7.501802211856336,6.565493217834469,6.565493217834469,6.475111263228268,1.1585595840582044,1.1459024056092657,1.1693096235159202,1.1426106101942932,1.125120050063886,1.1587049412321595,1.1426106101942932,1.125120050063886,1.1587049412321595
contrast,det_nonpar_dt2000ns_ap0.05_tau5000ns,4,contrast0.99,0.99,5.437,1.0,10.401528157851567,0.9900000000000001,7.47457627118644,9.170920552634383,0.11800000000000001,9.419999999999998,636.9426751592358,0.0,0.1,off,2.0,mean,-0.36751727355275143,0.74,7.990618467739398,6.915222815260712,6.915222815260712,6.864056130801719,1.1641248724471163,1.1503119553063357,1.1754753721639968,1.1555113524477434,1.137848825558186,1.1702055013479187,1.1555113524477434,1.137848825558186,1.1702055013479187
contrast,det_nonpar_dt2000ns_ap0.05_tau5000ns,4,contrast0.99,0.99,5.437,1.0,10.401528157851567,0.9900000000000001,7.47457627118644,9.170920552634383,0.11800000000000001,9.419999999999998,636.9426751592358,0.0,0.1,off,2.0,mean,-0.36751727355275143,0.75,8.511285914210566,7.283581750538327,7.283581750538327,7.276364011590223,1.1697168944067788,1.1604978271223705,1.1777561927889009,1.1685577516283798,1.1543966426023118,1.180850771095658,1.1685577516283798,1.1543966426023118,1.180850771095658
contrast,det_nonpar_dt2000ns_ap0.05_tau5000ns,4,contrast0.99,0.99,5.437,1.0,10.401528157851567,0.9900000000000001,7.47457627118644,9.170920552634383,0.11800000000000001,9.419999999999998,636.9426751592358,0.0,0.1,off,2.0,mean,-0.36751727355275143,0.76,9.063941550614516,7.671562368128104,7.671562368128104,7.884593524188463,1.149576261960497,1.1333522636360402,1.181771475429762,1.1814987763471914,1.0043693048126132,1.1901598147011352,1.1814987763471914,1.0043693048126132,1.1901598147011352
contrast,det_nonpar_dt2000ns_ap0.05_tau5000ns,4,contrast0.99,0.99,5.437,1.0,10.401528157851567,0.9900000000000001,7.47457627118644,9.170920552634383,0.11800000000000001,9.419999999999998,636.9426751592358,0.0,0.1,off,2.0,mean,-0.36751727355275143,0.77,9.64959301868387,9.527330426465593,9.527330426465593,8.120395349028872,1.1883156673939375,1.1487453017186384,1.1924796271263451,1.0128328279534264,1.0013930545862544,1.1902906011389274,1.0128328279534264,1.0013930545862544,1.1902906011389274
contrast,det_nonpar_dt2000ns_ap0.05_tau5000ns,4,contrast0.99,0.99,5.437,1.0,10.401528157851567,0.9900000000000001,7.47457627118644,9.170920552634383,0.11800000000000001,9.419999999999998,636.9426751592358,0.0,0.1,off,2.0,mean,-0.36751727355275143,0.78,10.223681661727651,9.906584226019314,9.906584226019314,8.629731161409376,1.1847045371988107,1.158075561837811,1.2000211655777653,1.0320087558409377,1.0198450565268204,1.0453194036809443,1.0320087558409377,1.0198450565268204,1.0453194036809443
contrast,det_nonpar_dt2000ns_ap0.05_tau5000ns,4,contrast0.99,0.99,5.437,1.0,10.401528157851567,0.9900000000000001,7.47457627118644,9.170920552634383,0.11800000000000001,9.419999999999998,636.9426751592358,0.0,0.1,off,2.0,mean,-0.36751727355275143,0.79,10.810445147753338,10.300934955986653,10.300934955986653,9.512139893100061,1.1364892936020679,1.1268730679537788,1.2073077313961722,1.0494625190765396,1.0366377941827438,1.0685735433989316,1.0494625190765396,1.0366377941827438,1.0685735433989316
contrast,det_nonpar_dt2000ns_ap0.05_tau5000ns,4,contrast0.99,0.99,5.437,1.0,10.401528157851567,0.9900000000000001,7.47457627118644,9.170920552634383,0.11800000000000001,9.419999999999998,636.9426751592358,0.0,0.1,off,2.0,mean,-0.36751727355275143,0.8,11.516801385127636,10.71098357885812,10.71098357885812,9.885357792534903,1.1650363726667279,1.1477815330380314,1.1799288520583968,1.0752328486302678,1.055977149147774,1.0956707218932953,1.0752328486302678,1.055977149147774,1.0956707218932953
contrast,det_nonpar_dt2000ns_ap0.05_tau5000ns,4,contrast0.99,0.99,5.437,1.0,10.401528157851567,0.9900000000000001,7.47457627118644,9.170920552634383,0.11800000000000001,9.419999999999998,636.9426751592358,0.0,0.1,off,2.0,mean,-0.36751727355275143,0.81,12.310697055169122,11.137354979597541,11.137354979597541,10.273219252937512,1.1983290487691107,1.1770376667089995,1.2185536679811588,1.1053519509543352,1.0818518747861305,1.1311979863312516,1.1053519509543352,1.0818518747861305,1.1311979863312516
contrast,det_nonpar_dt2000ns_ap0.05_tau5000ns,4,contrast0.99,0.99,5.437,1.0,10.401528157851567,0.9900000000000001,7.47457627118644,9.170920552634383,0.11800000000000001,9.419999999999998,636.9426751592358,0.0,0.1,off,2.0,mean,-0.36751727355275143,0.82,13.261652891182829,11.580698917922328,11.580698917922328,10.676298828417272,1.2421582707936274,1.2195488874655105,1.2566211561980012,1.1451513406206468,1.1183312689253537,1.1718112615015703,1.1451513406206468,1.1183312689253537,1.1718112615015703
contrast,det_nonpar_dt2000ns_ap0.05_tau5000ns,4,contrast0.99,0.99,5.437,1.0,10.401528157851567,0.9900000000000001,7.47457627118644,9.170920552634383,0.11800000000000001,9.419999999999998,636.9426751592358,0.0,0.1,off,2.0,mean,-0.36751727355275143,0.83,14.192939888786084,12.041691018491154,12.041691018491154,11.223472594000997,1.2645765176432366,1.259155061949357,1.271264992298356,1.1786500639313435,1.1558035214601494,1.2014772535747058,1.1786500639313435,1.1558035214601494,1.2014772535747058
contrast,det_nonpar_dt2000ns_ap0.05_tau5000ns,4,contrast0.99,0.99,5.437,1.0,10.401528157851567,0.9900000000000001,7.47457627118644,9.170920552634383,0.11800000000000001,9.419999999999998,636.9426751592358,0.0,0.1,off,2.0,mean,-0.36751727355275143,0.84,15.153476066891608,12.521033800507887,12.521033800507887,11.87105434260996,1.2765063346142493,1.2701311752797253,1.2856603815329146,1.2102416069092428,1.1889522930592629,1.2345967438134668,1.2102416069092428,1.1889522930592629,1.2345967438134668
contrast,det_nonpar_dt2000ns_ap0.05_tau5000ns,4,contrast0.99,0.99,5.437,1.0,10.401528157851567,0.9900000000000001,7.47457627118644,9.170920552634383,0.11800000000000001,9.419999999999998,636.9426751592358,0.0,0.1,off,2.0,mean,-0.36751727355275143,0.85,16.222229116428952,13.01945774831094,13.01945774831094,12.50038661339097,1.2977381914772923,1.2880439630185914,1.3073043962582138,1.2459988296005278,1.2251059749179454,1.269131102492436,1.2459988296005278,1.2251059749179454,1.269131102492436
contrast,det_nonpar_dt2000ns_ap0.05_tau5000ns,4,contrast0.99,0.99,5.437,1.0,10.401528157851567,0.9900000000000001,7.47457627118644,9.170920552634383,0.11800000000000001,9.419999999999998,636.9426751592358,0.0,0.1,off,2.0,mean,-0.36751727355275143,0.86,17.38273113580279,13.53772242457952,13.53772242457952,13.228534397256539,1.3140330299483356,1.3040992169463423,1.321458471433389,1.2840218310461256,1.2608960032427745,1.3011800274165302,1.2840218310461256,1.2608960032427745,1.3011800274165302
contrast,det_nonpar_dt2000ns_ap0.05_tau5000ns,4,contrast0.99,0.99,5.437,1.0,10.401528157851567,0.9900000000000001,7.47457627118644,9.170920552634383,0.11800000000000001,9.419999999999998,636.9426751592358,0.0,0.1,off,2.0,mean,-0.36751727355275143,0.87,18.643330634507553,14.07661762785317,14.07661762785317,14.013990907787242,1.3303370008716002,1.2446803329521068,1.3379378130206103,1.3244183458971213,1.0036408925539093,1.3356587216583395,1.3244183458971213,1.0035520023990752,1.3356587216583395
contrast,det_nonpar_dt2000ns_ap0.05_tau5000ns,4,contrast0.99,0.99,5.437,1.0,10.401528157851567,0.9900000000000001,7.47457627118644,9.170920552634383,0.11800000000000001,9.419999999999998,636.9426751592358,0.0,0.1,off,2.0,mean,-0.36751727355275143,0.88,20.256366165714542,19.741429535954268,19.75090698337608,15.295005400057107,1.3243778368093229,1.2897406412189074,1.3508809345182908,1.0260840598611383,1.011848883098433,1.0447172223910566,1.0255916947390769,1.0116965657768884,1.0434246143598895
contrast,det_nonpar_dt2000ns_ap0.05_tau5000ns,4,contrast0.99,0.99,5.437,1.0,10.401528157851567,0.9900000000000001,7.47457627118644,9.170920552634383,0.11800000000000001,9.419999999999998,636.9426751592358,0.0,0.1,off,2.0,mean,-0.36751727355275143,0.89,22.036027859905893,20.86658147933583,20.88937186127053,18.91060060086091,1.1652738231329731,1.1564840755574266,1.3712517320894602,1.0560439850546752,1.0386548919949152,1.074535708833336,1.0548918371624805,1.0379900421289572,1.0733184292012556
contrast,det_nonpar_dt2000ns_ap0.05_tau5000ns,4,contrast0.99,0.99,5.437,1.0,10.401528157851567,0.9900000000000001,7.47457627118644,9.170920552634383,0.11800000000000001,9.419999999999998,636.9426751592358,0.0,0.1,off,2.0,mean,-0.36751727355275143,0.9,24.315396932137123,22.055860840308394,22.09345915738051,19.02438713147681,1.2781172273300763,1.221411567261826,1.340574199747426,1.1024460622139622,1.0697061087846227,1.1397852024490454,1.1005699360579466,1.0688376616384114,1.136983280251603
contrast,det_nonpar_dt2000ns_ap0.05_tau5000ns,4,contrast0.99,0.99,5.437,1.0,10.401528157851567,0.9900000000000001,7.47457627118644,9.170920552634383,0.11800000000000001,9.419999999999998,636.9426751592358,0.0,0.1,off,2.0,mean,-0.36751727355275143,0.91,28.598871695163474,23.31292252584792,23.366951422978424,19.7618789008198,1.4471737145387062,1.372876356424597,1.4571079645464935,1.2267390183901148,1.1448936146400157,1.2756629567568887,1.2239025612489665,1.1419952383119978,1.271597481539197
contrast,det_nonpar_dt2000ns_ap0.05_tau5000ns,4,contrast0.99,0.99,5.437,1.0,10.401528157851567,0.9900000000000001,7.47457627118644,9.170920552634383,0.11800000000000001,9.419999999999998,636.9426751592358,0.0,0.1,off,2.0,mean,-0.36751727355275143,0.92,33.999152580704774,24.64162975234786,24.713849239920066,23.80389674099536,1.4283019688180305,1.0644016884188852,1.5068643335588099,1.3797444780398636,1.2847489707006887,1.4927854045894884,1.3757125509119899,0.9533787673384101,1.4657882578262829
contrast,det_nonpar_dt2000ns_ap0.05_tau5000ns,4,contrast0.99,0.99,5.437,1.0,10.401528157851567,0.9900000000000001,7.47457627118644,9.170920552634383,0.11800000000000001,9.419999999999998,636.9426751592358,0.0,0.1,off,2.0,mean,-0.36751727355275143,0.93,nan,nan,nan,nan,nan,0.4588796991233988,1.5307012411241496,nan,nan,nan,nan,0.7386928454502745,0.9835269424375963
contrast,det_nonpar_dt2000ns_ap0.05_tau5000ns,4,contrast0.99,0.99,5.437,1.0,10.401528157851567,0.9900000000000001,7.47457627118644,9.170920552634383,0.11800000000000001,9.419999999999998,636.9426751592358,0.0,0.1,off,2.0,mean,-0.36751727355275143,0.94,nan,nan,nan,nan,nan,nan,nan,nan,nan,nan,nan,nan,nan
contrast,det_nonpar_dt2000ns_ap0.05_tau5000ns,4,contrast0.99,0.99,5.437,1.0,10.401528157851567,0.9900000000000001,7.47457627118644,9.170920552634383,0.11800000000000001,9.419999999999998,636.9426751592358,0.0,0.1,off,2.0,mean,-0.36751727355275143,0.95,nan,nan,nan,nan,nan,nan,nan,nan,nan,nan,nan,nan,nan
contrast,det_nonpar_dt2000ns_ap0.05_tau5000ns,4,contrast0.99,0.99,5.437,1.0,10.401528157851567,0.9900000000000001,7.47457627118644,9.170920552634383,0.11800000000000001,9.419999999999998,636.9426751592358,0.0,0.1,off,2.0,mean,-0.36751727355275143,0.96,nan,nan,nan,nan,nan,nan,nan,nan,nan,nan,nan,nan,nan
contrast,det_nonpar_dt2000ns_ap0.05_tau5000ns,4,contrast0.99,0.99,5.437,1.0,10.401528157851567,0.9900000000000001,7.47457627118644,9.170920552634383,0.11800000000000001,9.419999999999998,636.9426751592358,0.0,0.1,off,2.0,mean,-0.36751727355275143,0.97,nan,nan,nan,nan,nan,nan,nan,nan,nan,nan,nan,nan,nan
contrast,det_nonpar_dt2000ns_ap0.05_tau5000ns,4,contrast0.99,0.99,5.437,1.0,10.401528157851567,0.9900000000000001,7.47457627118644,9.170920552634383,0.11800000000000001,9.419999999999998,636.9426751592358,0.0,0.1,off,2.0,mean,-0.36751727355275143,0.98,nan,nan,nan,nan,nan,nan,nan,nan,nan,nan,nan,nan,nan
contrast,det_nonpar_dt2000ns_ap0.05_tau5000ns,4,contrast0.99,0.99,5.437,1.0,10.401528157851567,0.9900000000000001,7.47457627118644,9.170920552634383,0.11800000000000001,9.419999999999998,636.9426751592358,0.0,0.1,off,2.0,mean,-0.36751727355275143,0.99,nan,nan,nan,nan,nan,nan,nan,nan,nan,nan,nan,nan,nan
