experiment,detector,physics_layer,point_index,point,sigma,kind,a_over_c,cost_discard,condition,tau_c_ms,gamma_tot_tau_c,method,action_set,risk,risk_vs_clean_pct,third_action_gain_pct,third_action_gain_ci_low,third_action_gain_ci_high,third_action_gain_resolved,risk_ci_low,risk_ci_high,risk_vs_clean_ci_low,risk_vs_clean_ci_high,risk_vs_clean_resolved,discard_rate,degenerate,F,T_us
demo,ideal,nv_charge_readout_master_v1_4,0,high_flux,0.3,ou,500.0,0.15,clean,nan,0.0,threshold,two,0.14416666666666667,0.0,29.299132947976876,27.06514624554063,31.16031759348034,1,0.13888368055555556,0.14889583333333334,-4.670634191176477,5.3755919871559135,0,0.0,0,0.8652083333333334,4.6875
demo,ideal,nv_charge_readout_master_v1_4,0,high_flux,0.3,ou,500.0,0.15,clean,nan,0.0,threshold,three,0.10192708333333333,0.0,29.299132947976876,27.06514624554063,31.16031759348034,1,0.09807586805555554,0.10607222222222222,-4.512317725011162,5.735903902047595,0,0.14131944444444444,0,0.7920138888888889,7.03125
demo,ideal,nv_charge_readout_master_v1_4,0,high_flux,0.3,ou,500.0,0.15,clean,nan,0.0,adaptive_count,two,0.13804600694444444,0.0,26.329788906425865,24.2170534051273,28.04808569776631,1,0.1327568793402778,0.1428663302951389,-5.414472784833034,5.083016644372444,0,0.0,0,0.8739583333333333,6.002170138888889
demo,ideal,nv_charge_readout_master_v1_4,0,high_flux,0.3,ou,500.0,0.15,clean,nan,0.0,adaptive_count,three,0.10169878472222223,0.0,26.329788906425865,24.2170534051273,28.04808569776631,1,0.09760053439670138,0.10562867567274306,-4.68025742810292,5.223929479433436,0,0.14750000000000002,0,0.7849305555555556,6.002170138888889
demo,ideal,nv_charge_readout_master_v1_4,0,high_flux,0.3,ou,500.0,0.15,clean,nan,0.0,fixed_count_mmpp,two,0.12811545138888888,0.0,24.39477196810061,22.05860414531785,26.423672907242505,1,0.12288246256510417,0.13298744032118054,-4.876930240120887,5.841664058713774,0,0.0,0,0.883888888888889,6.002170138888889
demo,ideal,nv_charge_readout_master_v1_4,0,high_flux,0.3,ou,500.0,0.15,clean,nan,0.0,fixed_count_mmpp,three,0.09686197916666665,0.0,24.39477196810061,22.05860414531785,26.423672907242505,1,0.09310123155381944,0.10068679741753472,-4.589590615045373,5.417307665169859,0,0.1717361111111111,0,0.7691666666666667,6.002170138888889
demo,ideal,nv_charge_readout_master_v1_4,0,high_flux,0.3,ou,500.0,0.15,clean,nan,0.0,mmpp_sprt,two,0.12190787760416666,0.0,18.97476019200661,16.45388606016329,21.022543442812985,1,0.11649607476128473,0.12678018663194443,-5.1242067256229085,5.722187486493097,0,0.0,0,0.8875694444444444,4.738661024305555
demo,ideal,nv_charge_readout_master_v1_4,0,high_flux,0.3,ou,500.0,0.15,clean,nan,0.0,mmpp_sprt,three,0.0987761501736111,0.0,18.97476019200661,16.45388606016329,21.022543442812985,1,0.0950644015842014,0.10262187771267361,-4.521043556212199,4.976705022495425,0,0.16881944444444444,0,0.7753472222222222,8.809950086805555
demo,ideal,nv_charge_readout_master_v1_4,0,high_flux,0.3,ou,500.0,0.15,clean,nan,0.0,mmpp_sprt_exh,two,0.12190787760416666,0.0,18.975739272614316,16.455174195563327,21.02395951348847,1,0.11649607476128473,0.12678018663194443,-5.1242067256229085,5.722187486493097,0,0.0,0,0.8875694444444444,4.738661024305555
demo,ideal,nv_charge_readout_master_v1_4,0,high_flux,0.3,ou,500.0,0.15,clean,nan,0.0,mmpp_sprt_exh,three,0.09877495659722221,0.0,18.975739272614316,16.455174195563327,21.02395951348847,1,0.0950625732421875,0.10262079806857638,-4.520277087423195,4.976767568473891,0,0.16881944444444444,0,0.7753472222222222,8.80935329861111
demo,ideal,nv_charge_readout_master_v1_4,0,high_flux,0.3,ou,500.0,0.15,clean,nan,0.0,exact_sprt,two,0.12259604231089594,0.0,20.292089666851524,18.023080660536433,22.327302187537388,1,0.11716748568626303,0.12719649162914018,-4.956193843639113,5.8057831653959875,0,0.0,0,0.8860416666666666,4.318854488781299
demo,ideal,nv_charge_readout_master_v1_4,0,high_flux,0.3,ou,500.0,0.15,clean,nan,0.0,exact_sprt,three,0.0977187434771577,0.0,20.292089666851524,18.023080660536433,22.327302187537388,1,0.09386255458948484,0.10145577312497225,-4.75547609445559,5.015607066319114,0,0.16527777777777777,0,0.778125,8.1649272941344
demo,ideal,nv_charge_readout_master_v1_4,0,high_flux,0.3,ou,500.0,0.15,clean,nan,0.0,learned_clean,two,0.12198741319444444,0.0,21.693220996303253,19.229227116131547,23.591217152164628,1,0.11691944444444444,0.12673790961371528,-4.918301100346131,5.724630038986053,0,0.0,0,0.8892361111111111,5.611762152777778
demo,ideal,nv_charge_readout_master_v1_4,0,high_flux,0.3,ou,500.0,0.15,clean,nan,0.0,learned_clean,three,0.09552441406250001,0.0,21.693220996303253,19.229227116131547,23.591217152164628,1,0.091936865234375,0.09929922960069443,-4.843556980949307,5.679473647526389,0,0.17944444444444446,0,0.7652083333333333,6.630262586805555
demo,ideal,nv_charge_readout_master_v1_4,0,high_flux,0.3,ou,500.0,0.15,clean,nan,0.0,learned_matched,two,0.12198741319444444,0.0,21.693220996303253,19.229227116131547,23.591217152164628,1,0.11691944444444444,0.12673790961371528,-4.918301100346131,5.724630038986053,0,0.0,0,0.8892361111111111,5.611762152777778
demo,ideal,nv_charge_readout_master_v1_4,0,high_flux,0.3,ou,500.0,0.15,clean,nan,0.0,learned_matched,three,0.09552441406250001,0.0,21.693220996303253,19.229227116131547,23.591217152164628,1,0.091936865234375,0.09929922960069443,-4.843556980949307,5.679473647526389,0,0.17944444444444446,0,0.7652083333333333,6.630262586805555
demo,ideal,nv_charge_readout_master_v1_4,0,high_flux,0.3,ou,500.0,0.15,tau_c=0.02ms,0.02,1.246014032946919,threshold,two,0.14447916666666666,0.21676300578034222,24.465272770968518,22.255854477859405,26.57307327056206,1,0.13891840277777778,0.14996701388888892,-4.783025015530459,6.163316857409447,0,0.0,0,0.8664583333333333,5.46875
demo,ideal,nv_charge_readout_master_v1_4,0,high_flux,0.3,ou,500.0,0.15,tau_c=0.02ms,0.02,1.246014032946919,threshold,three,0.10913194444444443,7.068642479986362,24.465272770968518,22.255854477859405,26.57307327056206,1,0.10473116319444443,0.11332907986111111,1.1084782147491985,12.793284389803418,1,0.14166666666666666,0,0.7876388888888889,8.59375
demo,ideal,nv_charge_readout_master_v1_4,0,high_flux,0.3,ou,500.0,0.15,tau_c=0.02ms,0.02,1.246014032946919,adaptive_count,two,0.13967198350694443,1.1778512095278164,25.362468022097286,23.07987115261188,27.40045158841778,1,0.1344562038845486,0.14521315104166668,-4.295268382525422,6.614772991877328,0,0.0,0,0.8769444444444445,8.308213975694445
demo,ideal,nv_charge_readout_master_v1_4,0,high_flux,0.3,ou,500.0,0.15,tau_c=0.02ms,0.02,1.246014032946919,adaptive_count,three,0.10424772135416666,2.5063589883660233,25.362468022097286,23.07987115261188,27.40045158841778,1,0.10020384114583333,0.10831621636284723,-3.2872667212155173,8.434139383035104,0,0.1421527777777778,0,0.7870833333333334,6.080457899305555
demo,ideal,nv_charge_readout_master_v1_4,0,high_flux,0.3,ou,500.0,0.15,tau_c=0.02ms,0.02,1.246014032946919,fixed_count_mmpp,two,0.13078309461805554,2.0822181869922467,22.846319205971632,20.80438051561079,25.012601186817047,1,0.12596508517795138,0.13558494466145832,-3.0497048284150994,7.836697064636937,0,0.0,0,0.8858333333333333,8.308213975694445
demo,ideal,nv_charge_readout_master_v1_4,0,high_flux,0.3,ou,500.0,0.15,tau_c=0.02ms,0.02,1.246014032946919,fixed_count_mmpp,three,0.10090397135416666,4.172939911278409,22.846319205971632,20.80438051561079,25.012601186817047,1,0.09704717339409721,0.10532232530381945,-1.2035661816328362,9.954255912854636,0,0.17819444444444443,0,0.7597916666666666,6.080457899305555
demo,ideal,nv_charge_readout_master_v1_4,0,high_flux,0.3,ou,500.0,0.15,tau_c=0.02ms,0.02,1.246014032946919,mmpp_sprt,two,0.1272434895833333,4.376757338431664,19.074748694439034,16.92100924687115,21.151191503602742,1,0.12177855631510416,0.1321686008029514,-1.3784064878323972,10.33391356570566,0,0.0,0,0.8831944444444444,5.218967013888889
demo,ideal,nv_charge_readout_master_v1_4,0,high_flux,0.3,ou,500.0,0.15,tau_c=0.02ms,0.02,1.246014032946919,mmpp_sprt,three,0.10297211371527777,4.247952096018877,19.074748694439034,16.92100924687115,21.151191503602742,1,0.09897521158854167,0.10745537651909723,-1.5028655920566076,10.103476312920998,0,0.14277777777777778,0,0.7893749999999999,6.854112413194445
demo,ideal,nv_charge_readout_master_v1_4,0,high_flux,0.3,ou,500.0,0.15,tau_c=0.02ms,0.02,1.246014032946919,mmpp_sprt_exh,two,0.12723480902777778,4.36963675219382,19.069995121934582,16.91760183853702,21.144215234720736,1,0.12176907009548611,0.13216356336805557,-1.384140440552937,10.325224906797269,0,0.0,0,0.8831944444444444,5.214626736111111
demo,ideal,nv_charge_readout_master_v1_4,0,high_flux,0.3,ou,500.0,0.15,tau_c=0.02ms,0.02,1.246014032946919,mmpp_sprt_exh,three,0.10297113715277778,4.248223132778956,19.069995121934582,16.91760183853702,21.144215234720736,1,0.09897388509114582,0.10745419379340278,-1.5019136067307741,10.103384012530503,0,0.14277777777777778,0,0.7893749999999999,6.853624131944445
demo,ideal,nv_charge_readout_master_v1_4,0,high_flux,0.3,ou,500.0,0.15,tau_c=0.02ms,0.02,1.246014032946919,exact_sprt,two,0.1274656704210911,3.972092425174786,20.419294606763394,18.16988441562948,22.496034824863592,1,0.1222369058049405,0.1325325327058786,-1.5096040850025598,9.89405523236614,0,0.0,0,0.8855555555555555,6.510612988323337
demo,ideal,nv_charge_readout_master_v1_4,0,high_flux,0.3,ou,500.0,0.15,tau_c=0.02ms,0.02,1.246014032946919,exact_sprt,three,0.10143807965532245,3.8061645553538725,20.419294606763394,18.16988441562948,22.496034824863592,1,0.0976935365704103,0.10577931773426892,-2.0484805279934264,9.462095418835753,0,0.17131944444444447,0,0.7695138888888888,8.28674816099456
demo,ideal,nv_charge_readout_master_v1_4,0,high_flux,0.3,ou,500.0,0.15,tau_c=0.02ms,0.02,1.246014032946919,learned_clean,two,0.12556456163194446,2.932391419595194,20.217628194880252,17.907293613256893,22.465792084689962,1,0.12066480034722223,0.13040521104600694,-2.5077663333139237,9.12911407235874,0,0.0,0,0.8859722222222222,5.768391927083333
demo,ideal,nv_charge_readout_master_v1_4,0,high_flux,0.3,ou,500.0,0.15,tau_c=0.02ms,0.02,1.246014032946919,learned_clean,three,0.10017838541666667,4.87202292716671,20.217628194880252,17.907293613256893,22.465792084689962,1,0.09661729058159722,0.10439934624565972,-0.7361141031071671,11.055045325084079,0,0.18798611111111113,0,0.7534027777777778,6.684678819444445
demo,ideal,nv_charge_readout_master_v1_4,0,high_flux,0.3,ou,500.0,0.15,tau_c=0.02ms,0.02,1.246014032946919,learned_matched,two,0.12396788194444444,1.6235025386128938,19.064795428923546,16.938528203647223,21.243777731449462,1,0.11922454155815972,0.12885005154079862,-3.565389578280824,7.701085650877495,0,0.0,0,0.8877083333333333,5.838107638888889
demo,ideal,nv_charge_readout_master_v1_4,0,high_flux,0.3,ou,500.0,0.15,tau_c=0.02ms,0.02,1.246014032946919,learned_matched,three,0.10033365885416666,5.0345713594433,19.064795428923546,16.938528203647223,21.243777731449462,1,0.09664990505642362,0.10452034776475692,-0.8518455734208158,11.075392619524262,0,0.18243055555555554,0,0.757986111111111,6.69287109375
demo,ideal,nv_charge_readout_master_v1_4,0,high_flux,0.3,ou,500.0,0.15,tau_c=0.05ms,0.05,3.1150350823672976,threshold,two,0.15069444444444444,4.52793834296724,24.949308755760374,22.317166163270503,27.09438782650897,1,0.14493055555555556,0.1559722222222222,-0.8400990977820302,10.618626683741216,0,0.0,0,0.8586805555555556,4.6875
demo,ideal,nv_charge_readout_master_v1_4,0,high_flux,0.3,ou,500.0,0.15,tau_c=0.05ms,0.05,3.1150350823672976,threshold,three,0.11309722222222221,10.958950774995728,24.949308755760374,22.317166163270503,27.09438782650897,1,0.10926241319444444,0.11715946180555557,5.6083876820859855,17.030902812516118,1,0.1475,0,0.7802777777777777,9.375
demo,ideal,nv_charge_readout_master_v1_4,0,high_flux,0.3,ou,500.0,0.15,tau_c=0.05ms,0.05,3.1150350823672976,adaptive_count,two,0.14740190972222222,6.777380226248049,28.225058448709415,26.024046750906066,30.033621619471184,1,0.14181988118489583,0.1521663818359375,1.3339651124589256,12.1125984881909,1,0.0,0,0.8692361111111111,8.319010416666666
demo,ideal,nv_charge_readout_master_v1_4,0,high_flux,0.3,ou,500.0,0.15,tau_c=0.05ms,0.05,3.1150350823672976,adaptive_count,three,0.10579763454861112,4.0303823075019,28.225058448709415,26.024046750906066,30.033621619471184,1,0.10191848687065973,0.10976168619791667,-1.6386653600393024,9.869670202616241,0,0.14777777777777779,0,0.7807638888888889,6.086317274305555
demo,ideal,nv_charge_readout_master_v1_4,0,high_flux,0.3,ou,500.0,0.15,tau_c=0.05ms,0.05,3.1150350823672976,fixed_count_mmpp,two,0.13823524305555554,7.898962659818813,24.010499412861776,22.3363178264378,26.014045693814367,1,0.13270282118055554,0.14367260199652776,2.493285112867136,13.927049215952831,1,0.0,0,0.8784027777777778,8.319010416666666
demo,ideal,nv_charge_readout_master_v1_4,0,high_flux,0.3,ou,500.0,0.15,tau_c=0.05ms,0.05,3.1150350823672976,fixed_count_mmpp,three,0.10504427083333333,8.447371958596595,24.010499412861776,22.3363178264378,26.014045693814367,1,0.10108461100260417,0.10874580620659721,2.584129477474991,14.302840788131913,1,0.1782638888888889,0,0.7600694444444445,8.319010416666666
demo,ideal,nv_charge_readout_master_v1_4,0,high_flux,0.3,ou,500.0,0.15,tau_c=0.05ms,0.05,3.1150350823672976,mmpp_sprt,two,0.1342939453125,10.160186488153574,22.202103497506986,20.27274408132422,24.504589109350494,1,0.128935986328125,0.13965687391493056,4.693420681496556,17.345373247761568,1,0.0,0,0.8753472222222223,4.820583767361112
demo,ideal,nv_charge_readout_master_v1_4,0,high_flux,0.3,ou,500.0,0.15,tau_c=0.05ms,0.05,3.1150350823672976,mmpp_sprt,three,0.10447786458333332,5.772359420468154,22.202103497506986,20.27274408132422,24.504589109350494,1,0.10058991156684027,0.10800365125868054,0.39088043407667766,11.348751975575723,1,0.17930555555555555,0,0.7610416666666666,8.96462673611111
demo,ideal,nv_charge_readout_master_v1_4,0,high_flux,0.3,ou,500.0,0.15,tau_c=0.05ms,0.05,3.1150350823672976,mmpp_sprt_exh,two,0.1342939453125,10.160186488153574,22.20331546887537,20.273902221864656,24.505014218949096,1,0.128935986328125,0.13965687391493056,4.693420681496556,17.345373247761568,1,0.0,0,0.8753472222222223,4.820583767361112
demo,ideal,nv_charge_readout_master_v1_4,0,high_flux,0.3,ou,500.0,0.15,tau_c=0.05ms,0.05,3.1150350823672976,mmpp_sprt_exh,three,0.10447623697916665,5.771989761729515,22.20331546887537,20.273902221864656,24.505014218949096,1,0.10058786349826387,0.10800231662326389,0.39248511268694153,11.350089705690102,1,0.17930555555555555,0,0.7610416666666666,8.963812934027777
demo,ideal,nv_charge_readout_master_v1_4,0,high_flux,0.3,ou,500.0,0.15,tau_c=0.05ms,0.05,3.1150350823672976,exact_sprt,two,0.13497261043556805,10.095405929406681,21.887271198065477,19.62904757896721,23.900840448781597,1,0.12992631671641322,0.14027916806587887,4.540197935788138,17.03993093397195,1,0.0,0,0.8754861111111112,5.229360773339577
demo,ideal,nv_charge_readout_master_v1_4,0,high_flux,0.3,ou,500.0,0.15,tau_c=0.05ms,0.05,3.1150350823672976,exact_sprt,three,0.10543078914642684,7.892084358485304,21.887271198065477,19.62904757896721,23.900840448781597,1,0.10164390388330757,0.10920977217140872,2.3451957079896117,13.855260250768968,1,0.17152777777777778,0,0.7669444444444444,9.0869223509912
demo,ideal,nv_charge_readout_master_v1_4,0,high_flux,0.3,ou,500.0,0.15,tau_c=0.05ms,0.05,3.1150350823672976,learned_clean,two,0.1334370659722222,9.385929644665355,23.953776196253557,21.98260773763143,26.02491696462005,1,0.12819136827256947,0.13864560546875,3.794178562744517,15.981066798554725,1,0.0,0,0.8779861111111111,5.711588541666667
demo,ideal,nv_charge_readout_master_v1_4,0,high_flux,0.3,ou,500.0,0.15,tau_c=0.05ms,0.05,3.1150350823672976,learned_clean,three,0.10147384982638889,6.228183467313676,23.953776196253557,21.98260773763143,26.02491696462005,1,0.09771122775607641,0.10521118977864584,0.7751206999396417,12.267468294158947,1,0.1890277777777778,0,0.75125,6.69873046875
demo,ideal,nv_charge_readout_master_v1_4,0,high_flux,0.3,ou,500.0,0.15,tau_c=0.05ms,0.05,3.1150350823672976,learned_matched,two,0.13348784722222223,9.427557914886215,23.13936323791439,21.228321331816478,25.28497126058121,1,0.1281921142578125,0.13867026909722222,3.945919034071464,16.383512446954487,1,0.0,0,0.8781944444444445,5.841145833333334
demo,ideal,nv_charge_readout_master_v1_4,0,high_flux,0.3,ou,500.0,0.15,tau_c=0.05ms,0.05,3.1150350823672976,learned_matched,three,0.10259960937500001,7.40668799901858,23.13936323791439,21.228321331816478,25.28497126058121,1,0.09860309244791667,0.10639441460503472,1.965114976518602,13.427173872426593,1,0.17097222222222222,0,0.765,6.462999131944445
demo,ideal,nv_charge_readout_master_v1_4,0,high_flux,0.3,ou,500.0,0.15,tau_c=0.1ms,0.1,6.230070164734595,threshold,two,0.1459375,1.2283236994219648,24.68474898881751,22.39504213842384,26.790650326869546,1,0.1403732638888889,0.15149305555555553,-4.092835970114515,6.714184809455546,0,0.0,0,0.865,5.46875
demo,ideal,nv_charge_readout_master_v1_4,0,high_flux,0.3,ou,500.0,0.15,tau_c=0.1ms,0.1,6.230070164734595,threshold,three,0.10991319444444445,7.8351217850451365,24.68474898881751,22.39504213842384,26.790650326869546,1,0.10622213541666667,0.11330329861111112,2.530756381927755,13.077958073240431,1,0.23506944444444444,0,0.7090277777777778,9.375
demo,ideal,nv_charge_readout_master_v1_4,0,high_flux,0.3,ou,500.0,0.15,tau_c=0.1ms,0.1,6.230070164734595,adaptive_count,two,0.13944162326388887,1.0109791295927064,21.53126541716014,19.39191226277057,23.421898513388104,1,0.13360525444878474,0.14418806694878472,-4.423138962566161,6.086021184267244,0,0.0,0,0.8771527777777778,8.297200520833334
demo,ideal,nv_charge_readout_master_v1_4,0,high_flux,0.3,ou,500.0,0.15,tau_c=0.1ms,0.1,6.230070164734595,adaptive_count,three,0.10941807725694444,7.5903488481268635,21.53126541716014,19.39191226277057,23.421898513388104,1,0.10541173231336805,0.11315109863281249,2.3322428862094684,12.832286836876541,1,0.2210416666666667,0,0.7213194444444444,9.311469184027779
demo,ideal,nv_charge_readout_master_v1_4,0,high_flux,0.3,ou,500.0,0.15,tau_c=0.1ms,0.1,6.230070164734595,fixed_count_mmpp,two,0.1322888454861111,3.257525967382397,22.201999058378878,19.935256643582893,24.127531454188578,1,0.1270245876736111,0.1372362630208333,-1.6222400497738587,8.93406062599135,0,0.0,0,0.8843055555555556,8.297200520833334
demo,ideal,nv_charge_readout_master_v1_4,0,high_flux,0.3,ou,500.0,0.15,tau_c=0.1ms,0.1,6.230070164734595,fixed_count_mmpp,three,0.10291807725694443,6.252296455616799,22.201999058378878,19.935256643582893,24.127531454188578,1,0.09908519965277778,0.10673377278645833,0.7718419813048364,11.797213492918964,1,0.1790972222222222,0,0.7634722222222222,9.311469184027779
demo,ideal,nv_charge_readout_master_v1_4,0,high_flux,0.3,ou,500.0,0.15,tau_c=0.1ms,0.1,6.230070164734595,mmpp_sprt,two,0.12961751302083335,6.32414866715979,21.444889519528214,19.32737053858993,23.553642369459567,1,0.12436951497395833,0.13434307996961806,0.21327967781562182,12.31157361610809,1,0.0,0,0.8800694444444443,4.843478732638889
demo,ideal,nv_charge_readout_master_v1_4,0,high_flux,0.3,ou,500.0,0.15,tau_c=0.1ms,0.1,6.230070164734595,mmpp_sprt,three,0.10182118055555554,3.082758719177076,21.444889519528214,19.32737053858993,23.553642369459567,1,0.09818841959635416,0.10568414713541667,-1.9541581226735512,7.961112206060192,0,0.17506944444444444,0,0.7659027777777778,8.266493055555555
demo,ideal,nv_charge_readout_master_v1_4,0,high_flux,0.3,ou,500.0,0.15,tau_c=0.1ms,0.1,6.230070164734595,mmpp_sprt_exh,two,0.12961751302083335,6.32414866715979,21.450414589533363,19.332904795837145,23.55938337553147,1,0.12436951497395833,0.13434307996961806,0.21327967781562182,12.31157361610809,1,0.0,0,0.8800694444444443,4.843478732638889
demo,ideal,nv_charge_readout_master_v1_4,0,high_flux,0.3,ou,500.0,0.15,tau_c=0.1ms,0.1,6.230070164734595,mmpp_sprt_exh,three,0.10181401909722221,3.0767540727883858,21.450414589533363,19.332904795837145,23.55938337553147,1,0.09818209364149307,0.10567822808159723,-1.9606911918732448,7.957667843446488,0,0.17506944444444444,0,0.7659027777777778,8.26291232638889
demo,ideal,nv_charge_readout_master_v1_4,0,high_flux,0.3,ou,500.0,0.15,tau_c=0.1ms,0.1,6.230070164734595,exact_sprt,two,0.13003166084248535,6.065137496635618,20.64398760196862,18.335627808705965,22.763948969338546,1,0.12470657676932828,0.13518296835070612,0.6722333025866121,11.77758227643891,1,0.0,0,0.8788194444444444,4.425552643464902
demo,ideal,nv_charge_readout_master_v1_4,0,high_flux,0.3,ou,500.0,0.15,tau_c=0.1ms,0.1,6.230070164734595,exact_sprt,three,0.10318794089952879,5.5968765333638855,20.64398760196862,18.335627808705965,22.763948969338546,1,0.09950860388515659,0.10699494717087965,0.13279557078908014,10.791932725313462,1,0.16680555555555554,0,0.7729861111111112,8.979387116431065
demo,ideal,nv_charge_readout_master_v1_4,0,high_flux,0.3,ou,500.0,0.15,tau_c=0.1ms,0.1,6.230070164734595,learned_clean,two,0.12763997395833332,4.633724591633781,22.201763110691726,19.873158913998015,24.241092293400566,1,0.12247211642795137,0.13221938747829862,-0.7973473948218971,10.548825409589972,0,0.0,0,0.8838194444444445,5.729709201388889
demo,ideal,nv_charge_readout_master_v1_4,0,high_flux,0.3,ou,500.0,0.15,tau_c=0.1ms,0.1,6.230070164734595,learned_clean,three,0.09930164930555554,3.9542092774148365,22.201763110691726,19.873158913998015,24.241092293400566,1,0.09562307942708334,0.10318939344618056,-1.641023044939792,9.053175796707851,0,0.18881944444444443,0,0.7535416666666667,6.669921875
demo,ideal,nv_charge_readout_master_v1_4,0,high_flux,0.3,ou,500.0,0.15,tau_c=0.1ms,0.1,6.230070164734595,learned_matched,two,0.12684266493055557,3.980125169448428,20.84813966339945,18.16697704923938,23.008149212394095,1,0.12167835015190973,0.13185140516493057,-1.4796012466316868,9.943260984281006,0,0.0,0,0.883888888888889,5.365776909722222
demo,ideal,nv_charge_readout_master_v1_4,0,high_flux,0.3,ou,500.0,0.15,tau_c=0.1ms,0.1,6.230070164734595,learned_matched,three,0.10039832899305555,5.102271475192324,20.84813966339945,18.16697704923938,23.008149212394095,1,0.09662513563368057,0.10420948079427082,-0.27123985033404635,10.839449892537806,0,0.1807638888888889,0,0.75875,6.398817274305555
demo,ideal,nv_charge_readout_master_v1_4,0,high_flux,0.3,ou,500.0,0.15,tau_c=0.25ms,0.25,15.575175411836486,threshold,two,0.14802083333333332,2.673410404624272,25.82219094534365,23.357967060010672,27.83885216368708,1,0.14273958333333334,0.15336979166666667,-2.50582768707261,8.415034855124738,0,0.0,0,0.8629166666666667,5.46875
demo,ideal,nv_charge_readout_master_v1_4,0,high_flux,0.3,ou,500.0,0.15,tau_c=0.25ms,0.25,15.575175411836486,threshold,three,0.10979861111111111,7.722704820303183,25.82219094534365,23.357967060010672,27.83885216368708,1,0.10636640625,0.11337517361111112,2.121890324129595,13.471885222048346,1,0.22944444444444445,0,0.7154861111111112,10.15625
demo,ideal,nv_charge_readout_master_v1_4,0,high_flux,0.3,ou,500.0,0.15,tau_c=0.25ms,0.25,15.575175411836486,adaptive_count,two,0.14165852864583334,2.6168969181721646,26.280615078225242,24.41793288551361,28.372011020402496,1,0.13688072374131943,0.14713417426215278,-2.308344545437467,8.384178554683883,0,0.0,0,0.8749305555555555,8.294542100694445
demo,ideal,nv_charge_readout_master_v1_4,0,high_flux,0.3,ou,500.0,0.15,tau_c=0.25ms,0.25,15.575175411836486,adaptive_count,three,0.10442979600694444,2.6853922514232913,26.280615078225242,24.41793288551361,28.372011020402496,1,0.10076784125434028,0.10837149522569445,-3.0556481173128085,8.772779094531293,0,0.14354166666666668,0,0.7856944444444445,6.067328559027778
demo,ideal,nv_charge_readout_master_v1_4,0,high_flux,0.3,ou,500.0,0.15,tau_c=0.25ms,0.25,15.575175411836486,fixed_count_mmpp,two,0.1327001953125,3.5786034189539837,21.573961642401873,19.475516196049192,23.556205099625334,1,0.12787887912326387,0.137587939453125,-1.3992268678674982,9.565815123304494,0,0.0,0,0.883888888888889,8.294542100694445
demo,ideal,nv_charge_readout_master_v1_4,0,high_flux,0.3,ou,500.0,0.15,tau_c=0.25ms,0.25,15.575175411836486,fixed_count_mmpp,three,0.10407150607638888,7.443092709593584,21.573961642401873,19.475516196049192,23.556205099625334,1,0.10032451171875001,0.10775370279947916,1.9799584407688053,12.762332490432716,1,0.1798611111111111,0,0.7616666666666667,9.31005859375
demo,ideal,nv_charge_readout_master_v1_4,0,high_flux,0.3,ou,500.0,0.15,tau_c=0.25ms,0.25,15.575175411836486,mmpp_sprt,two,0.1293060980902778,6.068697635876381,20.543348284152284,18.291153162447653,22.83926954363111,1,0.12429618598090278,0.13414901801215276,0.5599114862698839,12.979835127845803,1,0.0,0,0.8803472222222222,4.82666015625
demo,ideal,nv_charge_readout_master_v1_4,0,high_flux,0.3,ou,500.0,0.15,tau_c=0.25ms,0.25,15.575175411836486,mmpp_sprt,three,0.10274229600694444,4.015286915274945,20.543348284152284,18.291153162447653,22.83926954363111,1,0.09893941786024305,0.10635279405381944,-1.3654706181145604,9.641359628192047,0,0.175,0,0.765,8.246148003472221
demo,ideal,nv_charge_readout_master_v1_4,0,high_flux,0.3,ou,500.0,0.15,tau_c=0.25ms,0.25,15.575175411836486,mmpp_sprt_exh,two,0.1293054470486111,6.068163591908523,20.547395733246955,18.293515706382557,22.84354457240978,1,0.12429596354166668,0.13414835069444445,0.5597427290327747,12.979449455978575,1,0.0,0,0.8803472222222222,4.826334635416666
demo,ideal,nv_charge_readout_master_v1_4,0,high_flux,0.3,ou,500.0,0.15,tau_c=0.25ms,0.25,15.575175411836486,mmpp_sprt_exh,three,0.10273654513888889,4.010721622304495,20.547395733246955,18.293515706382557,22.84354457240978,1,0.09893168402777777,0.10634809027777777,-1.3703146248078542,9.636800736176282,0,0.175,0,0.765,8.243272569444445
demo,ideal,nv_charge_readout_master_v1_4,0,high_flux,0.3,ou,500.0,0.15,tau_c=0.25ms,0.25,15.575175411836486,exact_sprt,two,0.1302702671183798,6.259765537962888,21.56099500237176,19.28485217975673,24.027697001856247,1,0.12547654938309852,0.13544434332785332,0.8580917443886581,13.364301535380712,1,0.0,0,0.8785416666666667,4.405966892523236
demo,ideal,nv_charge_readout_master_v1_4,0,high_flux,0.3,ou,500.0,0.15,tau_c=0.25ms,0.25,15.575175411836486,exact_sprt,three,0.10218270133540959,4.56816952348079,21.56099500237176,19.28485217975673,24.027697001856247,1,0.0986220532634095,0.10577459833890918,-0.8721297719001004,9.96221937923681,0,0.17270833333333335,0,0.7675,8.24239233437146
demo,ideal,nv_charge_readout_master_v1_4,0,high_flux,0.3,ou,500.0,0.15,tau_c=0.25ms,0.25,15.575175411836486,learned_clean,two,0.12643630642361112,3.6470100583863294,20.308057502465168,18.266440354295078,22.483053590012172,1,0.12199923773871528,0.13159962836371528,-1.9368661906780371,10.291146865684759,0,0.0,0,0.885,5.718153211805555
demo,ideal,nv_charge_readout_master_v1_4,0,high_flux,0.3,ou,500.0,0.15,tau_c=0.25ms,0.25,15.575175411836486,learned_clean,three,0.10075954861111111,5.480415242522025,20.308057502465168,18.266440354295078,22.483053590012172,1,0.09713371853298611,0.10425019802517362,-0.03963427809727208,11.22090626272079,0,0.18555555555555553,0,0.7548611111111112,6.671440972222222
demo,ideal,nv_charge_readout_master_v1_4,0,high_flux,0.3,ou,500.0,0.15,tau_c=0.25ms,0.25,15.575175411836486,learned_matched,two,0.1266779513888889,3.845100139116718,19.387578546319208,17.243464956955314,21.464606430058318,1,0.1212425564236111,0.13159956868489583,-2.2072174188686726,10.079692148094772,0,0.0,0,0.8838194444444445,5.248697916666667
demo,ideal,nv_charge_readout_master_v1_4,0,high_flux,0.3,ou,500.0,0.15,tau_c=0.25ms,0.25,15.575175411836486,learned_matched,three,0.1021181640625,6.902685627242704,19.387578546319208,17.243464956955314,21.464606430058318,1,0.09837632107204862,0.10585195041232638,1.3995358579574306,12.779173107326228,1,0.16333333333333333,0,0.7722916666666666,6.62158203125
demo,ideal,nv_charge_readout_master_v1_4,0,high_flux,0.3,ou,500.0,0.15,tau_c=1ms,1.0,62.300701647345946,threshold,two,0.14805555555555555,2.6974951830443143,26.72138836772983,25.124827200522798,28.605276795314545,1,0.14249305555555558,0.15299479166666669,-2.3468321904364386,8.098483040591082,0,0.0,0,0.8738194444444445,10.9375
demo,ideal,nv_charge_readout_master_v1_4,0,high_flux,0.3,ou,500.0,0.15,tau_c=1ms,1.0,62.300701647345946,threshold,three,0.10849305555555555,6.441832737182756,26.72138836772983,25.124827200522798,28.605276795314545,1,0.10443220486111111,0.11222604166666666,0.6621267778548372,12.393287825464078,1,0.14875,0,0.7806944444444444,7.8125
demo,ideal,nv_charge_readout_master_v1_4,0,high_flux,0.3,ou,500.0,0.15,tau_c=1ms,1.0,62.300701647345946,adaptive_count,two,0.14217979600694447,2.994501002961747,26.135192001398142,24.330479587544282,28.179432974004502,1,0.136807958984375,0.14753690592447916,-2.093182154728422,8.484451669807457,0,0.0,0,0.8745138888888888,8.346842447916668
demo,ideal,nv_charge_readout_master_v1_4,0,high_flux,0.3,ou,500.0,0.15,tau_c=1ms,1.0,62.300701647345946,adaptive_count,three,0.10502083333333333,3.2665568425275375,26.135192001398142,24.330479587544282,28.179432974004502,1,0.10094067382812501,0.10875081651475695,-2.4618733783079803,9.303951387052594,0,0.1479861111111111,0,0.7813888888888889,6.098958333333333
demo,ideal,nv_charge_readout_master_v1_4,0,high_flux,0.3,ou,500.0,0.15,tau_c=1ms,1.0,62.300701647345946,fixed_count_mmpp,two,0.1373969184027778,7.244611725806137,25.861085883514313,24.01646787434742,27.60904017383984,1,0.13213129340277777,0.1430219807942708,1.663028950992863,13.649486747847206,1,0.0,0,0.8813194444444445,9.35818142361111
demo,ideal,nv_charge_readout_master_v1_4,0,high_flux,0.3,ou,500.0,0.15,tau_c=1ms,1.0,62.300701647345946,fixed_count_mmpp,three,0.10186458333333334,5.164672671057962,25.861085883514313,24.01646787434742,27.60904017383984,1,0.09823703613281248,0.10558398166232638,-0.12611705500796164,10.546281633628059,0,0.1811111111111111,0,0.7563888888888889,6.098958333333333
demo,ideal,nv_charge_readout_master_v1_4,0,high_flux,0.3,ou,500.0,0.15,tau_c=1ms,1.0,62.300701647345946,mmpp_sprt,two,0.133037109375,9.129214608238696,22.5144567602176,20.61557874840006,24.399373279102875,1,0.1275021321614583,0.1381395534939236,3.0186419796281365,15.26508720175386,1,0.0,0,0.8783333333333334,5.685221354166666
demo,ideal,nv_charge_readout_master_v1_4,0,high_flux,0.3,ou,500.0,0.15,tau_c=1ms,1.0,62.300701647345946,mmpp_sprt,three,0.10308452690972222,4.361758105107987,22.5144567602176,20.61557874840006,24.399373279102875,1,0.09920367838541666,0.10638912760416666,-0.8763741898787278,9.457777076068677,0,0.1753472222222222,0,0.7645138888888889,8.32177734375
demo,ideal,nv_charge_readout_master_v1_4,0,high_flux,0.3,ou,500.0,0.15,tau_c=1ms,1.0,62.300701647345946,mmpp_sprt_exh,two,0.1330356987847222,9.128057512975042,22.518121098774348,20.617702500302276,24.400998349820895,1,0.12749999186197916,0.13813889702690973,3.017827949859343,15.262166961125997,1,0.0,0,0.8783333333333334,5.684516059027779
demo,ideal,nv_charge_readout_master_v1_4,0,high_flux,0.3,ou,500.0,0.15,tau_c=1ms,1.0,62.300701647345946,mmpp_sprt_exh,three,0.1030785590277778,4.356977293449511,22.518121098774348,20.617702500302276,24.400998349820895,1,0.09919775933159722,0.10638548177083333,-0.8822212663475265,9.451864287413597,0,0.1753472222222222,0,0.7645138888888889,8.318793402777779
demo,ideal,nv_charge_readout_master_v1_4,0,high_flux,0.3,ou,500.0,0.15,tau_c=1ms,1.0,62.300701647345946,exact_sprt,two,0.1308554152429732,6.737063265983748,21.37154619414666,19.491539496213225,23.374697863335747,1,0.12575811762506978,0.13630410493491998,1.100701710632541,12.567711626015077,1,0.0,0,0.8821527777777778,6.504096510375485
demo,ideal,nv_charge_readout_master_v1_4,0,high_flux,0.3,ou,500.0,0.15,tau_c=1ms,1.0,62.300701647345946,exact_sprt,three,0.10288958972677875,5.291560314454685,21.37154619414666,19.491539496213225,23.374697863335747,1,0.09913201762171556,0.10631749975671184,0.03721613021728784,10.7245460502455,1,0.17354166666666668,0,0.76625,8.325003196722703
demo,ideal,nv_charge_readout_master_v1_4,0,high_flux,0.3,ou,500.0,0.15,tau_c=1ms,1.0,62.300701647345946,learned_clean,two,0.1306208767361111,7.077339633315434,22.30308638796081,19.927742615057667,24.237006914083576,1,0.12559217664930555,0.1358672824435764,0.8088351654120253,13.442307775589873,1,0.0,0,0.8808333333333334,5.727105034722222
demo,ideal,nv_charge_readout_master_v1_4,0,high_flux,0.3,ou,500.0,0.15,tau_c=1ms,1.0,62.300701647345946,learned_clean,three,0.10148838975694445,6.243404634277385,22.30308638796081,19.927742615057667,24.237006914083576,1,0.09764468858506944,0.10495286187065972,1.0465629929107432,11.632530657209497,1,0.1913888888888889,0,0.7492361111111111,6.702528211805555
demo,ideal,nv_charge_readout_master_v1_4,0,high_flux,0.3,ou,500.0,0.15,tau_c=1ms,1.0,62.300701647345946,learned_matched,two,0.1303849826388889,6.883963865238274,21.836708199209735,19.803366579293606,23.88197817419827,1,0.1252605495876736,0.13538241102430554,0.515051714277314,13.582095116084943,1,0.0,0,0.8804861111111111,5.435546875
demo,ideal,nv_charge_readout_master_v1_4,0,high_flux,0.3,ou,500.0,0.15,tau_c=1ms,1.0,62.300701647345946,learned_matched,three,0.10191319444444445,6.68811260937374,21.836708199209735,19.803366579293606,23.88197817419827,1,0.09806915147569445,0.10547193196614583,1.4988681204871945,12.333180424454,1,0.18375,0,0.7554861111111111,6.793402777777778
demo,ideal,nv_charge_readout_master_v1_4,1,moderate,0.3,ou,500.0,0.15,clean,nan,0.0,threshold,two,0.12434027777777777,0.0,30.536163082937726,28.413092072368315,32.51751169622457,1,0.11926041666666666,0.1291371527777778,-5.389431672012231,6.2232900982194925,0,0.0,0,0.8990972222222222,11.71875
demo,ideal,nv_charge_readout_master_v1_4,1,moderate,0.3,ou,500.0,0.15,clean,nan,0.0,threshold,three,0.08637152777777778,0.0,30.536163082937726,28.413092072368315,32.51751169622457,1,0.08299461805555555,0.08951927083333333,-5.406550723384224,5.441715044422399,0,0.12534722222222222,0,0.8383333333333334,15.625
demo,ideal,nv_charge_readout_master_v1_4,1,moderate,0.3,ou,500.0,0.15,clean,nan,0.0,adaptive_count,two,0.10119330512152779,0.0,21.893260490190052,19.68682072603527,24.218700959781113,1,0.09709612358940974,0.10526618109809027,-5.918575467769057,6.0514823629084695,0,0.0,0,0.9384027777777777,19.79804144965278
demo,ideal,nv_charge_readout_master_v1_4,1,moderate,0.3,ou,500.0,0.15,clean,nan,0.0,adaptive_count,three,0.07903879123263888,0.0,21.893260490190052,19.68682072603527,24.218700959781113,1,0.07602117784288194,0.08196449924045139,-5.383501727364074,5.810634241668461,0,0.11868055555555555,0,0.8493055555555555,14.611409505208332
demo,ideal,nv_charge_readout_master_v1_4,1,moderate,0.3,ou,500.0,0.15,clean,nan,0.0,fixed_count_mmpp,two,0.10383219401041667,0.0,24.797958026684636,22.53235587151048,27.014196384201625,1,0.0994679226345486,0.1078647732204861,-5.924754824885048,6.016271791699752,0,0.0,0,0.9357638888888888,19.79804144965278
demo,ideal,nv_charge_readout_master_v1_4,1,moderate,0.3,ou,500.0,0.15,clean,nan,0.0,fixed_count_mmpp,three,0.07808393012152778,0.0,24.797958026684636,22.53235587151048,27.014196384201625,1,0.07511955295138889,0.08095867919921874,-5.326534243642702,5.704631556531586,0,0.12805555555555556,0,0.8422916666666667,14.611409505208332
demo,ideal,nv_charge_readout_master_v1_4,1,moderate,0.3,ou,500.0,0.15,clean,nan,0.0,mmpp_sprt,two,0.09462809244791667,0.0,15.49491596361625,13.174360574964789,17.851567869837954,1,0.09045865885416667,0.09893170166015625,-6.451873191235936,7.085319146042262,0,0.0,0,0.9300694444444444,12.348768446180555
demo,ideal,nv_charge_readout_master_v1_4,1,moderate,0.3,ou,500.0,0.15,clean,nan,0.0,mmpp_sprt,three,0.07996554904513889,0.0,15.49491596361625,13.174360574964789,17.851567869837954,1,0.07633489854600695,0.0836806911892361,-6.228308848742049,6.508582814157945,0,0.06875,0,0.8902777777777777,14.340413411458334
demo,ideal,nv_charge_readout_master_v1_4,1,moderate,0.3,ou,500.0,0.15,clean,nan,0.0,mmpp_sprt_exh,two,0.09462809244791667,0.0,15.49491596361625,13.174360574964789,17.851567869837954,1,0.09045865885416667,0.09893170166015625,-6.451873191235936,7.085319146042262,0,0.0,0,0.9300694444444444,12.348768446180555
demo,ideal,nv_charge_readout_master_v1_4,1,moderate,0.3,ou,500.0,0.15,clean,nan,0.0,mmpp_sprt_exh,three,0.07996554904513889,0.0,15.49491596361625,13.174360574964789,17.851567869837954,1,0.07633489854600695,0.0836806911892361,-6.228308848742049,6.508582814157945,0,0.06875,0,0.8902777777777777,14.340413411458334
demo,ideal,nv_charge_readout_master_v1_4,1,moderate,0.3,ou,500.0,0.15,clean,nan,0.0,exact_sprt,two,0.09323686442449469,0.0,14.582806076634713,12.226286559038336,16.894500190012966,1,0.08873915366999018,0.0976323896387695,-6.085070968570458,7.319006352861213,0,0.0,0,0.928611111111111,10.923987767802895
demo,ideal,nv_charge_readout_master_v1_4,1,moderate,0.3,ou,500.0,0.15,clean,nan,0.0,exact_sprt,three,0.07964031329353581,0.0,14.582806076634713,12.226286559038336,16.894500190012966,1,0.07626624337105178,0.08285458518847894,-6.169593128999514,5.881405711680409,0,0.07881944444444444,0,0.8863194444444444,16.478142757879013
demo,ideal,nv_charge_readout_master_v1_4,1,moderate,0.3,ou,500.0,0.15,clean,nan,0.0,learned_clean,two,0.089033203125,0.0,12.873874203258863,10.579722687642974,14.856221706775514,1,0.08458015272352432,0.09294967312282985,-7.157508131397106,7.401063270304718,0,0.0,0,0.9384722222222223,13.75271267361111
demo,ideal,nv_charge_readout_master_v1_4,1,moderate,0.3,ou,500.0,0.15,clean,nan,0.0,learned_clean,three,0.07757118055555556,0.0,12.873874203258863,10.579722687642974,14.856221706775514,1,0.07441342095269098,0.0810695326063368,-6.1642615457000955,6.166183679884623,0,0.074375,0,0.8896527777777778,15.221354166666668
demo,ideal,nv_charge_readout_master_v1_4,1,moderate,0.3,ou,500.0,0.15,clean,nan,0.0,learned_matched,two,0.089033203125,0.0,12.873874203258863,10.579722687642974,14.856221706775514,1,0.08458015272352432,0.09294967312282985,-7.157508131397106,7.401063270304718,0,0.0,0,0.9384722222222223,13.75271267361111
demo,ideal,nv_charge_readout_master_v1_4,1,moderate,0.3,ou,500.0,0.15,clean,nan,0.0,learned_matched,three,0.07757118055555556,0.0,12.873874203258863,10.579722687642974,14.856221706775514,1,0.07441342095269098,0.0810695326063368,-6.1642615457000955,6.166183679884623,0,0.074375,0,0.8896527777777778,15.221354166666668
demo,ideal,nv_charge_readout_master_v1_4,1,moderate,0.3,ou,500.0,0.15,tau_c=0.02ms,0.02,0.18844240016910804,threshold,two,0.11807291666666667,-5.040491482826021,17.032789295691806,14.630968156349848,19.056856516196902,1,0.11424652777777777,0.12168402777777777,-10.166895534282391,-0.24112110134837356,1,0.0,0,0.9327083333333333,25.390625
demo,ideal,nv_charge_readout_master_v1_4,1,moderate,0.3,ou,500.0,0.15,tau_c=0.02ms,0.02,0.18844240016910804,threshold,three,0.09796180555555556,13.41909547738694,17.032789295691806,14.630968156349848,19.056856516196902,1,0.09496840277777777,0.10105260416666667,7.795022456253172,19.26379159960952,1,0.18791666666666668,0,0.7852777777777777,21.484375
demo,ideal,nv_charge_readout_master_v1_4,1,moderate,0.3,ou,500.0,0.15,tau_c=0.02ms,0.02,0.18844240016910804,adaptive_count,two,0.10472656250000001,3.4915920319323193,19.39792366032575,17.19475763565261,21.73679035705747,1,0.10112169731987847,0.10798703342013888,-1.2617182008899437,9.201182104668597,0,0.0,0,0.935138888888889,19.932725694444443
demo,ideal,nv_charge_readout_master_v1_4,1,moderate,0.3,ou,500.0,0.15,tau_c=0.02ms,0.02,0.18844240016910804,adaptive_count,three,0.08441178385416667,6.797918512839086,19.39792366032575,17.19475763565261,21.73679035705747,1,0.08106939968532986,0.08752722303602431,1.489202245216076,12.485531797830978,1,0.11659722222222223,0,0.8459027777777778,14.711100260416666
demo,ideal,nv_charge_readout_master_v1_4,1,moderate,0.3,ou,500.0,0.15,tau_c=0.02ms,0.02,0.18844240016910804,fixed_count_mmpp,two,0.10618489583333333,2.2658693147528366,20.93654199877376,18.412041590868363,22.988815749813575,1,0.10233450656467015,0.10951252577039931,-2.6297452410622704,7.687199530348098,0,0.0,0,0.9336805555555556,19.932725694444443
demo,ideal,nv_charge_readout_master_v1_4,1,moderate,0.3,ou,500.0,0.15,tau_c=0.02ms,0.02,0.18844240016910804,fixed_count_mmpp,three,0.08395345052083333,7.516937723511588,20.93654199877376,18.412041590868363,22.988815749813575,1,0.08064051513671876,0.08707928331163194,2.1807232516139257,13.615775098142048,1,0.12604166666666666,0,0.8383333333333334,14.711100260416666
demo,ideal,nv_charge_readout_master_v1_4,1,moderate,0.3,ou,500.0,0.15,tau_c=0.02ms,0.02,0.18844240016910804,mmpp_sprt,two,0.10275092230902777,8.583951817037741,13.143373083655188,10.496126828020843,15.46462747280351,1,0.09849184163411459,0.10739782036675347,2.51456084750591,15.407934784524748,1,0.0,0,0.9222222222222223,12.486572265625
demo,ideal,nv_charge_readout_master_v1_4,1,moderate,0.3,ou,500.0,0.15,tau_c=0.02ms,0.02,0.18844240016910804,mmpp_sprt,three,0.08924598524305556,11.60554302288109,13.143373083655188,10.496126828020843,15.46462747280351,1,0.08616756320529514,0.09223739556206598,5.347637491332844,18.07180656668971,1,0.09659722222222222,0,0.8701388888888889,20.746256510416668
demo,ideal,nv_charge_readout_master_v1_4,1,moderate,0.3,ou,500.0,0.15,tau_c=0.02ms,0.02,0.18844240016910804,mmpp_sprt_exh,two,0.10275092230902777,8.583951817037741,13.146805145981453,10.497737059190197,15.466469534085077,1,0.09849184163411459,0.10739782036675347,2.51456084750591,15.407934784524748,1,0.0,0,0.9222222222222223,12.486572265625
demo,ideal,nv_charge_readout_master_v1_4,1,moderate,0.3,ou,500.0,0.15,tau_c=0.02ms,0.02,0.18844240016910804,mmpp_sprt_exh,three,0.0892424587673611,11.60113302915683,13.146805145981453,10.497737059190197,15.466469534085077,1,0.08616397569444444,0.09223571370442708,5.3425206313393785,18.062914016033183,1,0.09659722222222222,0,0.8701388888888889,20.744493272569443
demo,ideal,nv_charge_readout_master_v1_4,1,moderate,0.3,ou,500.0,0.15,tau_c=0.02ms,0.02,0.18844240016910804,exact_sprt,two,0.0974264744611121,4.4935123703245665,10.216088807981466,7.739138123362561,12.358094809237699,1,0.0932747950508167,0.10121186189784935,-1.3511065996671863,10.916630296655162,0,0.0,0,0.930625,14.02573723055605
demo,ideal,nv_charge_readout_master_v1_4,1,moderate,0.3,ou,500.0,0.15,tau_c=0.02ms,0.02,0.18844240016910804,exact_sprt,three,0.08747329930767951,9.83545354131534,10.216088807981466,7.739138123362561,12.358094809237699,1,0.08432302238830607,0.09037204921421554,4.237994731436536,16.18018790751946,1,0.09416666666666668,0,0.872638888888889,20.076927431617534
demo,ideal,nv_charge_readout_master_v1_4,1,moderate,0.3,ou,500.0,0.15,tau_c=0.02ms,0.02,0.18844240016910804,learned_clean,two,0.09539523654513889,7.145686324692572,10.89457296006143,8.605053050048877,12.831061848633107,1,0.09174085828993056,0.09926066758897568,1.2839395010282166,14.07724729181682,1,0.0,0,0.9325694444444445,13.982340494791666
demo,ideal,nv_charge_readout_master_v1_4,1,moderate,0.3,ou,500.0,0.15,tau_c=0.02ms,0.02,0.18844240016910804,learned_clean,three,0.08500233289930555,9.57978503166892,10.89457296006143,8.605053050048877,12.831061848633107,1,0.0816829359266493,0.08833564453125001,3.454905430443519,16.39403516292728,1,0.07770833333333332,0,0.8797222222222223,15.388319227430555
demo,ideal,nv_charge_readout_master_v1_4,1,moderate,0.3,ou,500.0,0.15,tau_c=0.02ms,0.02,0.18844240016910804,learned_matched,two,0.09614556206597223,7.988434304656755,11.856694250785067,9.936890499997942,13.895935259889567,1,0.0922528076171875,0.1001724853515625,1.8556034195606772,14.630523833815568,1,0.0,0,0.9315972222222222,13.871392144097223
demo,ideal,nv_charge_readout_master_v1_4,1,moderate,0.3,ou,500.0,0.15,tau_c=0.02ms,0.02,0.18844240016910804,learned_matched,three,0.08474587673611111,9.24917750274165,11.856694250785067,9.936890499997942,13.895935259889567,1,0.08141085883246528,0.08803867730034723,2.894940426513894,15.831239578188416,1,0.07659722222222223,0,0.8807638888888889,15.308702256944445
demo,ideal,nv_charge_readout_master_v1_4,1,moderate,0.3,ou,500.0,0.15,tau_c=0.05ms,0.05,0.47110600042277007,threshold,two,0.12567708333333333,1.0751186819324219,23.047382235115343,21.253090485306632,24.69960506259764,1,0.12109375,0.13033333333333333,-4.46580563080577,7.45948904734287,0,0.0,0,0.9172916666666666,21.484375
demo,ideal,nv_charge_readout_master_v1_4,1,moderate,0.3,ou,500.0,0.15,tau_c=0.05ms,0.05,0.47110600042277007,threshold,three,0.09671180555555556,11.971859296482418,23.047382235115343,21.253090485306632,24.69960506259764,1,0.09382838541666666,0.09981666666666666,7.267539804095131,18.50291226888161,1,0.13027777777777777,0,0.8277083333333333,17.578125
demo,ideal,nv_charge_readout_master_v1_4,1,moderate,0.3,ou,500.0,0.15,tau_c=0.05ms,0.05,0.47110600042277007,adaptive_count,two,0.10765679253472223,6.387267819182441,18.011873025152077,15.616810400841361,20.23717365841536,1,0.10351678466796875,0.11161206732855904,0.9968048944059446,12.576220198155852,1,0.0,0,0.9324305555555557,20.04367404513889
demo,ideal,nv_charge_readout_master_v1_4,1,moderate,0.3,ou,500.0,0.15,tau_c=0.05ms,0.05,0.47110600042277007,adaptive_count,three,0.08826578776041666,11.674010171308788,18.011873025152077,15.616810400841361,20.23717365841536,1,0.08521468370225693,0.0913810763888889,5.932844468161439,17.904759967132524,1,0.12430555555555556,0,0.8356250000000001,14.775254991319443
demo,ideal,nv_charge_readout_master_v1_4,1,moderate,0.3,ou,500.0,0.15,tau_c=0.05ms,0.05,0.47110600042277007,fixed_count_mmpp,two,0.1085595703125,4.552900328398218,18.82801841107064,16.593189739879946,20.75450154607006,1,0.10458871120876735,0.11276796468098958,-1.1160184390836392,11.209256531054566,0,0.0,0,0.9315277777777777,20.04367404513889
demo,ideal,nv_charge_readout_master_v1_4,1,moderate,0.3,ou,500.0,0.15,tau_c=0.05ms,0.05,0.47110600042277007,fixed_count_mmpp,three,0.08811995442708333,12.85286779230469,18.82801841107064,16.593189739879946,20.75450154607006,1,0.08515660671657986,0.09097111545138889,7.007494269571323,19.45727345467975,1,0.13444444444444445,0,0.8271527777777778,14.775254991319443
demo,ideal,nv_charge_readout_master_v1_4,1,moderate,0.3,ou,500.0,0.15,tau_c=0.05ms,0.05,0.47110600042277007,mmpp_sprt,two,0.10307047526041666,8.921645352987193,11.734897712647937,9.566598194631972,13.676270305388188,1,0.09875787353515626,0.10735117594401042,2.4258478774095757,16.313110546398807,1,0.0,0,0.9350694444444444,19.069959852430557
demo,ideal,nv_charge_readout_master_v1_4,1,moderate,0.3,ou,500.0,0.15,tau_c=0.05ms,0.05,0.47110600042277007,mmpp_sprt,three,0.09097526041666666,13.768068253133633,11.734897712647937,9.566598194631972,13.676270305388188,1,0.08777009006076389,0.09434105767144095,7.610270213420943,21.23896539300374,1,0.09256944444444445,0,0.8659722222222221,17.815755208333332
demo,ideal,nv_charge_readout_master_v1_4,1,moderate,0.3,ou,500.0,0.15,tau_c=0.05ms,0.05,0.47110600042277007,mmpp_sprt_exh,two,0.10287272135416667,8.712665227599132,11.57577195896948,9.409222059331233,13.496696749730203,1,0.0985430636935764,0.10711458333333333,2.2177687304415272,16.065231648683785,1,0.0,0,0.9350694444444444,18.971082899305557
demo,ideal,nv_charge_readout_master_v1_4,1,moderate,0.3,ou,500.0,0.15,tau_c=0.05ms,0.05,0.47110600042277007,mmpp_sprt_exh,three,0.09096440972222224,13.754499041674457,11.57577195896948,9.409222059331233,13.496696749730203,1,0.08776178249782987,0.09432969835069444,7.595564138672556,21.22378660163725,1,0.09256944444444445,0,0.8659722222222221,17.81032986111111
demo,ideal,nv_charge_readout_master_v1_4,1,moderate,0.3,ou,500.0,0.15,tau_c=0.05ms,0.05,0.47110600042277007,exact_sprt,two,0.10123520785027935,8.578520390142357,8.92930694665067,7.3045519653550155,10.588013895876488,1,0.09710849924944148,0.10542122453270623,2.1205868387225566,16.019794557234654,1,0.0,0,0.9340277777777778,17.63149281402857
demo,ideal,nv_charge_readout_master_v1_4,1,moderate,0.3,ou,500.0,0.15,tau_c=0.05ms,0.05,0.47110600042277007,exact_sprt,three,0.09219560540324812,15.764995880210058,8.92930694665067,7.3045519653550155,10.588013895876488,1,0.08863803660428629,0.09606418984502685,9.120571706841641,22.97573247270604,1,0.06069444444444444,0,0.8846527777777777,14.219330479401833
demo,ideal,nv_charge_readout_master_v1_4,1,moderate,0.3,ou,500.0,0.15,tau_c=0.05ms,0.05,0.47110600042277007,learned_clean,two,0.09922173394097222,11.443518213837397,10.519149959947608,8.264225283345969,12.276019760501265,1,0.09516702609592015,0.10368804253472223,4.673011112339101,19.56765843813208,1,0.0,0,0.9292361111111112,14.228922526041666
demo,ideal,nv_charge_readout_master_v1_4,1,moderate,0.3,ou,500.0,0.15,tau_c=0.05ms,0.05,0.47110600042277007,learned_clean,three,0.08878445095486112,14.455459255612006,10.519149959947608,8.264225283345969,12.276019760501265,1,0.08554717746310764,0.09232337510850695,8.249679358435747,21.88890534043612,1,0.08124999999999999,0,0.8732638888888888,15.555419921875
demo,ideal,nv_charge_readout_master_v1_4,1,moderate,0.3,ou,500.0,0.15,tau_c=0.05ms,0.05,0.47110600042277007,learned_matched,two,0.10249104817708332,15.115535080984225,14.196912310791015,12.099416349467544,16.135713241188082,1,0.09793513997395834,0.1064990234375,8.073174679399333,23.46704979930496,1,0.0,0,0.9255555555555556,14.023301866319443
demo,ideal,nv_charge_readout_master_v1_4,1,moderate,0.3,ou,500.0,0.15,tau_c=0.05ms,0.05,0.47110600042277007,learned_matched,three,0.08794048394097223,13.367468834627692,14.196912310791015,12.099416349467544,16.135713241188082,1,0.08481398247612848,0.09118962944878473,7.332550279157763,20.815363838889454,1,0.09215277777777778,0,0.8661805555555555,16.225450303819443
demo,ideal,nv_charge_readout_master_v1_4,1,moderate,0.3,ou,500.0,0.15,tau_c=0.1ms,0.1,0.9422120008455401,threshold,two,0.12520833333333334,0.6981290142418406,22.15474209650582,20.099631072177488,24.064402173913038,1,0.12089583333333334,0.12944444444444445,-5.117687954034413,7.071153840750197,0,0.0,0,0.9216666666666666,23.4375
demo,ideal,nv_charge_readout_master_v1_4,1,moderate,0.3,ou,500.0,0.15,tau_c=0.1ms,0.1,0.9422120008455401,threshold,three,0.09746875,12.84824120603016,22.15474209650582,20.099631072177488,24.064402173913038,1,0.09424626736111111,0.10063003472222222,7.218865981772922,18.6902747698715,1,0.12930555555555556,0,0.8277777777777777,17.578125
demo,ideal,nv_charge_readout_master_v1_4,1,moderate,0.3,ou,500.0,0.15,tau_c=0.1ms,0.1,0.9422120008455401,adaptive_count,two,0.10923963758680555,7.9514474357908815,18.21177498938418,16.103373049475362,20.419841681482307,1,0.10520452202690972,0.11317425537109375,2.322308853158654,13.98398787905063,1,0.0,0,0.9309722222222222,20.10592990451389
demo,ideal,nv_charge_readout_master_v1_4,1,moderate,0.3,ou,500.0,0.15,tau_c=0.1ms,0.1,0.9422120008455401,adaptive_count,three,0.08934516059027778,13.039634332594538,18.21177498938418,16.103373049475362,20.419841681482307,1,0.0859954576280382,0.09239652913411457,7.02028748122758,19.145523322881402,1,0.12291666666666667,0,0.835763888888889,14.794108072916668
demo,ideal,nv_charge_readout_master_v1_4,1,moderate,0.3,ou,500.0,0.15,tau_c=0.1ms,0.1,0.9422120008455401,fixed_count_mmpp,two,0.11014241536458333,6.077326415286576,19.323496597533666,17.405674972395726,21.27685690104924,1,0.10587747531467012,0.11391382514105902,-0.13261434307855663,12.436795608967621,0,0.0,0,0.9300694444444444,20.10592990451389
demo,ideal,nv_charge_readout_master_v1_4,1,moderate,0.3,ou,500.0,0.15,tau_c=0.1ms,0.1,0.9422120008455401,fixed_count_mmpp,three,0.08885904947916667,13.799407049400275,19.323496597533666,17.405674972395726,21.27685690104924,1,0.08565648735894096,0.09195535481770835,7.764455025571356,19.437872517061034,1,0.13402777777777777,0,0.8268055555555556,14.794108072916668
demo,ideal,nv_charge_readout_master_v1_4,1,moderate,0.3,ou,500.0,0.15,tau_c=0.1ms,0.1,0.9422120008455401,mmpp_sprt,two,0.10684868706597221,12.914341081937962,13.472544156065048,11.61450817537941,15.622197054013519,1,0.10289310031467014,0.11127851019965279,6.700626111474054,20.525682150326006,1,0.0,0,0.9219444444444445,14.396565755208332
demo,ideal,nv_charge_readout_master_v1_4,1,moderate,0.3,ou,500.0,0.15,tau_c=0.1ms,0.1,0.9422120008455401,mmpp_sprt,three,0.09245345052083334,15.61660193022034,13.472544156065048,11.61450817537941,15.622197054013519,1,0.08904029134114584,0.09620089111328126,9.089579435149224,22.560603301947165,1,0.07541666666666666,0,0.8734027777777778,14.98019748263889
demo,ideal,nv_charge_readout_master_v1_4,1,moderate,0.3,ou,500.0,0.15,tau_c=0.1ms,0.1,0.9422120008455401,mmpp_sprt_exh,two,0.10680338541666667,12.866467719880632,13.436350706085538,11.571423091619554,15.583638773721633,1,0.10281792534722223,0.11122828504774307,6.65937686309313,20.473532043070026,1,0.0,0,0.9219444444444445,14.373914930555557
demo,ideal,nv_charge_readout_master_v1_4,1,moderate,0.3,ou,500.0,0.15,tau_c=0.1ms,0.1,0.9422120008455401,mmpp_sprt_exh,three,0.09245290798611112,15.615923469647386,13.436350706085538,11.571423091619554,15.583638773721633,1,0.08904000651041667,0.09619980604383681,9.088572354332605,22.560253234303318,1,0.07541666666666666,0,0.8734027777777778,14.979926215277779
demo,ideal,nv_charge_readout_master_v1_4,1,moderate,0.3,ou,500.0,0.15,tau_c=0.1ms,0.1,0.9422120008455401,exact_sprt,two,0.10367657814007113,11.196980700729966,11.356970934373253,9.393186464544776,13.54831508099134,1,0.09934794775824174,0.10773396170783452,4.648741443539473,18.938227334135632,1,0.0,0,0.9314583333333333,17.56745573670223
demo,ideal,nv_charge_readout_master_v1_4,1,moderate,0.3,ou,500.0,0.15,tau_c=0.1ms,0.1,0.9422120008455401,exact_sprt,three,0.09190205929495047,15.396406033990221,11.356970934373253,9.393186464544776,13.54831508099134,1,0.08859708731892746,0.09562349843572483,9.22798078655657,21.93889037638213,1,0.08986111111111111,0,0.8650694444444444,16.67672409191968
demo,ideal,nv_charge_readout_master_v1_4,1,moderate,0.3,ou,500.0,0.15,tau_c=0.1ms,0.1,0.9422120008455401,learned_clean,two,0.1014968532986111,13.998878773475672,11.229587500467709,9.11401870870909,13.320761304731285,1,0.0973734809027778,0.10599277750651043,6.950891854547038,21.604311971113855,1,0.0,0,0.9267361111111111,14.11648220486111
demo,ideal,nv_charge_readout_master_v1_4,1,moderate,0.3,ou,500.0,0.15,tau_c=0.1ms,0.1,0.9422120008455401,learned_clean,three,0.09009917534722223,16.150321165596107,11.229587500467709,9.11401870870909,13.320761304731285,1,0.08660691189236111,0.09343114556206597,9.936015323354578,23.07160913368328,1,0.08430555555555555,0,0.8693055555555556,15.5322265625
demo,ideal,nv_charge_readout_master_v1_4,1,moderate,0.3,ou,500.0,0.15,tau_c=0.1ms,0.1,0.9422120008455401,learned_matched,two,0.10239854600694445,15.011638818812237,12.068284050630234,10.078278659049898,13.973362294349334,1,0.09826622178819445,0.10641855197482639,8.037132398020429,22.651156551990354,1,0.0,0,0.9286805555555555,15.53955078125
demo,ideal,nv_charge_readout_master_v1_4,1,moderate,0.3,ou,500.0,0.15,tau_c=0.1ms,0.1,0.9422120008455401,learned_matched,three,0.09004079861111111,16.075065464067492,12.068284050630234,10.078278659049898,13.973362294349334,1,0.08675702853732639,0.09343682183159722,9.95424024012837,23.163461884345985,1,0.08652777777777777,0,0.8665972222222222,15.093315972222221
demo,ideal,nv_charge_readout_master_v1_4,1,moderate,0.3,ou,500.0,0.15,tau_c=0.25ms,0.25,2.3555300021138503,threshold,two,0.12611111111111112,1.4241831890533476,23.568281938326,21.313366889234796,25.406972955627033,1,0.12145833333333333,0.13007118055555558,-4.1909089025914374,7.0436640461324735,0,0.0,0,0.9207638888888889,23.4375
demo,ideal,nv_charge_readout_master_v1_4,1,moderate,0.3,ou,500.0,0.15,tau_c=0.25ms,0.25,2.3555300021138503,threshold,three,0.09638888888888889,11.597989949748742,23.568281938326,21.313366889234796,25.406972955627033,1,0.09314835069444444,0.09989010416666666,6.167657060168172,17.533298356132377,1,0.13090277777777776,0,0.8275,17.578125
demo,ideal,nv_charge_readout_master_v1_4,1,moderate,0.3,ou,500.0,0.15,tau_c=0.25ms,0.25,2.3555300021138503,adaptive_count,two,0.10981852213541667,8.5235055852069,20.72977879876988,18.237886544612998,22.72765844628398,1,0.1056459214952257,0.11341375732421874,2.3576416525350723,14.577940382447238,1,0.0,0,0.9304166666666667,20.117594401041668
demo,ideal,nv_charge_readout_master_v1_4,1,moderate,0.3,ou,500.0,0.15,tau_c=0.25ms,0.25,2.3555300021138503,adaptive_count,three,0.08705338541666666,10.140076864837189,20.72977879876988,18.237886544612998,22.72765844628398,1,0.0837128946940104,0.09012506239149305,4.226575041926579,16.087247831431938,1,0.1259722222222222,0,0.8354861111111112,14.807942708333334
demo,ideal,nv_charge_readout_master_v1_4,1,moderate,0.3,ou,500.0,0.15,tau_c=0.25ms,0.25,2.3555300021138503,fixed_count_mmpp,two,0.11099907769097223,6.902371416553674,22.08902042342499,19.846492425735356,24.040481945701643,1,0.10669844563802083,0.11496781412760416,1.138017580575227,12.308090637794207,1,0.0,0,0.9292361111111112,20.117594401041668
demo,ideal,nv_charge_readout_master_v1_4,1,moderate,0.3,ou,500.0,0.15,tau_c=0.25ms,0.25,2.3555300021138503,fixed_count_mmpp,three,0.08648046875,10.753222353695648,22.08902042342499,19.846492425735356,24.040481945701643,1,0.08319497748480904,0.08961857367621527,4.8781750727248445,16.50951485714549,1,0.1346527777777778,0,0.8286805555555555,14.807942708333334
demo,ideal,nv_charge_readout_master_v1_4,1,moderate,0.3,ou,500.0,0.15,tau_c=0.25ms,0.25,2.3555300021138503,mmpp_sprt,two,0.10537896050347223,11.361180150041426,13.347937673276382,11.440408557709107,15.306005103440533,1,0.10104845513237848,0.1092506374782986,4.270891089159752,17.546399721805663,1,0.0,0,0.9252083333333334,15.293646918402779
demo,ideal,nv_charge_readout_master_v1_4,1,moderate,0.3,ou,500.0,0.15,tau_c=0.25ms,0.25,2.3555300021138503,mmpp_sprt,three,0.09131304253472222,14.190477805858505,13.347937673276382,11.440408557709107,15.306005103440533,1,0.08770834689670139,0.09492110731336806,7.178666189928475,21.122288992587947,1,0.07506944444444444,0,0.8749305555555555,15.026312934027777
demo,ideal,nv_charge_readout_master_v1_4,1,moderate,0.3,ou,500.0,0.15,tau_c=0.25ms,0.25,2.3555300021138503,mmpp_sprt_exh,two,0.10537896050347223,11.361180150041426,13.347937673276382,11.440408557709107,15.306005103440533,1,0.10104845513237848,0.1092506374782986,4.270891089159752,17.546399721805663,1,0.0,0,0.9252083333333334,15.293646918402779
demo,ideal,nv_charge_readout_master_v1_4,1,moderate,0.3,ou,500.0,0.15,tau_c=0.25ms,0.25,2.3555300021138503,mmpp_sprt_exh,three,0.09131304253472222,14.190477805858505,13.347937673276382,11.440408557709107,15.306005103440533,1,0.08770834689670139,0.09492110731336806,7.178666189928475,21.122288992587947,1,0.07506944444444444,0,0.8749305555555555,15.026312934027777
demo,ideal,nv_charge_readout_master_v1_4,1,moderate,0.3,ou,500.0,0.15,tau_c=0.25ms,0.25,2.3555300021138503,exact_sprt,two,0.10238807664516453,9.815014991286727,9.890829134571929,8.308674636907835,11.535089373311749,1,0.09820445782366244,0.10622353598999024,2.7762900342463,15.954647131986693,1,0.0,0,0.9329861111111111,17.687093878137816
demo,ideal,nv_charge_readout_master_v1_4,1,moderate,0.3,ou,500.0,0.15,tau_c=0.25ms,0.25,2.3555300021138503,exact_sprt,three,0.09226104693001676,15.847167237983905,9.890829134571929,8.308674636907835,11.535089373311749,1,0.08873695752911324,0.09598017811711249,8.968600530071312,22.57773301852373,1,0.06138888888888889,0,0.8840972222222222,14.269412353897268
demo,ideal,nv_charge_readout_master_v1_4,1,moderate,0.3,ou,500.0,0.15,tau_c=0.25ms,0.25,2.3555300021138503,learned_clean,two,0.09987575954861111,12.178104395939206,10.702044097756012,8.706422681520472,12.711147219475064,1,0.09601371934678819,0.10400453694661459,5.706237031510137,19.258486865138327,1,0.0,0,0.9286805555555555,14.278157552083334
demo,ideal,nv_charge_readout_master_v1_4,1,moderate,0.3,ou,500.0,0.15,tau_c=0.25ms,0.25,2.3555300021138503,learned_clean,three,0.08918701171874999,14.974415859089964,10.702044097756012,8.706422681520472,12.711147219475064,1,0.08551503228081597,0.09283236762152776,8.440343098341847,22.1808764688484,1,0.0826388888888889,0,0.8718055555555555,15.617811414930555
demo,ideal,nv_charge_readout_master_v1_4,1,moderate,0.3,ou,500.0,0.15,tau_c=0.25ms,0.25,2.3555300021138503,learned_matched,two,0.10063802083333334,13.034258345215903,11.293127614611633,9.32975874333597,13.194855790739638,1,0.09639531114366319,0.10462007649739584,6.127666821887033,19.933840222391797,1,0.0,0,0.92875,14.694010416666668
demo,ideal,nv_charge_readout_master_v1_4,1,moderate,0.3,ou,500.0,0.15,tau_c=0.25ms,0.25,2.3555300021138503,learned_matched,three,0.08927284071180557,15.085061323605114,11.293127614611633,9.32975874333597,13.194855790739638,1,0.0858145250108507,0.09297801784939234,8.498731766262745,22.307842653958836,1,0.08652777777777779,0,0.8673611111111111,15.09128146701389
demo,ideal,nv_charge_readout_master_v1_4,1,moderate,0.3,ou,500.0,0.15,tau_c=1ms,1.0,9.422120008455401,threshold,two,0.12394097222222222,-0.3211393465512371,22.66984171452584,20.579246912278208,24.352249490775364,1,0.11977083333333334,0.12817881944444445,-5.245339408637715,6.52552819686111,0,0.0,0,0.9190277777777778,21.484375
demo,ideal,nv_charge_readout_master_v1_4,1,moderate,0.3,ou,500.0,0.15,tau_c=1ms,1.0,9.422120008455401,threshold,three,0.09584375,10.966834170854279,22.66984171452584,20.579246912278208,24.352249490775364,1,0.09269270833333333,0.09898246527777776,5.2368145173823635,17.17689502376868,1,0.12402777777777776,0,0.8338888888888889,17.578125
demo,ideal,nv_charge_readout_master_v1_4,1,moderate,0.3,ou,500.0,0.15,tau_c=1ms,1.0,9.422120008455401,adaptive_count,two,0.1074704318576389,6.203104769206436,18.770353804719587,16.554864193857853,21.11492396158154,1,0.10318087429470486,0.1116375257703993,0.5322859017864203,12.867278637633927,1,0.0,0,0.9325694444444445,20.019938151041664
demo,ideal,nv_charge_readout_master_v1_4,1,moderate,0.3,ou,500.0,0.15,tau_c=1ms,1.0,9.422120008455401,adaptive_count,three,0.0872978515625,10.449375807825568,18.770353804719587,16.554864193857853,21.11492396158154,1,0.08421328125,0.0907310533311632,4.87810600730375,16.670233844230783,1,0.12027777777777779,0,0.8399305555555556,14.732259114583332
demo,ideal,nv_charge_readout_master_v1_4,1,moderate,0.3,ou,500.0,0.15,tau_c=1ms,1.0,9.422120008455401,fixed_count_mmpp,two,0.1084426540798611,4.440299189846553,20.004502667830696,17.97994273405666,22.144694608002148,1,0.10419512261284723,0.11254233127170139,-1.3525543189226927,10.711599538280332,0,0.0,0,0.9315972222222222,20.019938151041664
demo,ideal,nv_charge_readout_master_v1_4,1,moderate,0.3,ou,500.0,0.15,tau_c=1ms,1.0,9.422120008455401,fixed_count_mmpp,three,0.08674924045138888,11.097431080088604,20.004502667830696,17.97994273405666,22.144694608002148,1,0.08384505208333334,0.09000145941840278,5.460000807689247,17.166754596184948,1,0.12819444444444444,0,0.83375,14.732259114583332
demo,ideal,nv_charge_readout_master_v1_4,1,moderate,0.3,ou,500.0,0.15,tau_c=1ms,1.0,9.422120008455401,mmpp_sprt,two,0.10218315972222222,7.9839581237082005,13.462387970946786,11.108823080508259,15.60308463636812,1,0.09813387722439236,0.10679586452907988,2.0612316447424734,14.926426426656677,1,0.0,0,0.9227777777777777,12.48046875
demo,ideal,nv_charge_readout_master_v1_4,1,moderate,0.3,ou,500.0,0.15,tau_c=1ms,1.0,9.422120008455401,mmpp_sprt,three,0.08842686631944444,10.581203249826133,13.462387970946786,11.108823080508259,15.60308463636812,1,0.08507334391276043,0.09214267035590279,3.8228066541097596,17.379522906896522,1,0.06888888888888889,0,0.8828472222222222,14.91482204861111
demo,ideal,nv_charge_readout_master_v1_4,1,moderate,0.3,ou,500.0,0.15,tau_c=1ms,1.0,9.422120008455401,mmpp_sprt_exh,two,0.10217149522569445,7.9716314496455345,13.453570338116812,11.0991844058954,15.597698592011447,1,0.09812105984157987,0.10677705213758681,2.0506559181463166,14.903796507469023,1,0.0,0,0.9227777777777777,12.47463650173611
demo,ideal,nv_charge_readout_master_v1_4,1,moderate,0.3,ou,500.0,0.15,tau_c=1ms,1.0,9.422120008455401,mmpp_sprt_exh,three,0.08842578124999999,10.579846328680208,13.453570338116812,11.0991844058954,15.597698592011447,1,0.08507227918836806,0.09214157850477432,3.821440121595307,17.378065360634707,1,0.06888888888888889,0,0.8828472222222222,14.91427951388889
demo,ideal,nv_charge_readout_master_v1_4,1,moderate,0.3,ou,500.0,0.15,tau_c=1ms,1.0,9.422120008455401,exact_sprt,two,0.10149724217689515,8.85956193763884,10.670908680527608,8.316183970068037,13.223296114541577,1,0.09750096347406317,0.10599168559781495,2.5806158934313923,15.81202295298992,1,0.0,0,0.9235416666666667,12.519454421780912
demo,ideal,nv_charge_readout_master_v1_4,1,moderate,0.3,ou,500.0,0.15,tau_c=1ms,1.0,9.422120008455401,exact_sprt,three,0.09066656415094472,13.845062131748145,10.670908680527608,8.316183970068037,13.223296114541577,1,0.0870543708144914,0.09431085007478965,7.42547557714287,20.591907532883102,1,0.13083333333333333,0,0.82125,11.562448742139024
demo,ideal,nv_charge_readout_master_v1_4,1,moderate,0.3,ou,500.0,0.15,tau_c=1ms,1.0,9.422120008455401,learned_clean,two,0.09824842664930555,10.350322352625737,11.0153706827764,9.284493473925789,13.10445337631783,1,0.09417954508463541,0.10254176161024306,3.9181130544645693,17.92771256250402,1,0.0,0,0.929861111111111,14.054768880208334
demo,ideal,nv_charge_readout_master_v1_4,1,moderate,0.3,ou,500.0,0.15,tau_c=1ms,1.0,9.422120008455401,learned_clean,three,0.08742599826388887,12.70422550972446,11.0153706827764,9.284493473925789,13.10445337631783,1,0.08404300944010416,0.09109590793185764,6.60862579357981,19.252482887948794,1,0.07729166666666668,0,0.8777083333333333,15.416124131944445
demo,ideal,nv_charge_readout_master_v1_4,1,moderate,0.3,ou,500.0,0.15,tau_c=1ms,1.0,9.422120008455401,learned_matched,two,0.09826361762152777,10.36738449538712,10.54524775079435,8.564826527510112,12.677131438914579,1,0.09432305230034722,0.10232025824652775,3.978849623058359,17.770131607715424,1,0.0,0,0.9297222222222222,13.992919921875
demo,ideal,nv_charge_readout_master_v1_4,1,moderate,0.3,ou,500.0,0.15,tau_c=1ms,1.0,9.422120008455401,learned_matched,three,0.08790147569444445,13.317181799870191,10.54524775079435,8.564826527510112,12.677131438914579,1,0.08455308566623264,0.09161604410807292,7.034524041827903,20.037017674064643,1,0.0920138888888889,0,0.8629166666666667,14.514973958333332
demo,ideal,nv_charge_readout_master_v1_4,2,sparse,0.3,ou,500.0,0.15,clean,nan,0.0,threshold,two,0.3401388888888889,0.0,54.3885259289506,53.647884331198526,55.131482122902014,1,0.33437326388888894,0.3461145833333334,-2.313511883275556,2.520506994650966,0,0.0,1,0.7473611111111111,43.75
demo,ideal,nv_charge_readout_master_v1_4,2,sparse,0.3,ou,500.0,0.15,clean,nan,0.0,threshold,three,0.1551423611111111,0.0,54.3885259289506,53.647884331198526,55.131482122902014,1,0.15428368055555555,0.15606979166666668,-0.8183572270364426,0.8258248970247601,0,0.9310416666666667,1,0.06597222222222222,6.25
demo,ideal,nv_charge_readout_master_v1_4,2,sparse,0.3,ou,500.0,0.15,clean,nan,0.0,adaptive_count,two,0.32344097222222223,0.0,42.36508464750781,41.34155339660853,43.23168350756471,1,0.31681354166666664,0.3297322916666667,-2.4363497662802285,2.9441636853841198,0,0.0,0,0.7757638888888889,49.60243055555556
demo,ideal,nv_charge_readout_master_v1_4,2,sparse,0.3,ou,500.0,0.15,clean,nan,0.0,adaptive_count,three,0.18641493055555558,0.0,42.36508464750781,41.34155339660853,43.23168350756471,1,0.18440429687499998,0.1884931640625,-1.5885451641274173,1.5130177057419043,0,0.7561805555555556,0,0.22611111111111112,27.639756944444443
demo,ideal,nv_charge_readout_master_v1_4,2,sparse,0.3,ou,500.0,0.15,clean,nan,0.0,fixed_count_mmpp,two,0.3233715277777778,0.0,42.38169889725226,41.34536695141293,43.2585063098226,1,0.3167178168402778,0.3296611111111111,-2.437855153578097,2.9454389392392955,0,0.0,0,0.7758333333333334,49.60243055555556
demo,ideal,nv_charge_readout_master_v1_4,2,sparse,0.3,ou,500.0,0.15,clean,nan,0.0,fixed_count_mmpp,three,0.18632118055555555,0.0,42.38169889725226,41.34536695141293,43.2585063098226,1,0.18432743055555556,0.18841473524305558,-1.6110002548531024,1.4911692034114175,0,0.7555555555555555,0,0.2267361111111111,27.639756944444443
demo,ideal,nv_charge_readout_master_v1_4,2,sparse,0.3,ou,500.0,0.15,clean,nan,0.0,mmpp_sprt,two,0.32182118055555553,0.0,51.80208125414713,50.93188464718975,52.67042239882878,1,0.31547003038194443,0.3280903862847222,-2.439880639372197,2.869695702852229,0,0.0,1,0.7691666666666667,45.493923611111114
demo,ideal,nv_charge_readout_master_v1_4,2,sparse,0.3,ou,500.0,0.15,clean,nan,0.0,mmpp_sprt,three,0.15511111111111112,0.0,51.80208125414713,50.93188464718975,52.67042239882878,1,0.15424513888888886,0.15603828125,-0.8178633969685037,0.8323617949640498,0,0.9308333333333333,1,0.06618055555555556,6.25
demo,ideal,nv_charge_readout_master_v1_4,2,sparse,0.3,ou,500.0,0.15,clean,nan,0.0,mmpp_sprt_exh,two,0.32182118055555553,0.0,51.80208125414713,50.93188464718975,52.67042239882878,1,0.31547003038194443,0.3280903862847222,-2.439880639372197,2.869695702852229,0,0.0,1,0.7691666666666667,45.493923611111114
demo,ideal,nv_charge_readout_master_v1_4,2,sparse,0.3,ou,500.0,0.15,clean,nan,0.0,mmpp_sprt_exh,three,0.15511111111111112,0.0,51.80208125414713,50.93188464718975,52.67042239882878,1,0.15424513888888886,0.15603828125,-0.8178633969685037,0.8323617949640498,0,0.9308333333333333,1,0.06618055555555556,6.25
demo,ideal,nv_charge_readout_master_v1_4,2,sparse,0.3,ou,500.0,0.15,clean,nan,0.0,exact_sprt,two,0.32061391460306565,0.0,52.80204972977144,51.797978713495546,53.675476927060124,1,0.31435802532449414,0.3269673382816824,-2.7475887418973755,2.978519773680397,0,0.0,1,0.7560416666666667,38.327790634866176
demo,ideal,nv_charge_readout_master_v1_4,2,sparse,0.3,ou,500.0,0.15,clean,nan,0.0,exact_sprt,three,0.151323195973788,0.0,52.80204972977144,51.797978713495546,53.675476927060124,1,0.15087656071496108,0.15181005231036673,-0.46326631343383834,0.43002187934871966,0,0.9849305555555556,1,0.014097222222222223,1.3056952091162173
demo,ideal,nv_charge_readout_master_v1_4,2,sparse,0.3,ou,500.0,0.15,clean,nan,0.0,learned_clean,two,0.3218220486111111,0.0,53.39039054429127,52.4520345851995,54.28112726534515,1,0.3154709201388889,0.32809207899305554,-2.439358391778929,2.8707646274308374,0,0.0,1,0.7691666666666667,45.494357638888886
demo,ideal,nv_charge_readout_master_v1_4,2,sparse,0.3,ou,500.0,0.15,clean,nan,0.0,learned_clean,three,0.15,0.0,53.39039054429127,52.4520345851995,54.28112726534515,1,0.15,0.15,0.0,0.0,0,1.0,1,0.0,0.0
demo,ideal,nv_charge_readout_master_v1_4,2,sparse,0.3,ou,500.0,0.15,clean,nan,0.0,learned_matched,two,0.3218220486111111,0.0,53.39039054429127,52.4520345851995,54.28112726534515,1,0.3154709201388889,0.32809207899305554,-2.439358391778929,2.8707646274308374,0,0.0,1,0.7691666666666667,45.494357638888886
demo,ideal,nv_charge_readout_master_v1_4,2,sparse,0.3,ou,500.0,0.15,clean,nan,0.0,learned_matched,three,0.15,0.0,53.39039054429127,52.4520345851995,54.28112726534515,1,0.15,0.15,0.0,0.0,0,1.0,1,0.0,0.0
demo,ideal,nv_charge_readout_master_v1_4,2,sparse,0.3,ou,500.0,0.15,tau_c=0.02ms,0.02,0.18844240016910804,threshold,two,0.34680555555555553,1.959983666802773,55.19022827392871,54.30516321863557,55.96141799212242,1,0.3401371527777778,0.3529878472222222,-0.6689855944364813,4.374281783440581,0,0.0,1,0.7656944444444445,56.25
demo,ideal,nv_charge_readout_master_v1_4,2,sparse,0.3,ou,500.0,0.15,tau_c=0.02ms,0.02,0.18844240016910804,threshold,three,0.15540277777777778,0.16785658333520675,55.19022827392871,54.30516321863557,55.96141799212242,1,0.15450277777777777,0.1564388888888889,-0.6903278708088993,1.1133789430104122,0,0.9327777777777777,1,0.0642361111111111,6.25
demo,ideal,nv_charge_readout_master_v1_4,2,sparse,0.3,ou,500.0,0.15,tau_c=0.02ms,0.02,0.18844240016910804,adaptive_count,two,0.325296875,0.5737995297956999,42.21571107588687,41.242448125785955,43.14914210134828,1,0.3184680121527778,0.3312581597222222,-2.1194308717138726,3.0229541291216853,0,0.0,0,0.7739583333333333,49.62760416666667
demo,ideal,nv_charge_readout_master_v1_4,2,sparse,0.3,ou,500.0,0.15,tau_c=0.02ms,0.02,0.18844240016910804,adaptive_count,three,0.1879704861111111,0.834458672875424,42.21571107588687,41.242448125785955,43.14914210134828,1,0.18586924913194444,0.19006221788194444,-0.7827804257931242,2.5675479526796727,0,0.7554861111111111,0,0.2251388888888889,27.63628472222222
demo,ideal,nv_charge_readout_master_v1_4,2,sparse,0.3,ou,500.0,0.15,tau_c=0.02ms,0.02,0.18844240016910804,fixed_count_mmpp,two,0.32418576388888887,0.25179585744810373,42.059433088239224,41.10573554302969,42.98242103367351,1,0.3174161892361111,0.3299681640625,-2.4979445831432416,2.7487388496207292,0,0.0,0,0.7750694444444445,49.62760416666667
demo,ideal,nv_charge_readout_master_v1_4,2,sparse,0.3,ou,500.0,0.15,tau_c=0.02ms,0.02,0.18844240016910804,fixed_count_mmpp,three,0.18783506944444445,0.8125157238564729,42.059433088239224,41.10573554302969,42.98242103367351,1,0.18574398871527778,0.1899173611111111,-0.7939664721042446,2.533547417036513,0,0.7545833333333334,0,0.22604166666666667,27.63628472222222
demo,ideal,nv_charge_readout_master_v1_4,2,sparse,0.3,ou,500.0,0.15,tau_c=0.02ms,0.02,0.18844240016910804,mmpp_sprt,two,0.3244826388888889,0.8269991206728304,52.117152304416216,51.07600766994696,53.05907248195793,1,0.3174979600694445,0.33073815104166665,-1.8102698243396689,3.4169775911724476,0,0.0,1,0.7665277777777777,45.50520833333333
demo,ideal,nv_charge_readout_master_v1_4,2,sparse,0.3,ou,500.0,0.15,tau_c=0.02ms,0.02,0.18844240016910804,mmpp_sprt,three,0.15537152777777777,0.16789040114612225,52.117152304416216,51.07600766994696,53.05907248195793,1,0.15445468750000002,0.15641727430555555,-0.6836298302492547,1.113228894585744,0,0.9325694444444443,1,0.06444444444444444,6.25
demo,ideal,nv_charge_readout_master_v1_4,2,sparse,0.3,ou,500.0,0.15,tau_c=0.02ms,0.02,0.18844240016910804,mmpp_sprt_exh,two,0.3244826388888889,0.8269991206728304,52.117152304416216,51.07600766994696,53.05907248195793,1,0.3174979600694445,0.33073815104166665,-1.8102698243396689,3.4169775911724476,0,0.0,1,0.7665277777777777,45.50520833333333
demo,ideal,nv_charge_readout_master_v1_4,2,sparse,0.3,ou,500.0,0.15,tau_c=0.02ms,0.02,0.18844240016910804,mmpp_sprt_exh,three,0.15537152777777777,0.16789040114612225,52.117152304416216,51.07600766994696,53.05907248195793,1,0.15445468750000002,0.15641727430555555,-0.6836298302492547,1.113228894585744,0,0.9325694444444443,1,0.06444444444444444,6.25
demo,ideal,nv_charge_readout_master_v1_4,2,sparse,0.3,ou,500.0,0.15,tau_c=0.02ms,0.02,0.18844240016910804,exact_sprt,two,0.3237166135075136,0.967736820870423,53.27644199523418,52.26683544556343,54.14528588231349,1,0.317213722640187,0.32988268746780597,-2.012784883008542,3.6295329673540273,0,0.0,1,0.7839583333333333,53.83747342042345
demo,ideal,nv_charge_readout_master_v1_4,2,sparse,0.3,ou,500.0,0.15,tau_c=0.02ms,0.02,0.18844240016910804,exact_sprt,three,0.1512519196832467,-0.04710202562311786,53.27644199523418,52.26683544556343,54.14528588231349,1,0.15078821664574593,0.15170394560163497,-0.4847677773151756,0.41369676443074127,0,0.9850694444444444,1,0.014166666666666666,1.3638070638455704
demo,ideal,nv_charge_readout_master_v1_4,2,sparse,0.3,ou,500.0,0.15,tau_c=0.02ms,0.02,0.18844240016910804,learned_clean,two,0.32448524305555554,0.8275363530677968,53.772936301353376,52.756118634588645,54.64713938913355,1,0.31750143229166666,0.33073988715277775,-1.8092172306162986,3.416951724530166,0,0.0,1,0.7665277777777777,45.506510416666664
demo,ideal,nv_charge_readout_master_v1_4,2,sparse,0.3,ou,500.0,0.15,tau_c=0.02ms,0.02,0.18844240016910804,learned_clean,three,0.15,0.0,53.772936301353376,52.756118634588645,54.64713938913355,1,0.15,0.15,0.0,0.0,0,1.0,1,0.0,0.0
demo,ideal,nv_charge_readout_master_v1_4,2,sparse,0.3,ou,500.0,0.15,tau_c=0.02ms,0.02,0.18844240016910804,learned_matched,two,0.3245234375,0.8394045406606945,53.7783769469655,52.76266965553765,54.65110877179783,1,0.31754546440972226,0.3307688368055555,-1.7937602110751067,3.429455385809338,0,0.0,1,0.7665277777777777,45.525607638888886
demo,ideal,nv_charge_readout_master_v1_4,2,sparse,0.3,ou,500.0,0.15,tau_c=0.02ms,0.02,0.18844240016910804,learned_matched,three,0.15,0.0,53.7783769469655,52.76266965553765,54.65110877179783,1,0.15,0.15,0.0,0.0,0,1.0,1,0.0,0.0
demo,ideal,nv_charge_readout_master_v1_4,2,sparse,0.3,ou,500.0,0.15,tau_c=0.05ms,0.05,0.47110600042277007,threshold,two,0.348125,2.3478971008575007,55.50169559146221,54.76275070065368,56.297290129912454,1,0.3418680555555556,0.35506944444444444,-0.041067414319379075,4.987183808884245,0,0.0,1,0.739375,43.75
demo,ideal,nv_charge_readout_master_v1_4,2,sparse,0.3,ou,500.0,0.15,tau_c=0.05ms,0.05,0.47110600042277007,threshold,three,0.1549097222222222,-0.14995188111277566,55.50169559146221,54.76275070065368,56.297290129912454,1,0.15408229166666665,0.1558612847222222,-0.9472021671773145,0.6874861062739319,0,0.9331944444444444,1,0.064375,6.25
demo,ideal,nv_charge_readout_master_v1_4,2,sparse,0.3,ou,500.0,0.15,tau_c=0.05ms,0.05,0.47110600042277007,adaptive_count,two,0.3271640625,1.1510880183787637,42.56513121761349,41.618670556324524,43.544000758231036,1,0.320508203125,0.33433057725694443,-1.4911665556044165,4.285032908155329,0,0.0,0,0.7726388888888889,49.90147569444444
demo,ideal,nv_charge_readout_master_v1_4,2,sparse,0.3,ou,500.0,0.15,tau_c=0.05ms,0.05,0.47110600042277007,adaptive_count,three,0.18790625,0.799999999999985,42.56513121761349,41.618670556324524,43.544000758231036,1,0.1857313368055556,0.19009793836805552,-0.6534215137284538,2.5646744298615483,0,0.7617361111111112,0,0.22006944444444446,27.725694444444443
demo,ideal,nv_charge_readout_master_v1_4,2,sparse,0.3,ou,500.0,0.15,tau_c=0.05ms,0.05,0.47110600042277007,fixed_count_mmpp,two,0.3282057291666666,1.4949372389429816,42.77915750886687,41.888211826207716,43.74131057749868,1,0.32164006076388896,0.33541393229166666,-1.042218058876866,4.5200405946776385,0,0.0,0,0.7715972222222223,49.90147569444444
demo,ideal,nv_charge_readout_master_v1_4,2,sparse,0.3,ou,500.0,0.15,tau_c=0.05ms,0.05,0.47110600042277007,fixed_count_mmpp,three,0.18780208333333331,0.7948118262036252,42.77915750886687,41.888211826207716,43.74131057749868,1,0.18565130208333333,0.1900113498263889,-0.6809078124489233,2.5488006998959594,0,0.7610416666666666,0,0.2207638888888889,27.725694444444443
demo,ideal,nv_charge_readout_master_v1_4,2,sparse,0.3,ou,500.0,0.15,tau_c=0.05ms,0.05,0.47110600042277007,mmpp_sprt,two,0.3271319444444445,1.650221989653092,52.655656271891665,51.819931436963046,53.585389633496725,1,0.32067775607638893,0.334287890625,-0.9587454978004705,4.854195587912946,0,0.0,1,0.764375,45.75347222222222
demo,ideal,nv_charge_readout_master_v1_4,2,sparse,0.3,ou,500.0,0.15,tau_c=0.05ms,0.05,0.47110600042277007,mmpp_sprt,three,0.1548784722222222,-0.1499820916905607,52.655656271891665,51.819931436963046,53.585389633496725,1,0.1540404513888889,0.15581953125,-0.946025531101198,0.6810966657189487,0,0.9329861111111111,1,0.06458333333333334,6.25
demo,ideal,nv_charge_readout_master_v1_4,2,sparse,0.3,ou,500.0,0.15,tau_c=0.05ms,0.05,0.47110600042277007,mmpp_sprt_exh,two,0.3271319444444445,1.650221989653092,52.655656271891665,51.819931436963046,53.585389633496725,1,0.32067775607638893,0.334287890625,-0.9587454978004705,4.854195587912946,0,0.0,1,0.764375,45.75347222222222
demo,ideal,nv_charge_readout_master_v1_4,2,sparse,0.3,ou,500.0,0.15,tau_c=0.05ms,0.05,0.47110600042277007,mmpp_sprt_exh,three,0.1548784722222222,-0.1499820916905607,52.655656271891665,51.819931436963046,53.585389633496725,1,0.1540404513888889,0.15581953125,-0.946025531101198,0.6810966657189487,0,0.9329861111111111,1,0.06458333333333334,6.25
demo,ideal,nv_charge_readout_master_v1_4,2,sparse,0.3,ou,500.0,0.15,tau_c=0.05ms,0.05,0.47110600042277007,exact_sprt,two,0.3258489380780597,1.632812313051117,53.709338841515155,52.83590333966518,54.75594907341645,1,0.3196549821237955,0.33337442040679277,-1.0569571571652452,4.806217820793926,0,0.0,1,0.7581249999999999,41.986969039029816
demo,ideal,nv_charge_readout_master_v1_4,2,sparse,0.3,ou,500.0,0.15,tau_c=0.05ms,0.05,0.47110600042277007,exact_sprt,three,0.1508376278142357,-0.32088151220146666,53.709338841515155,52.83590333966518,54.75594907341645,1,0.15044589993962904,0.15130326262637864,-0.7123254408167442,0.13115323840486648,0,0.9849305555555555,1,0.014583333333333334,1.3059666848956475
demo,ideal,nv_charge_readout_master_v1_4,2,sparse,0.3,ou,500.0,0.15,tau_c=0.05ms,0.05,0.47110600042277007,learned_clean,two,0.3271336805555556,1.6504872700201683,54.14718541201196,53.224441133233555,55.12906816885023,1,0.3206802951388889,0.33429214409722224,-0.9584726051419432,4.853908334252729,0,0.0,1,0.764375,45.75434027777778
demo,ideal,nv_charge_readout_master_v1_4,2,sparse,0.3,ou,500.0,0.15,tau_c=0.05ms,0.05,0.47110600042277007,learned_clean,three,0.15,0.0,54.14718541201196,53.224441133233555,55.12906816885023,1,0.15,0.15,0.0,0.0,0,1.0,1,0.0,0.0
demo,ideal,nv_charge_readout_master_v1_4,2,sparse,0.3,ou,500.0,0.15,tau_c=0.05ms,0.05,0.47110600042277007,learned_matched,two,0.32713454861111113,1.6507570015563677,54.14730708302044,53.224444300203864,55.12861083516113,1,0.3206803168402778,0.3342887369791666,-0.958704857603531,4.854712581779489,0,0.0,1,0.764375,45.75477430555556
demo,ideal,nv_charge_readout_master_v1_4,2,sparse,0.3,ou,500.0,0.15,tau_c=0.05ms,0.05,0.47110600042277007,learned_matched,three,0.15,0.0,54.14730708302044,53.224444300203864,55.12861083516113,1,0.15,0.15,0.0,0.0,0,1.0,1,0.0,0.0
demo,ideal,nv_charge_readout_master_v1_4,2,sparse,0.3,ou,500.0,0.15,tau_c=0.1ms,0.1,0.9422120008455401,threshold,two,0.34604166666666664,1.7354022049816191,55.120409391932576,54.422984034980686,55.96666877291447,1,0.34089756944444444,0.3530625,-0.5846276330019706,4.578150409594854,0,0.0,1,0.7664583333333334,56.25
demo,ideal,nv_charge_readout_master_v1_4,2,sparse,0.3,ou,500.0,0.15,tau_c=0.1ms,0.1,0.9422120008455401,threshold,three,0.1553020833333333,0.10295203777891632,55.120409391932576,54.422984034980686,55.96666877291447,1,0.15449592013888888,0.1563473958333333,-0.6262465430866834,1.0365015490765355,0,0.9325694444444445,1,0.06451388888888888,6.25
demo,ideal,nv_charge_readout_master_v1_4,2,sparse,0.3,ou,500.0,0.15,tau_c=0.1ms,0.1,0.9422120008455401,adaptive_count,two,0.3242534722222222,0.2512050326888581,42.39813674573004,41.524537725008145,43.383150723169244,1,0.3182407986111111,0.33071684027777776,-2.430911411814077,3.1162095534250893,0,0.0,0,0.7751388888888889,49.69618055555556
demo,ideal,nv_charge_readout_master_v1_4,2,sparse,0.3,ou,500.0,0.15,tau_c=0.1ms,0.1,0.9422120008455401,adaptive_count,three,0.18677604166666667,0.1937136204889292,42.39813674573004,41.524537725008145,43.383150723169244,1,0.18487686631944444,0.1892400173611111,-1.3114407218797397,1.8752042332688368,0,0.7545138888888889,0,0.22722222222222221,27.66753472222222
demo,ideal,nv_charge_readout_master_v1_4,2,sparse,0.3,ou,500.0,0.15,tau_c=0.1ms,0.1,0.9422120008455401,fixed_count_mmpp,two,0.3241840277777778,0.2512589792872386,42.40186365340331,41.49761648024156,43.391136408312256,1,0.3180345703125,0.33077274305555554,-2.3496001972827183,3.072250493721308,0,0.0,0,0.7752083333333333,49.69618055555556
demo,ideal,nv_charge_readout_master_v1_4,2,sparse,0.3,ou,500.0,0.15,tau_c=0.1ms,0.1,0.9422120008455401,fixed_count_mmpp,three,0.18672395833333333,0.21617390818199708,42.40186365340331,41.49761648024156,43.391136408312256,1,0.18482109375,0.18915694444444442,-1.2902554183062802,1.895876903215666,0,0.7541666666666667,0,0.22756944444444444,27.66753472222222
demo,ideal,nv_charge_readout_master_v1_4,2,sparse,0.3,ou,500.0,0.15,tau_c=0.1ms,0.1,0.9422120008455401,mmpp_sprt,two,0.3243862847222222,0.7970588393960151,52.13718212543452,51.299297723244436,53.10477784406491,1,0.31872654079861107,0.33184726562499994,-1.8610407133031477,4.067659472194868,0,0.0,1,0.7667361111111111,45.561197916666664
demo,ideal,nv_charge_readout_master_v1_4,2,sparse,0.3,ou,500.0,0.15,tau_c=0.1ms,0.1,0.9422120008455401,mmpp_sprt,three,0.15526041666666665,0.09625716332376864,52.13718212543452,51.299297723244436,53.10477784406491,1,0.15446154513888888,0.15632352430555554,-0.6462694385854186,1.0169424081209246,0,0.9322916666666666,1,0.06479166666666666,6.25
demo,ideal,nv_charge_readout_master_v1_4,2,sparse,0.3,ou,500.0,0.15,tau_c=0.1ms,0.1,0.9422120008455401,mmpp_sprt_exh,two,0.3243862847222222,0.7970588393960151,52.13718212543452,51.299297723244436,53.10477784406491,1,0.31872654079861107,0.33184726562499994,-1.8610407133031477,4.067659472194868,0,0.0,1,0.7667361111111111,45.561197916666664
demo,ideal,nv_charge_readout_master_v1_4,2,sparse,0.3,ou,500.0,0.15,tau_c=0.1ms,0.1,0.9422120008455401,mmpp_sprt_exh,three,0.15526041666666665,0.09625716332376864,52.13718212543452,51.299297723244436,53.10477784406491,1,0.15446154513888888,0.15632352430555554,-0.6462694385854186,1.0169424081209246,0,0.9322916666666666,1,0.06479166666666666,6.25
demo,ideal,nv_charge_readout_master_v1_4,2,sparse,0.3,ou,500.0,0.15,tau_c=0.1ms,0.1,0.9422120008455401,exact_sprt,two,0.32363916569127815,0.9435807213663497,53.3045370509163,52.49563423764065,54.3255882310342,1,0.31770283279079103,0.3309224121945035,-1.789013611052883,4.122370144775502,0,0.0,1,0.7599305555555556,41.78486062341686
demo,ideal,nv_charge_readout_master_v1_4,2,sparse,0.3,ou,500.0,0.15,tau_c=0.1ms,0.1,0.9422120008455401,exact_sprt,three,0.15112480670409437,-0.1311030132670384,53.3045370509163,52.49563423764065,54.3255882310342,1,0.15070394330061362,0.15166228687403474,-0.5544987884140993,0.3106565530657565,0,0.9859027777777778,1,0.013472222222222222,1.3071950187138577
demo,ideal,nv_charge_readout_master_v1_4,2,sparse,0.3,ou,500.0,0.15,tau_c=0.1ms,0.1,0.9422120008455401,learned_clean,two,0.32438975694444444,0.7978658840855789,53.75932908211733,52.93798836773728,54.798840124567555,1,0.31872840711805556,0.33184989149305555,-1.861022549664554,4.067945935502443,0,0.0,1,0.7667361111111111,45.56293402777777
demo,ideal,nv_charge_readout_master_v1_4,2,sparse,0.3,ou,500.0,0.15,tau_c=0.1ms,0.1,0.9422120008455401,learned_clean,three,0.15,0.0,53.75932908211733,52.93798836773728,54.798840124567555,1,0.15,0.15,0.0,0.0,0,1.0,1,0.0,0.0
demo,ideal,nv_charge_readout_master_v1_4,2,sparse,0.3,ou,500.0,0.15,tau_c=0.1ms,0.1,0.9422120008455401,learned_matched,two,0.3246675347222222,0.8841799756702209,53.7988914942369,52.97985091444335,54.83607494574978,1,0.3190121744791667,0.33212348090277777,-1.7804211520538826,4.155928041609923,0,0.0,1,0.7667361111111111,45.701822916666664
demo,ideal,nv_charge_readout_master_v1_4,2,sparse,0.3,ou,500.0,0.15,tau_c=0.1ms,0.1,0.9422120008455401,learned_matched,three,0.15,0.0,53.7988914942369,52.97985091444335,54.83607494574978,1,0.15,0.15,0.0,0.0,0,1.0,1,0.0,0.0
demo,ideal,nv_charge_readout_master_v1_4,2,sparse,0.3,ou,500.0,0.15,tau_c=0.25ms,0.25,2.3555300021138503,threshold,two,0.34590277777777784,1.694569211923254,55.336277855852245,54.44650823521143,56.25524123483232,1,0.3388888888888889,0.35326562499999997,-0.7883220193359621,4.397949677852562,0,0.0,1,0.7540972222222222,50.0
demo,ideal,nv_charge_readout_master_v1_4,2,sparse,0.3,ou,500.0,0.15,tau_c=0.25ms,0.25,2.3555300021138503,threshold,three,0.15449305555555556,-0.41852241444908145,55.336277855852245,54.44650823521143,56.25524123483232,1,0.15360416666666668,0.15533758680555554,-1.2457623260225728,0.4131861764139758,0,0.9290277777777778,1,0.06833333333333333,6.25
demo,ideal,nv_charge_readout_master_v1_4,2,sparse,0.3,ou,500.0,0.15,tau_c=0.25ms,0.25,2.3555300021138503,adaptive_count,two,0.3278203125,1.353984390935141,42.49024888189827,41.50004935226353,43.61196079461683,1,0.3204546006944444,0.33518851996527776,-1.1767081192777105,4.404322868039818,0,0.0,0,0.7711805555555555,49.50043402777777
demo,ideal,nv_charge_readout_master_v1_4,2,sparse,0.3,ou,500.0,0.15,tau_c=0.25ms,0.25,2.3555300021138503,adaptive_count,three,0.18852864583333334,1.1338766006984775,42.49024888189827,41.50004935226353,43.61196079461683,1,0.18631716579861107,0.19076256510416667,-0.5833648574018551,2.7832780740390937,0,0.7528472222222222,0,0.22666666666666666,27.557725694444443
demo,ideal,nv_charge_readout_master_v1_4,2,sparse,0.3,ou,500.0,0.15,tau_c=0.25ms,0.25,2.3555300021138503,fixed_count_mmpp,two,0.32775086805555553,1.354275160795002,42.525737017604726,41.539080979462376,43.61710120042899,1,0.3204099826388889,0.33518678385416667,-1.1772399805670994,4.426114339678112,0,0.0,0,0.77125,49.50043402777777
demo,ideal,nv_charge_readout_master_v1_4,2,sparse,0.3,ou,500.0,0.15,tau_c=0.25ms,0.25,2.3555300021138503,fixed_count_mmpp,three,0.18837239583333332,1.1009028987802896,42.525737017604726,41.539080979462376,43.61710120042899,1,0.18619190538194444,0.19062578125000001,-0.6130131992116489,2.756602594098709,0,0.7518055555555556,0,0.22770833333333335,27.557725694444443
demo,ideal,nv_charge_readout_master_v1_4,2,sparse,0.3,ou,500.0,0.15,tau_c=0.25ms,0.25,2.3555300021138503,mmpp_sprt,two,0.3264713541666667,1.4449557369355446,52.700248607399736,51.785177187948236,53.76037065431473,1,0.3194734592013889,0.33397421875,-1.1672012503997524,4.630440954250149,0,0.0,1,0.7643055555555556,45.388454861111114
demo,ideal,nv_charge_readout_master_v1_4,2,sparse,0.3,ou,500.0,0.15,tau_c=0.25ms,0.25,2.3555300021138503,mmpp_sprt,three,0.1544201388888889,-0.445469197707738,52.700248607399736,51.785177187948236,53.76037065431473,1,0.1535519965277778,0.15530217013888886,-1.3084535845115701,0.40056345942058047,0,0.9285416666666666,1,0.06881944444444445,6.25
demo,ideal,nv_charge_readout_master_v1_4,2,sparse,0.3,ou,500.0,0.15,tau_c=0.25ms,0.25,2.3555300021138503,mmpp_sprt_exh,two,0.3264713541666667,1.4449557369355446,52.700248607399736,51.785177187948236,53.76037065431473,1,0.3194734592013889,0.33397421875,-1.1672012503997524,4.630440954250149,0,0.0,1,0.7643055555555556,45.388454861111114
demo,ideal,nv_charge_readout_master_v1_4,2,sparse,0.3,ou,500.0,0.15,tau_c=0.25ms,0.25,2.3555300021138503,mmpp_sprt_exh,three,0.1544201388888889,-0.445469197707738,52.700248607399736,51.785177187948236,53.76037065431473,1,0.1535519965277778,0.15530217013888886,-1.3084535845115701,0.40056345942058047,0,0.9285416666666666,1,0.06881944444444445,6.25
demo,ideal,nv_charge_readout_master_v1_4,2,sparse,0.3,ou,500.0,0.15,tau_c=0.25ms,0.25,2.3555300021138503,exact_sprt,two,0.3283837430321397,2.423422089678618,54.03301055556656,52.968134197022536,55.062326596040606,1,0.3211427718429291,0.3358700800872696,-0.22526865385147615,5.655904071329712,0,0.0,1,0.7775,52.94187151606981
demo,ideal,nv_charge_readout_master_v1_4,2,sparse,0.3,ou,500.0,0.15,tau_c=0.25ms,0.25,2.3555300021138503,exact_sprt,three,0.15094812049681908,-0.24786383512140558,54.03301055556656,52.968134197022536,55.062326596040606,1,0.150417911163593,0.1514753828442408,-0.7113660249640985,0.2213862318383107,0,0.9838194444444444,1,0.015416666666666667,1.3056574706317716
demo,ideal,nv_charge_readout_master_v1_4,2,sparse,0.3,ou,500.0,0.15,tau_c=0.25ms,0.25,2.3555300021138503,learned_clean,two,0.3264713541666667,1.4446821078980385,54.05416184740559,53.04774188329937,55.08635348315146,1,0.3194734592013889,0.33397421875,-1.1672012503997524,4.630440954250149,0,0.0,1,0.7643055555555556,45.388454861111114
demo,ideal,nv_charge_readout_master_v1_4,2,sparse,0.3,ou,500.0,0.15,tau_c=0.25ms,0.25,2.3555300021138503,learned_clean,three,0.15,0.0,54.05416184740559,53.04774188329937,55.08635348315146,1,0.15,0.15,0.0,0.0,0,1.0,1,0.0,0.0
demo,ideal,nv_charge_readout_master_v1_4,2,sparse,0.3,ou,500.0,0.15,tau_c=0.25ms,0.25,2.3555300021138503,learned_matched,two,0.3264722222222223,1.444951839434238,54.05428401259254,53.04774188329937,55.08646730334418,1,0.3194734592013889,0.33397506510416664,-1.1666816439150687,4.630454631371608,0,0.0,1,0.7643055555555556,45.388888888888886
demo,ideal,nv_charge_readout_master_v1_4,2,sparse,0.3,ou,500.0,0.15,tau_c=0.25ms,0.25,2.3555300021138503,learned_matched,three,0.15,0.0,54.05428401259254,53.04774188329937,55.08646730334418,1,0.15,0.15,0.0,0.0,0,1.0,1,0.0,0.0
demo,ideal,nv_charge_readout_master_v1_4,2,sparse,0.3,ou,500.0,0.15,tau_c=1ms,1.0,9.422120008455401,threshold,two,0.34958333333333336,2.77664352797061,55.52741358760429,54.89149981221421,56.271938274923464,1,0.3447204861111111,0.3563194444444444,0.5632705643811527,5.1829836473371,1,0.0,1,0.7254166666666666,37.5
demo,ideal,nv_charge_readout_master_v1_4,2,sparse,0.3,ou,500.0,0.15,tau_c=1ms,1.0,9.422120008455401,threshold,three,0.15546875000000002,0.21038025111346725,55.52741358760429,54.89149981221421,56.271938274923464,1,0.15474618055555556,0.15640286458333333,-0.5924569442378708,1.0855166601459463,0,0.9364583333333334,1,0.06104166666666667,6.25
demo,ideal,nv_charge_readout_master_v1_4,2,sparse,0.3,ou,500.0,0.15,tau_c=1ms,1.0,9.422120008455401,adaptive_count,two,0.32720138888888894,1.1626284205215323,42.98873018231213,42.07309790514008,43.99734365698498,1,0.32156074218749997,0.3348634982638889,-1.3458193735520616,4.169606062671143,0,0.0,0,0.7725694444444444,49.88541666666667
demo,ideal,nv_charge_readout_master_v1_4,2,sparse,0.3,ou,500.0,0.15,tau_c=1ms,1.0,9.422120008455401,adaptive_count,three,0.18654166666666666,0.06798603026773702,42.98873018231213,42.07309790514008,43.99734365698498,1,0.18481553819444443,0.18871132812499997,-1.4492723947961363,1.6433028597688184,0,0.7602083333333334,0,0.22277777777777777,27.74826388888889
demo,ideal,nv_charge_readout_master_v1_4,2,sparse,0.3,ou,500.0,0.15,tau_c=1ms,1.0,9.422120008455401,fixed_count_mmpp,two,0.32747916666666665,1.2702537286188234,43.06889751256442,42.14668193203491,44.10180883457407,1,0.3218944878472222,0.3349958767361111,-1.2704828677492228,4.300357389260676,0,0.0,0,0.7722916666666666,49.88541666666667
demo,ideal,nv_charge_readout_master_v1_4,2,sparse,0.3,ou,500.0,0.15,tau_c=1ms,1.0,9.422120008455401,fixed_count_mmpp,three,0.18643749999999998,0.06242953382841317,43.06889751256442,42.14668193203491,44.10180883457407,1,0.18472061631944445,0.1885863064236111,-1.4571289666171956,1.674128515811902,0,0.7595138888888888,0,0.2234722222222222,27.74826388888889
demo,ideal,nv_charge_readout_master_v1_4,2,sparse,0.3,ou,500.0,0.15,tau_c=1ms,1.0,9.422120008455401,mmpp_sprt,two,0.3267404513888889,1.5285727386995809,52.63506063947078,51.85032508361481,53.53358814595243,1,0.3209087022569444,0.3336546875,-1.0732287368864668,4.428642964947325,0,0.0,1,0.7561805555555555,41.46050347222223
demo,ideal,nv_charge_readout_master_v1_4,2,sparse,0.3,ou,500.0,0.15,tau_c=1ms,1.0,9.422120008455401,mmpp_sprt,three,0.15476041666666668,-0.2260924068767868,52.63506063947078,51.85032508361481,53.53358814595243,1,0.15399305555555554,0.15566493055555558,-0.9992317173784163,0.6263424955252144,0,0.9317361111111111,1,0.06576388888888889,6.25
demo,ideal,nv_charge_readout_master_v1_4,2,sparse,0.3,ou,500.0,0.15,tau_c=1ms,1.0,9.422120008455401,mmpp_sprt_exh,two,0.3267404513888889,1.5285727386995809,52.63506063947078,51.85032508361481,53.53358814595243,1,0.3209087022569444,0.3336546875,-1.0732287368864668,4.428642964947325,0,0.0,1,0.7561805555555555,41.46050347222223
demo,ideal,nv_charge_readout_master_v1_4,2,sparse,0.3,ou,500.0,0.15,tau_c=1ms,1.0,9.422120008455401,mmpp_sprt_exh,three,0.15476041666666668,-0.2260924068767868,52.63506063947078,51.85032508361481,53.53358814595243,1,0.15399305555555554,0.15566493055555558,-0.9992317173784163,0.6263424955252144,0,0.9317361111111111,1,0.06576388888888889,6.25
demo,ideal,nv_charge_readout_master_v1_4,2,sparse,0.3,ou,500.0,0.15,tau_c=1ms,1.0,9.422120008455401,exact_sprt,two,0.3255845045896436,1.5503350791034032,53.66001906704888,52.85346620293567,54.62619440725068,1,0.3201716165853471,0.33240637066425044,-0.960754461884184,4.442980088186698,0,0.0,1,0.7514583333333333,38.52141896148846
demo,ideal,nv_charge_readout_master_v1_4,2,sparse,0.3,ou,500.0,0.15,tau_c=1ms,1.0,9.422120008455401,exact_sprt,three,0.15087579734748421,-0.29565766399836824,53.66001906704888,52.85346620293567,54.62619440725068,1,0.1504863207349633,0.15134115386424102,-0.7322812880595417,0.1401764018096767,0,0.9847222222222223,1,0.014722222222222222,1.305954229297659
demo,ideal,nv_charge_readout_master_v1_4,2,sparse,0.3,ou,500.0,0.15,tau_c=1ms,1.0,9.422120008455401,learned_clean,two,0.32535243055555557,1.0969981577336232,53.896148941052175,53.09507596127844,54.909013669631946,1,0.31979585503472224,0.3326607204861111,-1.2843394565463788,4.080578728186698,0,0.0,1,0.7661111111111111,45.73177083333333
demo,ideal,nv_charge_readout_master_v1_4,2,sparse,0.3,ou,500.0,0.15,tau_c=1ms,1.0,9.422120008455401,learned_clean,three,0.15,0.0,53.896148941052175,53.09507596127844,54.909013669631946,1,0.15,0.15,0.0,0.0,0,1.0,1,0.0,0.0
demo,ideal,nv_charge_readout_master_v1_4,2,sparse,0.3,ou,500.0,0.15,tau_c=1ms,1.0,9.422120008455401,learned_matched,two,0.3255581597222223,1.1609245318135193,53.92528323418916,53.122869221836716,54.93553374997142,1,0.31998546006944445,0.3328564887152778,-1.2205452471773566,4.140969462979029,0,0.0,1,0.7661111111111111,45.83463541666667
demo,ideal,nv_charge_readout_master_v1_4,2,sparse,0.3,ou,500.0,0.15,tau_c=1ms,1.0,9.422120008455401,learned_matched,three,0.15,0.0,53.92528323418916,53.122869221836716,54.93553374997142,1,0.15,0.15,0.0,0.0,0,1.0,1,0.0,0.0
