experiment,detector,physics_layer,point_index,point,photons_per_bright_dwell,snr_per_bright_dwell,a_over_c,cost_discard,band_lo,band_hi,L,offset,exact_L,exact_offset,exact_deadline_us,degenerate,sprt_risk,sprt_risk_ci_low,sprt_risk_ci_high,exact_risk,exact_risk_ci_low,exact_risk_ci_high,sprt_discard_rate,exact_discard_rate,sprt_accuracy_retained,exact_accuracy_retained,sprt_fidelity_all_shots,exact_fidelity_all_shots,sprt_yield_per_ms,exact_yield_per_ms,sprt_T_us,exact_T_us,learned_risk,learned_risk_ci_low,learned_risk_ci_high,learned_discard_rate,learned_accuracy_retained,learned_fidelity_all_shots,learned_yield_per_ms,learned_T_us,risk_reduction_pct,risk_reduction_ci_low,risk_reduction_ci_high,risk_reduction_resolved
demo,ideal,nv_charge_readout_master_v1_4,0,high_flux,9.932170229495307,7.478904304027249,500.0,inf,nan,nan,2.2698009276097086,-1.0,1.8432684284784902,-0.2,12.214111259715898,0,0.12629839409722224,0.1206351806640625,0.1318773952907986,0.12097626274010123,0.11576723245919372,0.12608988093680765,0.0,0.0,0.888125,0.8877083333333333,0.888125,0.8877083333333333,138.66361735100733,230.2928061464859,7.211697048611112,4.342298036717285,0.12047081163194444,0.11501121419270834,0.12515965983072913,0.0,0.8895833333333333,0.8895833333333334,198.92293247283047,5.027072482638889,0.4178101527592041,-0.8476803754570467,1.8950408259963942,0
demo,ideal,nv_charge_readout_master_v1_4,0,high_flux,9.932170229495307,7.478904304027249,500.0,0.45,-0.2006706954621511,0.20067069546215133,2.2698009276097086,0.0,2.2698009276097086,0.0,12.214111259715898,0,0.12143500434027779,0.11641522352430556,0.12655716417100696,0.12026517917152271,0.1150349543522022,0.12525309823161765,0.022569444444444444,0.020208333333333335,0.8999644760213144,0.8995676518534269,0.8796527777777778,0.8813888888888889,144.7940526421539,153.46830866518036,6.75048828125,6.384325696872468,0.12051573350694443,0.11543980577256943,0.12564156629774303,0.006527777777777778,0.8943100796868447,0.8884722222222222,157.96689124489953,6.289116753472222,-0.20833489555973353,-1.2245819725166907,0.8841396917335477,0
demo,ideal,nv_charge_readout_master_v1_4,0,high_flux,9.932170229495307,7.478904304027249,500.0,0.35,-0.6190392084062236,0.6190392084062236,2.2698009276097086,0.0,2.2698009276097086,0.0,12.214111259715898,0,0.1160634765625,0.11120808648003472,0.12061011555989584,0.11675129028263383,0.11158655172405589,0.12162725634165258,0.057916666666666665,0.04729166666666667,0.9126492702344096,0.908229462788833,0.8597916666666667,0.8652777777777778,139.557805907173,149.22614831509034,6.75048828125,6.384325696872468,0.11615277777777777,0.11099461534288194,0.12062285970052083,0.05590277777777777,0.9121000367782273,0.8611111111111112,138.83073780954814,6.800347222222222,-0.07694170287039372,-0.7933298561913856,0.8768366386511773,0
demo,ideal,nv_charge_readout_master_v1_4,0,high_flux,9.932170229495307,7.478904304027249,500.0,0.25,-1.0986122886681096,1.0986122886681096,2.2698009276097086,0.0,2.795033089798302,0.0,12.214111259715898,0,0.10869194878472221,0.10434078776041666,0.11336573350694443,0.11152757418156324,0.10730336162688031,0.1157408671994352,0.08826388888888889,0.09937499999999999,0.9197958717343286,0.922970159611381,0.8386111111111112,0.83125,135.0622463331324,104.06541663983332,6.75048828125,8.654412090781618,0.10833984375000001,0.10415177951388889,0.1124770534939236,0.10979166666666666,0.9255012091426789,0.8238888888888889,122.17661950856292,7.286241319444445,0.3239476692239552,-0.8515995587672509,1.4911229831553505,0
demo,ideal,nv_charge_readout_master_v1_4,0,high_flux,9.932170229495307,7.478904304027249,500.0,0.15,-1.7346010553881064,1.7346010553881062,2.795033089798302,0.5,2.795033089798302,0.5,12.214111259715898,0,0.09665310329861111,0.09275574544270833,0.10046689995659723,0.0961057824396545,0.09219625254161319,0.10006545115375665,0.16465277777777776,0.16284722222222223,0.9334940560312578,0.9339693073413521,0.7797916666666667,0.7818750000000001,101.87390415445385,102.08606711878275,8.199815538194445,8.200460664271692,0.09503396267361111,0.09108340657552083,0.09866278211805556,0.17881944444444445,0.9333615221987315,0.7664583333333334,121.75717744725009,6.744411892361111,1.1152500284947853,0.3825331325123882,1.9700104511113783,1
demo,ideal,nv_charge_readout_master_v1_4,0,high_flux,9.932170229495307,7.478904304027249,500.0,0.08,-2.4423470353692047,2.442347035369205,1.8432684284784902,1.0,2.2698009276097086,1.0,6.060137744534691,0,0.06763682725694445,0.066584560546875,0.06885519476996528,0.06710609611157019,0.06601102406514578,0.06832824682007758,0.7055555555555555,0.684375,0.980188679245283,0.9801980198019802,0.2886111111111111,0.309375,109.88681690254919,103.38029216472212,2.679524739583333,3.053048055785096,0.06700844184027778,0.06598967990451389,0.06818677137586807,0.6971527777777777,0.9830314148131163,0.29770833333333335,99.33763991956296,3.048665364583333,0.1455222058068292,-0.6293032604327198,1.066665709581032,0
demo,ideal,nv_charge_readout_master_v1_4,0,high_flux,9.932170229495307,7.478904304027249,500.0,0.04,-3.1780538303479453,3.1780538303479444,1.8432684284784902,1.0,2.2698009276097086,1.0,6.060137744534691,0,0.03907293836805556,0.03823605848524305,0.04006749837239583,0.03970887388934797,0.03879866634111919,0.040838764329987634,0.7386805555555556,0.7220138888888888,0.9840552750465055,0.9830127404446665,0.2571527777777778,0.27326388888888886,97.52455000101239,91.05199329711388,2.679524739583333,3.053048055785096,0.037235677083333335,0.03659509006076389,0.03796977267795139,0.7743055555555556,0.9910769230769231,0.22368055555555555,106.21999795730773,2.124782986111111,4.702132374626564,3.274029518845608,6.749441722187281,1
demo,ideal,nv_charge_readout_master_v1_4,0,high_flux,9.932170229495307,7.478904304027249,500.0,0.02,-3.8918202981106265,3.8918202981106256,0.1,0.0,0.5286807249936678,0.5,0.7401919666095049,1,0.020911111111111113,0.020848611111111113,0.02096670138888889,0.020110023159694394,0.020109891787801384,0.020110160769197777,0.9674305555555556,1.0,1.0,nan,0.03256944444444444,0.0,41.68888888888887,0.0,0.78125,0.05501157984719686,0.02,0.02,0.02,1.0,nan,0.0,0.0,0.0,0.5471060814833287,0.5464563855486415,0.5477866162388193,1
demo,ideal,nv_charge_readout_master_v1_4,1,moderate,27.43339830432224,12.911749357161563,500.0,inf,nan,nan,2.795033089798302,-0.2,2.795033089798302,0.0,29.840478040022404,0,0.09125678168402779,0.08689833577473959,0.095308349609375,0.09065214320392853,0.0862363022342906,0.09541947090912874,0.0,0.0,0.9386805555555555,0.9354166666666667,0.9386805555555555,0.9354166666666667,66.8062087150352,76.72003478209942,14.968668619791668,13.034404935297598,0.08785291883680557,0.08379588487413195,0.09159903971354166,0.0,0.9436111111111111,0.9436111111111112,63.56464837182836,15.732014973958334,3.0878744486226903,0.3073599822471174,5.948539761470065,1
demo,ideal,nv_charge_readout_master_v1_4,1,moderate,27.43339830432224,12.911749357161563,500.0,0.45,-0.2006706954621511,0.20067069546215133,2.795033089798302,-0.2,2.795033089798302,0.0,29.840478040022404,0,0.09186789279513889,0.08752147352430556,0.09589726833767362,0.0906938098705952,0.08635665959010343,0.09528631118690653,0.007222222222222222,0.0061111111111111106,0.9408925573587017,0.9377445500279485,0.9340972222222221,0.9320138888888889,66.32371942987105,76.2511901250977,14.968668619791668,13.034404935297598,0.08813297526041668,0.0841357421875,0.09183697781032987,0.007430555555555555,0.9462674036241517,0.9392361111111112,63.108650471287255,15.727945963541668,2.8236046250922713,0.6220437904010724,5.2152695539221385,1
demo,ideal,nv_charge_readout_master_v1_4,1,moderate,27.43339830432224,12.911749357161563,500.0,0.35,-0.6190392084062236,0.6190392084062236,2.795033089798302,0.0,2.795033089798302,0.0,29.840478040022404,0,0.08888519965277777,0.084792724609375,0.09271810167100694,0.0888535320928174,0.0846930537153316,0.09300501486854834,0.028749999999999998,0.01986111111111111,0.9492349492349492,0.9430352841150631,0.9219444444444445,0.9243055555555555,65.80921221924052,75.19628964684384,14.75857204861111,13.034404935297598,0.0863019748263889,0.08240294053819446,0.08975968424479167,0.02263888888888889,0.9519681682535172,0.9304166666666667,62.185125735687535,15.716959635416666,2.871644161273313,0.9637221362386563,4.7091239462006,1
demo,ideal,nv_charge_readout_master_v1_4,1,moderate,27.43339830432224,12.911749357161563,500.0,0.25,-1.0986122886681096,1.0986122886681096,2.795033089798302,0.0,2.795033089798302,0.0,29.840478040022404,0,0.08462131076388889,0.08081070963541667,0.08840438503689237,0.0857389487594841,0.08162917740036277,0.0897122757803556,0.043194444444444445,0.033125,0.9536942952533024,0.9468505350858292,0.9125,0.9154861111111111,64.8304966364004,74.17868362994237,14.75857204861111,13.034404935297598,0.08323757595486111,0.07949917941623265,0.08661446126302083,0.043611111111111114,0.9575225094394424,0.9157638888888888,60.32134821848667,15.854899088541668,1.6352084321745874,0.3523813245717434,2.9346072874644777,1
demo,ideal,nv_charge_readout_master_v1_4,1,moderate,27.43339830432224,12.911749357161563,500.0,0.15,-1.7346010553881064,1.7346010553881062,2.795033089798302,0.0,2.795033089798302,0.0,29.840478040022404,0,0.07849283854166667,0.07482238498263889,0.08200854085286458,0.08086047653726186,0.07696062000130632,0.08447520133265568,0.06631944444444444,0.05277777777777778,0.9582000743770919,0.9505131964809385,0.8946527777777777,0.9003472222222222,63.263610631180384,72.67092183526638,14.75857204861111,13.034404935297598,0.076595703125,0.07317770453559028,0.07966553412543402,0.0761111111111111,0.962717979555021,0.8894444444444445,60.12045895851722,15.367296006944443,2.416953510554474,1.0664872674973187,3.650629431965038,1
demo,ideal,nv_charge_readout_master_v1_4,1,moderate,27.43339830432224,12.911749357161563,500.0,0.08,-2.4423470353692047,2.442347035369205,2.2698009276097086,0.5,1.8432684284784902,1.0,29.840478040022404,0,0.07869780815972222,0.07683969753689236,0.08053234564887153,0.07464522660653958,0.07293046141744229,0.07618828676742252,0.5690972222222223,0.7053472222222222,0.9668009669621274,0.9670044779637049,0.41659722222222223,0.2849305555555556,45.68404705070317,69.36902131626623,9.432237413194445,4.247613303269786,0.06752819010416668,0.06500803385416667,0.07040399956597222,0.16347222222222224,0.9703636061763241,0.8117361111111112,56.4101926207767,14.82937282986111,9.534483082069423,6.133920524730409,12.922304002321564,1
demo,ideal,nv_charge_readout_master_v1_4,1,moderate,27.43339830432224,12.911749357161563,500.0,0.04,-3.1780538303479453,3.1780538303479444,1.8432684284784902,1.0,0.2831365416187968,0.2,1.753719507494665,1,0.04351524522569444,0.042547231987847225,0.04446520887586806,0.0410758027273798,0.04051168265116535,0.041721660200130004,0.678125,0.9684027777777777,0.9900755124056095,0.9494505494505494,0.3186805555555556,0.03,48.78445883441258,85.11387129378424,6.597900390625,0.3712346970232311,0.04,0.04,0.04,1.0,nan,0.0,0.0,0.0,2.6190668372810664,1.2630495062750482,4.126538090389537,1
demo,ideal,nv_charge_readout_master_v1_4,1,moderate,27.43339830432224,12.911749357161563,500.0,0.02,-3.8918202981106265,3.8918202981106256,0.1,0.0,0.5286807249936678,0.5,1.753719507494665,1,0.023178472222222222,0.023127013888888888,0.023242395833333332,0.020259562366844862,0.020259249144934398,0.020259857888853382,0.9636111111111111,1.0,1.0,nan,0.03638888888888889,0.0,18.631111111111125,0.0,1.953125,0.1297811834224304,0.02,0.02,0.02,1.0,nan,0.0,0.0,0.0,1.2811844705473001,1.2796582098351454,1.2826244403042273,1
demo,ideal,nv_charge_readout_master_v1_4,2,sparse,2.7433398304322245,4.083053654584545,500.0,inf,nan,nan,0.5286807249936678,-0.5,0.5286807249936678,-0.5,52.23928619596102,0,0.32061979166666665,0.3140296875,0.32651154513888886,0.3169943072193001,0.3103977953897747,0.32325962107781775,0.0,0.0,0.761875,0.7664583333333334,0.7618750000000001,0.7664583333333332,24.24395479512596,23.96568864395134,41.24739583333333,41.72632027631671,0.3194739583333333,0.31297910156250003,0.3258658203125,0.0,0.7715277777777778,0.7715277777777778,21.97760268615144,45.50086805555556,-0.7822383738638402,-1.2546635025004698,-0.2515342131526565,1
demo,ideal,nv_charge_readout_master_v1_4,2,sparse,2.7433398304322245,4.083053654584545,500.0,0.45,-0.2006706954621511,0.20067069546215133,0.5286807249936678,-0.5,0.5286807249936678,-0.5,52.23928619596102,0,0.32061979166666665,0.3140296875,0.32651154513888886,0.3169943072193001,0.3103977953897747,0.32325962107781775,0.0,0.0,0.761875,0.7664583333333334,0.7618750000000001,0.7664583333333332,24.24395479512596,23.96568864395134,41.24739583333333,41.72632027631671,0.31947482638888886,0.31297999131944443,0.3258684027777778,0.0,0.7715277777777778,0.7715277777777778,21.977393046215482,45.50130208333333,-0.7825122133416409,-1.255200556796645,-0.25233830446707334,1
demo,ideal,nv_charge_readout_master_v1_4,2,sparse,2.7433398304322245,4.083053654584545,500.0,0.35,-0.6190392084062236,0.6190392084062236,0.5286807249936678,-0.5,0.5286807249936678,-0.5,52.23928619596102,0,0.32061979166666665,0.3140296875,0.32651154513888886,0.3169943072193001,0.3103977953897747,0.32325962107781775,0.0,0.0,0.761875,0.7664583333333334,0.7618750000000001,0.7664583333333332,24.24395479512596,23.96568864395134,41.24739583333333,41.72632027631671,0.31947482638888886,0.31297999131944443,0.3258684027777778,0.0,0.7715277777777778,0.7715277777777778,21.977393046215482,45.50130208333333,-0.7825122133416409,-1.255200556796645,-0.25233830446707334,1
demo,ideal,nv_charge_readout_master_v1_4,2,sparse,2.7433398304322245,4.083053654584545,500.0,0.25,-1.0986122886681096,1.0986122886681096,0.1516346206887207,0.0,0.2831365416187968,0.0,17.53719507494665,0,0.2481128472222222,0.24660983072916665,0.2497744574652778,0.2476863179431742,0.24601368148767305,0.24931477702641422,0.876875,0.8656250000000001,0.9616469261139312,0.958656330749354,0.11840277777777777,0.12881944444444443,10.187459599224308,10.44723398253221,12.0859375,12.862256193809301,0.24813802083333333,0.24662914496527777,0.24980210503472222,0.876875,0.9616469261139312,0.11840277777777777,10.176860986547089,12.098524305555555,-0.18236893095676432,-0.41042655934939687,0.037862125451974406,0
demo,ideal,nv_charge_readout_master_v1_4,2,sparse,2.7433398304322245,4.083053654584545,500.0,0.15,-1.7346010553881064,1.7346010553881062,0.1,0.0,0.5286807249936678,0.5,17.53719507494665,1,0.15499305555555556,0.15419348958333332,0.15595868055555553,0.15086070381837213,0.1504493429305498,0.15121274308841004,0.9337500000000001,0.9864583333333333,0.9633123689727463,0.9794871794871794,0.06381944444444444,0.01326388888888889,10.599999999999987,10.360179617886576,6.25,1.307088020297191,0.15,0.15,0.15,1.0,nan,0.0,0.0,0.0,0.5705288365937744,0.29866723169465287,0.8020111679800369,1
demo,ideal,nv_charge_readout_master_v1_4,2,sparse,2.7433398304322245,4.083053654584545,500.0,0.08,-2.4423470353692047,2.442347035369205,0.1,0.0,0.5286807249936678,0.5,17.53719507494665,1,0.08963055555555556,0.08885534722222223,0.09051145833333335,0.08180862048503883,0.08150970590468051,0.0821172426077433,0.9337500000000001,0.9864583333333333,0.9633123689727463,0.9794871794871794,0.06381944444444444,0.01326388888888889,10.599999999999987,10.360179617886576,6.25,1.307088020297191,0.08,0.08,0.08,1.0,nan,0.0,0.0,0.0,2.2107945034589433,1.8521792978544376,2.578316727038842,1
demo,ideal,nv_charge_readout_master_v1_4,2,sparse,2.7433398304322245,4.083053654584545,500.0,0.04,-3.1780538303479453,3.1780538303479444,0.1,0.0,0.5286807249936678,0.5,17.53719507494665,1,0.05239166666666667,0.05229444444444445,0.052547222222222224,0.04237250937392771,0.04211562214314845,0.04268831066239233,0.9955555555555555,0.9870138888888889,0.984375,0.9786096256684492,0.004375,0.012708333333333334,0.7111111111111157,9.935146607922018,6.25,1.307088020297191,0.04,0.04,0.04,1.0,nan,0.0,0.0,0.0,5.59917127633593,5.023366711579305,6.29753348667351,1
demo,ideal,nv_charge_readout_master_v1_4,2,sparse,2.7433398304322245,4.083053654584545,500.0,0.02,-3.8918202981106265,3.8918202981106256,0.1,0.0,0.5286807249936678,0.5,17.53719507494665,1,0.032480555555555554,0.03239722222222222,0.032627777777777776,0.022614176040594382,0.02261080117703502,0.022617137524544716,0.9955555555555555,1.0,0.984375,nan,0.004375,0.0,0.7111111111111157,0.0,6.25,1.307088020297191,0.02,0.02,0.02,1.0,nan,0.0,0.0,0.0,11.55989957759996,11.546699104430738,11.57147990853671,1
