experiment,detector,physics_layer,efficiency_model,point_index,point,sweep_value,power_uw,detection_efficiency,photons_per_bright_dwell,contrast,switching_ratio,snr_per_bright_dwell,p_bright_stationary,gamma_tot_khz,horizon_us,noise_sigma,noise_tau_c_ms,noise_kind,noise_photon_order,noise_renormalise,q_excess_finest_bin,target_fidelity,t_threshold_us,t_adaptive_count_us,t_fixed_count_mmpp_us,t_adaptive_mmpp_us,speedup_mmpp,speedup_mmpp_ci_low,speedup_mmpp_ci_high,speedup_count,speedup_count_ci_low,speedup_count_ci_high,speedup_fixed_count_mmpp,speedup_fixed_count_mmpp_ci_low,speedup_fixed_count_mmpp_ci_high,t_learned_us,speedup_learned,speedup_learned_ci_low,speedup_learned_ci_high,t_optimal_us,speedup_optimal,speedup_optimal_ci_low,speedup_optimal_ci_high
noise_kind,ideal,nv_charge_readout_master_v1_4,thin_all_counts,0,off,0.0,5.437,1.0,27.43339830432224,0.9249776330930897,7.504300359171423,12.911749357161563,0.11758756837904422,9.422120008455401,636.7993609310438,0.0,0.1,off,2.0,mean,0.030417556651362254,0.55,0.45049609642541066,1.5861166916547633,1.5861166916547633,0.4371863632243957,1.0304440721866328,1.0216902340938008,1.1013180217906053,0.2840245606112481,0.2763327649882138,0.3032124872993333,0.2840245606112481,0.2763327649882138,0.3032124872993333,4.974995007273436,0.09055207005570579,0.08812669685752093,0.096812215529997,0.44058787882439776,1.0224886295724944,1.0058506627323143,1.0693460784914135
noise_kind,ideal,nv_charge_readout_master_v1_4,thin_all_counts,0,off,0.0,5.437,1.0,27.43339830432224,0.9249776330930897,7.504300359171423,12.911749357161563,0.11758756837904422,9.422120008455401,636.7993609310438,0.0,0.1,off,2.0,mean,0.030417556651362254,0.56,0.5419305763207105,1.5861166916547633,1.5861166916547633,0.516570495342312,1.049093165806137,1.0251464116026283,1.0726018245942324,0.3416713153401881,0.3182266956150241,0.36488007144951473,0.3416713153401881,0.3182266956150241,0.36488007144951473,4.974995007273436,0.10893087842870369,0.10132062406751406,0.11669404354507794,0.5304372771060424,1.0216675933436903,1.0076340140820839,1.0425885239478627
noise_kind,ideal,nv_charge_readout_master_v1_4,thin_all_counts,0,off,0.0,5.437,1.0,27.43339830432224,0.9249776330930897,7.504300359171423,12.911749357161563,0.11758756837904422,9.422120008455401,636.7993609310438,0.0,0.1,off,2.0,mean,0.030417556651362254,0.57,0.6434303173457581,1.5861166916547633,1.5861166916547633,0.6103691677163245,1.0541658251728716,1.0361526504842558,1.072188548470836,0.4056639216591815,0.37959985751063124,0.428378648193639,0.4056639216591815,0.37959985751063124,0.428378648193639,4.974995007273436,0.12933285689836146,0.12073859011929616,0.13685912121081428,0.627349236824216,1.025633378631252,1.006420447911915,1.04619077511888
noise_kind,ideal,nv_charge_readout_master_v1_4,thin_all_counts,0,off,0.0,5.437,1.0,27.43339830432224,0.9249776330930897,7.504300359171423,12.911749357161563,0.11758756837904422,9.422120008455401,636.7993609310438,0.0,0.1,off,2.0,mean,0.030417556651362254,0.58,0.742009644444095,1.5861166916547633,1.5861166916547633,0.7040720652321227,1.0538830910717425,1.0375906591125401,1.0789961892466062,0.467815292751236,0.4409639699090836,0.4991319548031978,0.467815292751236,0.4409639699090836,0.4991319548031978,4.974995007273436,0.14914781690419346,0.1400910479382843,0.15958291453448326,0.7242611965423905,1.0245055899535074,1.0063405111591184,1.0468107550833647
noise_kind,ideal,nv_charge_readout_master_v1_4,thin_all_counts,0,off,0.0,5.437,1.0,27.43339830432224,0.9249776330930897,7.504300359171423,12.911749357161563,0.11758756837904422,9.422120008455401,636.7993609310438,0.0,0.1,off,2.0,mean,0.030417556651362254,0.59,0.8593422554469733,1.5861166916547633,1.5861166916547633,0.7962565721346176,1.07922783374112,1.0565211756956687,1.0988587980431759,0.5417900586812683,0.5124362106236,0.5718899071947747,0.5417900586812683,0.5124362106236,0.5718899071947747,4.974995007273436,0.17273228499538515,0.16298790881059746,0.18296534912896364,0.8224804734794093,1.0448178201868117,1.0358261945923868,1.0584874597342206
noise_kind,ideal,nv_charge_readout_master_v1_4,thin_all_counts,0,off,0.0,5.437,1.0,27.43339830432224,0.9249776330930897,7.504300359171423,12.911749357161563,0.11758756837904422,9.422120008455401,636.7993609310438,0.0,0.1,off,2.0,mean,0.030417556651362254,0.6,0.9761166513915961,1.5861166916547633,1.5861166916547633,0.9005108425350499,1.083958799034231,1.0655420654071979,1.1001966322545984,0.6154128864082714,0.5820513995644374,0.6495508209727247,0.6154128864082714,0.5820513995644374,0.6495508209727247,4.974995007273436,0.19620454894216274,0.18495784696183243,0.2076866000372275,0.9269225803781267,1.053072470187749,1.0411441249836069,1.0742403486720753
noise_kind,ideal,nv_charge_readout_master_v1_4,thin_all_counts,0,off,0.0,5.437,1.0,27.43339830432224,0.9249776330930897,7.504300359171423,12.911749357161563,0.11758756837904422,9.422120008455401,636.7993609310438,0.0,0.1,off,2.0,mean,0.030417556651362254,0.61,1.096911652865467,1.5861166916547633,1.5861166916547633,1.0184151765922114,1.0770770880849576,1.064849631194853,1.0932173771369607,0.6915705878620326,0.658407865145043,0.7258848730787245,0.6915705878620326,0.658407865145043,0.7258848730787245,4.974995007273436,0.2204849756154094,0.20943231371297277,0.23222614538108663,1.0318098262567785,1.0630947922301401,1.0566642724663142,1.0838198269264832
noise_kind,ideal,nv_charge_readout_master_v1_4,thin_all_counts,0,off,0.0,5.437,1.0,27.43339830432224,0.9249776330930897,7.504300359171423,12.911749357161563,0.11758756837904422,9.422120008455401,636.7993609310438,0.0,0.1,off,2.0,mean,0.030417556651362254,0.62,1.2182954781651276,1.5861166916547633,1.5861166916547633,1.1179900044058293,1.0897194727716792,1.0765763190999074,1.1052018627041278,0.7680995254479699,0.7343948772703841,0.8036423011283597,0.7680995254479699,0.7343948772703841,0.8036423011283597,4.974995007273436,0.24488375895533188,0.23341388683879002,0.25706417636683854,1.1374846257153146,1.071043467861374,1.059223356172289,1.0892349023801386
noise_kind,ideal,nv_charge_readout_master_v1_4,thin_all_counts,0,off,0.0,5.437,1.0,27.43339830432224,0.9249776330930897,7.504300359171423,12.911749357161563,0.11758756837904422,9.422120008455401,636.7993609310438,0.0,0.1,off,2.0,mean,0.030417556651362254,0.63,1.3454342156264851,1.5861166916547633,1.5861166916547633,1.21649141362539,1.1059956532013815,1.0914351140356764,1.1192834609184155,0.8482567661669463,0.8138601273399003,0.8785013920342964,0.8482567661669463,0.8138601273399003,0.8785013920342964,4.974995007273436,0.2704393097198012,0.25853759798382847,0.2809527575348524,1.2431594251738507,1.08227005191899,1.0725192605882488,1.094055110212271
noise_kind,ideal,nv_charge_readout_master_v1_4,thin_all_counts,0,off,0.0,5.437,1.0,27.43339830432224,0.9249776330930897,7.504300359171423,12.911749357161563,0.11758756837904422,9.422120008455401,636.7993609310438,0.0,0.1,off,2.0,mean,0.030417556651362254,0.64,1.4580891191521501,1.5861166916547633,1.5861166916547633,1.3236713687890136,1.1015491862501425,1.0899611952147632,1.114146162827033,0.919282374886904,0.8890302538033443,0.9574931650713177,0.919282374886904,0.8890302538033443,0.9574931650713177,4.974995007273436,0.2930835341584114,0.28273378906672075,0.30634276935645394,1.3488342246323868,1.0809994975843231,1.0710316365203014,1.0880114278030988
noise_kind,ideal,nv_charge_readout_master_v1_4,thin_all_counts,0,off,0.0,5.437,1.0,27.43339830432224,0.9249776330930897,7.504300359171423,12.911749357161563,0.11758756837904422,9.422120008455401,636.7993609310438,0.0,0.1,off,2.0,mean,0.030417556651362254,0.65,1.5830294431723424,1.5861166916547633,1.5861166916547633,1.440294500172551,1.0991012206064048,1.0077806559999236,1.110236286007515,0.9980535804845481,0.9617935175979939,1.0380522491418553,0.9980535804845481,0.9617935175979939,1.0380522491418553,4.974995007273436,0.3181971923304356,0.30552530992815985,0.3320477791145522,1.4764735457409215,1.0721691883601945,1.0605934129335834,1.0842167303570736
noise_kind,ideal,nv_charge_readout_master_v1_4,thin_all_counts,0,off,0.0,5.437,1.0,27.43339830432224,0.9249776330930897,7.504300359171423,12.911749357161563,0.11758756837904422,9.422120008455401,636.7993609310438,0.0,0.1,off,2.0,mean,0.030417556651362254,0.66,1.7200076775238327,1.5861166916547633,1.5861166916547633,1.5861166916547633,1.0844143350697506,1.0457578825394747,1.1044819775093784,1.0844143350697506,0.9983592785855285,1.1024582244074335,1.0844143350697506,0.9983592785855285,1.1024582244074335,4.974995007273436,0.345730533399367,0.33231531799815217,0.36115943739751694,1.6066668809948053,1.0705440548191607,1.054159316679435,1.087312652233338
noise_kind,ideal,nv_charge_readout_master_v1_4,thin_all_counts,0,off,0.0,5.437,1.0,27.43339830432224,0.9249776330930897,7.504300359171423,12.911749357161563,0.11758756837904422,9.422120008455401,636.7993609310438,0.0,0.1,off,2.0,mean,0.030417556651362254,0.67,1.862682302584016,1.8255985089568545,1.8255985089568545,1.7642214965500342,1.0558097757149676,1.0458423771406893,1.1137158519684474,1.0203132251944877,1.0043124974803115,1.041834583078984,1.0203132251944877,1.0043124974803115,1.041834583078984,4.974995007273436,0.37440887877490875,0.3593627882864701,0.39196830767029167,1.7368602162486888,1.0724422640107911,1.0551892584075944,1.0926436065754934
noise_kind,ideal,nv_charge_readout_master_v1_4,thin_all_counts,0,off,0.0,5.437,1.0,27.43339830432224,0.9249776330930897,7.504300359171423,12.911749357161563,0.11758756837904422,9.422120008455401,636.7993609310438,0.0,0.1,off,2.0,mean,0.030417556651362254,0.68,2.0180203444004023,1.9250945395329078,1.9250945395329078,1.8285673857726472,1.1036073158155466,1.0783432314547567,1.1231383415224165,1.0482707747381805,1.0285271574151411,1.0705957593094675,1.0482707747381805,1.0285271574151411,1.0705957593094675,4.974995007273436,0.4056326371081899,0.38894480197908854,0.4255228883074433,1.8670535515025724,1.0808583089522712,1.061170956028802,1.1013101767904874
noise_kind,ideal,nv_charge_readout_master_v1_4,thin_all_counts,0,off,0.0,5.437,1.0,27.43339830432224,0.9249776330930897,7.504300359171423,12.911749357161563,0.11758756837904422,9.422120008455401,636.7993609310438,0.0,0.1,off,2.0,mean,0.030417556651362254,0.69,2.186096039251012,2.0300131534709758,2.0300131534709758,1.930078947319378,1.1326459170425165,1.1202646481563738,1.1395834045854334,1.0768876228773006,1.0527944393206217,1.0947796274293755,1.0768876228773006,1.0527944393206217,1.0947796274293755,4.974995007273436,0.4394167302791143,0.4215571881341146,0.45800705409452236,1.9972468867564546,1.0945547361955086,1.0735655324534505,1.1109392361309802
noise_kind,ideal,nv_charge_readout_master_v1_4,thin_all_counts,0,off,0.0,5.437,1.0,27.43339830432224,0.9249776330930897,7.504300359171423,12.911749357161563,0.11758756837904422,9.422120008455401,636.7993609310438,0.0,0.1,off,2.0,mean,0.030417556651362254,0.7,2.341354669980072,2.1406498842727273,2.1406498842727273,2.0596001952239034,1.1368005671244066,1.1253362891727527,1.1464600888983374,1.093758809967905,1.0732045730924884,1.1130024046667484,1.093758809967905,1.0732045730924884,1.1130024046667484,4.974995007273436,0.47062452656877335,0.45354728930676824,0.49030710322661447,2.127440222010338,1.1005501568300677,1.0862687466462162,1.1162796650644728
noise_kind,ideal,nv_charge_readout_master_v1_4,thin_all_counts,0,off,0.0,5.437,1.0,27.43339830432224,0.9249776330930897,7.504300359171423,12.911749357161563,0.11758756837904422,9.422120008455401,636.7993609310438,0.0,0.1,off,2.0,mean,0.030417556651362254,0.71,2.5139954759642444,2.2573163721632787,2.2573163721632787,2.197813187930912,1.1438622216708945,1.1275720606948652,1.1582263885090842,1.1137098489898336,1.088281265065419,1.1404187138354192,1.1137098489898336,1.088281265065419,1.1404187138354192,4.974995007273436,0.5053262309386817,0.4847568665882804,0.529060599652335,2.2576335572642217,1.11355337887991,1.096164320496505,1.1301144820592792
noise_kind,ideal,nv_charge_readout_master_v1_4,thin_all_counts,0,off,0.0,5.437,1.0,27.43339830432224,0.9249776330930897,7.504300359171423,12.911749357161563,0.11758756837904422,9.422120008455401,636.7993609310438,0.0,0.1,off,2.0,mean,0.030417556651362254,0.72,2.72156300555194,2.3803412419156733,2.3803412419156733,2.3453011998369506,1.1604321891538485,1.1456160336988068,1.1758541104053502,1.1433499355586743,1.1157110135778041,1.1697094783369808,1.1433499355586743,1.1157110135778041,1.1697094783369808,4.974995007273436,0.5470483893095407,0.5231311890222985,0.5720589614267556,2.387826892518105,1.139765622909913,1.1224333803401354,1.1517687446796268
noise_kind,ideal,nv_charge_readout_master_v1_4,thin_all_counts,0,off,0.0,5.437,1.0,27.43339830432224,0.9249776330930897,7.504300359171423,12.911749357161563,0.11758756837904422,9.422120008455401,636.7993609310438,0.0,0.1,off,2.0,mean,0.030417556651362254,0.73,2.920761245829603,2.510071028517224,2.510071028517224,2.5026866469642575,1.167050317454831,1.156631909225539,1.17778602612628,1.1636169704548107,1.1393670964551725,1.185276840260008,1.1636169704548107,1.1393670964551725,1.185276840260008,4.974995007273436,0.587088276784088,0.5650668709134963,0.6115765759505212,2.5357022343727076,1.1518549797516557,1.1423021520694094,1.160580707080699
noise_kind,ideal,nv_charge_readout_master_v1_4,thin_all_counts,0,off,0.0,5.437,1.0,27.43339830432224,0.9249776330930897,7.504300359171423,12.911749357161563,0.11758756837904422,9.422120008455401,636.7993609310438,0.0,0.1,off,2.0,mean,0.030417556651362254,0.74,3.1217721582872153,2.646871153285138,2.646871153285138,2.6529995560387527,1.1766953187690679,1.1685323822475,1.1853879747854306,1.1794197667735578,1.1564008141151447,1.2035345675169402,1.1794197667735578,1.1564008141151447,1.2035345675169402,4.974995007273436,0.6274925208413654,0.6036971108934992,0.6560991738587345,2.7044744931190676,1.1542989834919384,1.1406918523302385,1.1688217901638172
noise_kind,ideal,nv_charge_readout_master_v1_4,thin_all_counts,0,off,0.0,5.437,1.0,27.43339830432224,0.9249776330930897,7.504300359171423,12.911749357161563,0.11758756837904422,9.422120008455401,636.7993609310438,0.0,0.1,off,2.0,mean,0.030417556651362254,0.75,3.3475585926363824,2.7911269531809273,2.7911269531809273,2.8075820583698152,1.1923279615841744,1.182009691090456,1.199410920471983,1.199357338017647,1.1745859172247983,1.2210163080274108,1.199357338017647,1.1745859172247983,1.2210163080274108,4.974995007273436,0.6728767742967091,0.6441221809721314,0.7037276120957527,2.8732467518654277,1.1650787007635222,1.1473059987704675,1.1808819613142407
noise_kind,ideal,nv_charge_readout_master_v1_4,thin_all_counts,0,off,0.0,5.437,1.0,27.43339830432224,0.9249776330930897,7.504300359171423,12.911749357161563,0.11758756837904422,9.422120008455401,636.7993609310438,0.0,0.1,off,2.0,mean,0.030417556651362254,0.76,3.587801423556298,2.9432447662229726,2.9432447662229726,3.316512644514032,1.0817994104412703,1.0635255536998656,1.2068353387121535,1.2189952615325557,1.19737133156872,1.2319332978584039,1.2189952615325557,1.19737133156872,1.2319332978584039,4.974995007273436,0.7211668390241471,0.6899274573981403,0.7463717430063477,3.0420190106117877,1.1794145306260748,1.1607402088347327,1.1927099728208401
noise_kind,ideal,nv_charge_readout_master_v1_4,thin_all_counts,0,off,0.0,5.437,1.0,27.43339830432224,0.9249776330930897,7.504300359171423,12.911749357161563,0.11758756837904422,9.422120008455401,636.7993609310438,0.0,0.1,off,2.0,mean,0.030417556651362254,0.77,3.7894404496433722,3.103653076054611,3.103653076054611,3.316512644514032,1.1425979201109417,1.10764538213511,1.1772888331772666,1.2209613499910046,1.2109676610375777,1.2307406620116703,1.2209613499910046,1.2109676610375777,1.2307406620116703,4.974995007273436,0.7616973372040003,0.7361227003704436,0.7886455500107505,3.2107912693581473,1.1802201176412503,1.165600771043607,1.1931509242008034
noise_kind,ideal,nv_charge_readout_master_v1_4,thin_all_counts,0,off,0.0,5.437,1.0,27.43339830432224,0.9249776330930897,7.504300359171423,12.911749357161563,0.11758756837904422,9.422120008455401,636.7993609310438,0.0,0.1,off,2.0,mean,0.030417556651362254,0.78,4.002411846740277,3.2728037188917596,3.2728037188917596,3.316512644514032,1.2068133837393376,1.1701422938563528,1.221899253049541,1.222930609506756,0.9978556996801896,1.2296841129055625,1.222930609506756,0.9978556996801896,1.2296841129055625,4.974995007273436,0.8045057011893996,0.7763425920473401,0.8377331142833558,3.3795635281045073,1.184298449624087,1.1684426859937085,1.200561327085756
noise_kind,ideal,nv_charge_readout_master_v1_4,thin_all_counts,0,off,0.0,5.437,1.0,27.43339830432224,0.9249776330930897,7.504300359171423,12.911749357161563,0.11758756837904422,9.422120008455401,636.7993609310438,0.0,0.1,off,2.0,mean,0.030417556651362254,0.79,4.274971631679616,4.20416129585925,4.20416129585925,3.520042738795728,1.2144658314978765,1.137315821820673,1.2332693839162652,1.0168429160627372,1.0049074492651373,1.044833269274057,1.0168429160627372,1.0049074492651373,1.044833269274057,4.974995007273436,0.8592916425905178,0.822746552366259,0.8969102591819783,3.5483357868508674,1.204782153797692,1.1852571024230507,1.2205950586501395
noise_kind,ideal,nv_charge_readout_master_v1_4,thin_all_counts,0,off,0.0,5.437,1.0,27.43339830432224,0.9249776330930897,7.504300359171423,12.911749357161563,0.11758756837904422,9.422120008455401,636.7993609310438,0.0,0.1,off,2.0,mean,0.030417556651362254,0.8,4.577065740894864,4.388787419011474,4.388787419011474,3.8973663441592525,1.1743996680615452,1.1421235666606682,1.2292927396485265,1.0428998499831184,1.024162032150757,1.0612837840861962,1.0428998499831184,1.024162032150757,1.0612837840861962,4.974995007273436,0.92001413754249,0.8803249539862766,0.9582528178016628,3.717108045597227,1.2313512775923272,1.2139892776931471,1.2443875553911776
noise_kind,ideal,nv_charge_readout_master_v1_4,thin_all_counts,0,off,0.0,5.437,1.0,27.43339830432224,0.9249776330930897,7.504300359171423,12.911749357161563,0.11758756837904422,9.422120008455401,636.7993609310438,0.0,0.1,off,2.0,mean,0.030417556651362254,0.81,4.876972100628516,4.581521415042837,4.581521415042837,3.9006380591398417,1.2503011114299523,1.2061085966235945,1.2661374402562138,1.0644874614392512,1.0469410745529908,1.084859069904467,1.0644874614392512,1.0469410745529908,1.084859069904467,4.974995007273436,0.9802968834136294,0.941112797869274,1.0001955280347823,3.909530404194718,1.2474572637664576,1.2359132225949816,1.2581084832952025
noise_kind,ideal,nv_charge_readout_master_v1_4,thin_all_counts,0,off,0.0,5.437,1.0,27.43339830432224,0.9249776330930897,7.504300359171423,12.911749357161563,0.11758756837904422,9.422120008455401,636.7993609310438,0.0,0.1,off,2.0,mean,0.030417556651362254,0.82,5.197290116234713,4.782719341923365,4.782719341923365,4.251236872361642,1.2225359988815492,1.1871797610025323,1.23158224159815,1.0866809747077129,1.0652639025249397,1.1088536639602269,1.0866809747077129,1.0652639025249397,1.1088536639602269,5.204340237575826,0.9986453381179404,0.9896926645784716,1.0081086451917185,4.155702989726594,1.250640416093992,1.2365249361361834,1.2641676367079429
noise_kind,ideal,nv_charge_readout_master_v1_4,thin_all_counts,0,off,0.0,5.437,1.0,27.43339830432224,0.9249776330930897,7.504300359171423,12.911749357161563,0.11758756837904422,9.422120008455401,636.7993609310438,0.0,0.1,off,2.0,mean,0.030417556651362254,0.83,5.549520517277589,4.992752893941021,4.992752893941021,4.478673670284694,1.2390991007221173,1.203408332994363,1.2788301081353965,1.1115151571014532,1.085659933260188,1.134091543790203,1.1115151571014532,1.085659933260188,1.134091543790203,5.529768595146661,1.0035719256223965,0.99164662838794,1.0152801144122021,4.4018755752584715,1.2607172607216934,1.2437804365352634,1.2754616968705437
noise_kind,ideal,nv_charge_readout_master_v1_4,thin_all_counts,0,off,0.0,5.437,1.0,27.43339830432224,0.9249776330930897,7.504300359171423,12.911749357161563,0.11758756837904422,9.422120008455401,636.7993609310438,0.0,0.1,off,2.0,mean,0.030417556651362254,0.84,5.937516343947466,5.212010088371993,5.212010088371993,4.7029574320621155,1.2625069288250033,1.2470628958987955,1.3123134894493695,1.139198935396169,1.109429014278164,1.1693908537332278,1.139198935396169,1.109429014278164,1.1693908537332278,5.875546048102653,1.0105471551643823,0.9905140101074945,1.0290988000637178,4.64804816079035,1.2774214333738434,1.2558276773307018,1.2987502313821544
noise_kind,ideal,nv_charge_readout_master_v1_4,thin_all_counts,0,off,0.0,5.437,1.0,27.43339830432224,0.9249776330930897,7.504300359171423,12.911749357161563,0.11758756837904422,9.422120008455401,636.7993609310438,0.0,0.1,off,2.0,mean,0.030417556651362254,0.85,6.408079363408575,5.440895982306214,5.440895982306214,4.815763181839246,1.3306466953304767,1.2732383542168384,1.3417949900076906,1.1777617848691906,1.1444457717703809,1.207014053064457,1.1777617848691906,1.1444457717703809,1.207014053064457,6.242945029141695,1.026451351645104,1.0054846269599396,1.049487621954442,4.894220746322228,1.3093155571750497,1.2844326930440735,1.3319233945216757
noise_kind,ideal,nv_charge_readout_master_v1_4,thin_all_counts,0,off,0.0,5.437,1.0,27.43339830432224,0.9249776330930897,7.504300359171423,12.911749357161563,0.11758756837904422,9.422120008455401,636.7993609310438,0.0,0.1,off,2.0,mean,0.030417556651362254,0.86,6.942655030386578,5.6798334209523205,5.6798334209523205,5.488538484661493,1.2649369317148493,1.2391581392769835,1.322908255850474,1.2223342686029908,1.1871293921120916,1.2563398659516831,1.2223342686029908,1.1871293921120916,1.2563398659516831,6.633317536413609,1.046633904117338,1.0218963053918904,1.0703694713842762,5.140393331854106,1.350607741894803,1.3221906887727204,1.3742554083335592
noise_kind,ideal,nv_charge_readout_master_v1_4,thin_all_counts,0,off,0.0,5.437,1.0,27.43339830432224,0.9249776330930897,7.504300359171423,12.911749357161563,0.11758756837904422,9.422120008455401,636.7993609310438,0.0,0.1,off,2.0,mean,0.030417556651362254,0.87,7.550696472213594,5.929263818804489,5.929263818804489,5.66485214156176,1.3329026572142657,1.2921689313281635,1.3858767385108621,1.2734627270702272,1.2424813616477852,1.3163198356904873,1.2734627270702272,1.2424813616477852,1.3163198356904873,7.0481001087625685,1.0713094813772823,1.0461547532960256,1.1000970480094527,5.479201347095176,1.3780651583860173,1.3635684610805592,1.3966912626014532
noise_kind,ideal,nv_charge_readout_master_v1_4,thin_all_counts,0,off,0.0,5.437,1.0,27.43339830432224,0.9249776330930897,7.504300359171423,12.911749357161563,0.11758756837904422,9.422120008455401,636.7993609310438,0.0,0.1,off,2.0,mean,0.030417556651362254,0.88,8.295093119339297,6.189647975114289,6.189647975114289,5.905998687454592,1.4045199733890177,1.3646499501454954,1.4244157716580894,1.340155878442527,1.3048179750549347,1.3882967027576918,1.340155878442527,1.3048179750549347,1.3882967027576918,7.488819112072351,1.107663704410645,1.079475049097805,1.1446037293585993,5.9869327929824205,1.3855330277070064,1.3607556742443436,1.4197984104086763
noise_kind,ideal,nv_charge_readout_master_v1_4,thin_all_counts,0,off,0.0,5.437,1.0,27.43339830432224,0.9249776330930897,7.504300359171423,12.911749357161563,0.11758756837904422,9.422120008455401,636.7993609310438,0.0,0.1,off,2.0,mean,0.030417556651362254,0.89,9.321630735681694,6.461466925174053,6.461466925174053,6.481134908086233,1.4382713626361174,1.3379549334911638,1.4588412228080554,1.4426492998616716,0.768821186173085,1.4536731740020372,1.4426492998616716,0.9735257383811828,1.4536731740020372,7.957096356167747,1.1714864717525084,1.135512686057585,1.2272959309826503,6.494664238869666,1.4352752340749235,1.3952084418885256,1.4961405697274557
noise_kind,ideal,nv_charge_readout_master_v1_4,thin_all_counts,0,off,0.0,5.437,1.0,27.43339830432224,0.9249776330930897,7.504300359171423,12.911749357161563,0.11758756837904422,9.422120008455401,636.7993609310438,0.0,0.1,off,2.0,mean,0.030417556651362254,0.9,11.237814908216254,12.813828499201348,11.455354745155148,7.089181601696499,1.5852062395364444,1.4378256446804163,1.944241827826666,0.877006814077204,0.8152537654265422,1.1111188419467588,0.9810097686384702,0.935165169422254,1.1822433597880055,8.528846156368955,1.31762429550032,1.237944866449008,1.671793146127616,7.002395684756909,1.6048528838036349,1.50226731102401,2.01137621262687
noise_kind,ideal,nv_charge_readout_master_v1_4,thin_all_counts,0,off,0.0,5.437,1.0,27.43339830432224,0.9249776330930897,7.504300359171423,12.911749357161563,0.11758756837904422,9.422120008455401,636.7993609310438,0.0,0.1,off,2.0,mean,0.030417556651362254,0.91,16.35344068096715,13.477484972870222,12.82434158513714,8.083941505834854,2.022953860955514,1.5819094873608743,2.059748524310833,1.2133896430889102,1.181265904163714,1.2339981273468097,1.2751875464639904,1.239501074959442,1.29901461627087,9.265721233643584,1.7649398539628247,1.6843674795821293,1.8311819465159218,7.903894266071178,2.0690358613686293,1.970679502504941,2.1704200401595624
noise_kind,ideal,nv_charge_readout_master_v1_4,thin_all_counts,0,off,0.0,5.437,1.0,27.43339830432224,0.9249776330930897,7.504300359171423,12.911749357161563,0.11758756837904422,9.422120008455401,636.7993609310438,0.0,0.1,off,2.0,mean,0.030417556651362254,0.92,17.74235699889646,14.17551368080694,13.726871257906964,11.251545131865017,1.576881822981725,1.540885949042429,1.6595372957735175,1.2516200399085982,1.2258826139879178,1.2851155574705395,1.2925273841026588,1.2658290774112064,1.3267299926284,10.479732680243963,1.6930161808748951,1.626934343289697,1.7679613662086422,8.973036281280113,1.977296919651516,1.9061800650237373,2.063916715559512
noise_kind,ideal,nv_charge_readout_master_v1_4,thin_all_counts,0,off,0.0,5.437,1.0,27.43339830432224,0.9249776330930897,7.504300359171423,12.911749357161563,0.11758756837904422,9.422120008455401,636.7993609310438,0.0,0.1,off,2.0,mean,0.030417556651362254,0.93,19.664561197270434,14.90969483692554,14.692917627017287,11.65048048517805,1.6878755534836558,1.578764721678541,1.7293615092071946,1.3189110449510295,1.2890954296751278,1.3617010232445912,1.3383700702923227,1.3116585025807828,1.3776986147045944,11.85280608816532,1.6590637736750729,1.5623388688529947,1.7280551924380838,10.2169986063887,1.924690601893022,1.8215733974989903,2.0183591459230024
noise_kind,ideal,nv_charge_readout_master_v1_4,thin_all_counts,0,off,0.0,5.437,1.0,27.43339830432224,0.9249776330930897,7.504300359171423,12.911749357161563,0.11758756837904422,9.422120008455401,636.7993609310438,0.0,0.1,off,2.0,mean,0.030417556651362254,0.94,25.012993112115517,nan,26.689899560380574,14.802544655104827,1.6897765684827373,1.4758971620726298,1.7850038981323346,nan,1.384543342976871,1.4407265366701911,0.9371707471408279,0.8607894590303583,1.4478964017222862,15.08915992028586,1.65767963519878,1.4939038336127075,1.770548806290087,12.335062480995497,2.027796223217578,1.8080981005604373,2.1513420321483556
noise_kind,ideal,nv_charge_readout_master_v1_4,thin_all_counts,0,off,0.0,5.437,1.0,27.43339830432224,0.9249776330930897,7.504300359171423,12.911749357161563,0.11758756837904422,9.422120008455401,636.7993609310438,0.0,0.1,off,2.0,mean,0.030417556651362254,0.95,nan,nan,nan,nan,nan,nan,nan,nan,nan,nan,nan,nan,nan,nan,nan,nan,nan,nan,nan,nan,nan
noise_kind,ideal,nv_charge_readout_master_v1_4,thin_all_counts,0,off,0.0,5.437,1.0,27.43339830432224,0.9249776330930897,7.504300359171423,12.911749357161563,0.11758756837904422,9.422120008455401,636.7993609310438,0.0,0.1,off,2.0,mean,0.030417556651362254,0.96,nan,nan,nan,nan,nan,nan,nan,nan,nan,nan,nan,nan,nan,nan,nan,nan,nan,nan,nan,nan,nan
noise_kind,ideal,nv_charge_readout_master_v1_4,thin_all_counts,0,off,0.0,5.437,1.0,27.43339830432224,0.9249776330930897,7.504300359171423,12.911749357161563,0.11758756837904422,9.422120008455401,636.7993609310438,0.0,0.1,off,2.0,mean,0.030417556651362254,0.97,nan,nan,nan,nan,nan,nan,nan,nan,nan,nan,nan,nan,nan,nan,nan,nan,nan,nan,nan,nan,nan
noise_kind,ideal,nv_charge_readout_master_v1_4,thin_all_counts,0,off,0.0,5.437,1.0,27.43339830432224,0.9249776330930897,7.504300359171423,12.911749357161563,0.11758756837904422,9.422120008455401,636.7993609310438,0.0,0.1,off,2.0,mean,0.030417556651362254,0.98,nan,nan,nan,nan,nan,nan,nan,nan,nan,nan,nan,nan,nan,nan,nan,nan,nan,nan,nan,nan,nan
noise_kind,ideal,nv_charge_readout_master_v1_4,thin_all_counts,0,off,0.0,5.437,1.0,27.43339830432224,0.9249776330930897,7.504300359171423,12.911749357161563,0.11758756837904422,9.422120008455401,636.7993609310438,0.0,0.1,off,2.0,mean,0.030417556651362254,0.99,nan,nan,nan,nan,nan,nan,nan,nan,nan,nan,nan,nan,nan,nan,nan,nan,nan,nan,nan,nan,nan
noise_kind,ideal,nv_charge_readout_master_v1_4,thin_all_counts,1,ou,1.0,5.437,1.0,27.43339830432224,0.9249776330930897,7.504300359171423,12.911749357161563,0.11758756837904422,9.422120008455401,636.7993609310438,0.2,0.1,ou,2.1054086423165375,mean,0.09222437088256896,0.55,0.4984698522819742,1.592387923789351,1.592387923789351,0.47142850773816286,1.0573604355696504,1.0352914027601978,1.0771296354183464,0.31303292673545435,0.291466868257122,0.33289814754063923,0.31303292673545435,0.291466868257122,0.33289814754063923,4.974995007273436,0.10019504573435993,0.09308041575057917,0.10686111703237304,0.48235528653648513,1.033408083616536,1.0133181534163096,1.0763130357034196
noise_kind,ideal,nv_charge_readout_master_v1_4,thin_all_counts,1,ou,1.0,5.437,1.0,27.43339830432224,0.9249776330930897,7.504300359171423,12.911749357161563,0.11758756837904422,9.422120008455401,636.7993609310438,0.2,0.1,ou,2.1054086423165375,mean,0.09222437088256896,0.56,0.5893195730230956,1.592387923789351,1.592387923789351,0.5571624314078307,1.0577159187384737,1.0362539584574877,1.0779685055753143,0.37008543221096024,0.35053453759501707,0.3888610024270338,0.37008543221096024,0.35053453759501707,0.3888610024270338,4.974995007273436,0.1184563144609213,0.1119429041196899,0.12476128801567384,0.5788263438437822,1.0181284581997971,1.0035894460699848,1.0487088287243038
noise_kind,ideal,nv_charge_readout_master_v1_4,thin_all_counts,1,ou,1.0,5.437,1.0,27.43339830432224,0.9249776330930897,7.504300359171423,12.911749357161563,0.11758756837904422,9.422120008455401,636.7993609310438,0.2,0.1,ou,2.1054086423165375,mean,0.09222437088256896,0.57,0.6870154003014091,1.592387923789351,1.592387923789351,0.6584879146610745,1.0433227170995503,1.0344237304247446,1.060643810421248,0.4314372082567306,0.4061053735015325,0.45698566559042014,0.4314372082567306,0.4061053735015325,0.45698566559042014,4.974995007273436,0.13809368638501013,0.12978959147858316,0.14675946956997082,0.6752974011510782,1.017352353393271,0.9983364198006602,1.0455569207268507
noise_kind,ideal,nv_charge_readout_master_v1_4,thin_all_counts,1,ou,1.0,5.437,1.0,27.43339830432224,0.9249776330930897,7.504300359171423,12.911749357161563,0.11758756837904422,9.422120008455401,636.7993609310438,0.2,0.1,ou,2.1054086423165375,mean,0.09222437088256896,0.58,0.7959228536460131,1.592387923789351,1.592387923789351,0.7476391506500105,1.0645815604413225,1.0483752479747088,1.0877413248055638,0.4998297473595396,0.4739305589052311,0.531556988628715,0.4998297473595396,0.4739305589052311,0.531556988628715,4.974995007273436,0.15998465374987814,0.15123069751762835,0.1704882761466363,0.7717684584583752,1.031297463537039,1.0198039798528236,1.0495226248661453
noise_kind,ideal,nv_charge_readout_master_v1_4,thin_all_counts,1,ou,1.0,5.437,1.0,27.43339830432224,0.9249776330930897,7.504300359171423,12.911749357161563,0.11758756837904422,9.422120008455401,636.7993609310438,0.2,0.1,ou,2.1054086423165375,mean,0.09222437088256896,0.59,0.9157603901963481,1.592387923789351,1.592387923789351,0.8483809055635121,1.079421264895255,1.0566552543023489,1.0984061574281618,0.5750862440711962,0.542259619599983,0.6068866942966876,0.5750862440711962,0.542259619599983,0.6068866942966876,4.974995007273436,0.18407262496897137,0.17287276257432335,0.194736138602809,0.8722553036428095,1.0498765514773576,1.036325547553204,1.068367817682491
noise_kind,ideal,nv_charge_readout_master_v1_4,thin_all_counts,1,ou,1.0,5.437,1.0,27.43339830432224,0.9249776330930897,7.504300359171423,12.911749357161563,0.11758756837904422,9.422120008455401,636.7993609310438,0.2,0.1,ou,2.1054086423165375,mean,0.09222437088256896,0.6,1.035658896695659,1.592387923789351,1.592387923789351,0.9626972588300138,1.075788766610094,1.0554728738343464,1.089885607045235,0.6503810291597395,0.6171242581468981,0.6793763155085771,0.6503810291597395,0.6171242581468981,0.6793763155085771,4.974995007273436,0.20817285146648934,0.19680603480027697,0.21811702057090543,0.9750119419751908,1.0622012429895051,1.04610626135083,1.0791808108642216
noise_kind,ideal,nv_charge_readout_master_v1_4,thin_all_counts,1,ou,1.0,5.437,1.0,27.43339830432224,0.9249776330930897,7.504300359171423,12.911749357161563,0.11758756837904422,9.422120008455401,636.7993609310438,0.2,0.1,ou,2.1054086423165375,mean,0.09222437088256896,0.61,1.1484885941931555,1.592387923789351,1.592387923789351,1.0787306053504278,1.064666737456723,1.0540494410715244,1.0780271563680972,0.7212366892736392,0.6892590512485398,0.7536579980748462,0.7212366892736392,0.6892590512485398,0.7536579980748462,4.974995007273436,0.23085221040705906,0.21992103359619428,0.24212982032033598,1.0777685803075723,1.0656170676875747,1.054262347781739,1.0809183423531536
noise_kind,ideal,nv_charge_readout_master_v1_4,thin_all_counts,1,ou,1.0,5.437,1.0,27.43339830432224,0.9249776330930897,7.504300359171423,12.911749357161563,0.11758756837904422,9.422120008455401,636.7993609310438,0.2,0.1,ou,2.1054086423165375,mean,0.09222437088256896,0.62,1.2662721970285946,1.592387923789351,1.592387923789351,1.1746047575514753,1.078041093302061,1.065433632854247,1.0917703130517338,0.7952033409141223,0.7595485129400136,0.8329166207163505,0.7952033409141223,0.7595485129400136,0.8329166207163505,4.974995007273436,0.2545273302138608,0.2422223014125562,0.26740739166395244,1.1805252186399535,1.072634601137473,1.0621718308311678,1.0822242986344122
noise_kind,ideal,nv_charge_readout_master_v1_4,thin_all_counts,1,ou,1.0,5.437,1.0,27.43339830432224,0.9249776330930897,7.504300359171423,12.911749357161563,0.11758756837904422,9.422120008455401,636.7993609310438,0.2,0.1,ou,2.1054086423165375,mean,0.09222437088256896,0.63,1.3888425887479152,1.592387923789351,1.592387923789351,1.278999900085678,1.085881702301055,1.0709751247731158,1.0978377976004545,0.872176037006695,0.833422624469909,0.9108793739869884,0.872176037006695,0.833422624469909,0.9108793739869884,4.974995007273436,0.27916461960613614,0.26569790928278764,0.29242293525384716,1.2966121239527437,1.0711318852348883,1.063097111293269,1.0822613909772827
noise_kind,ideal,nv_charge_readout_master_v1_4,thin_all_counts,1,ou,1.0,5.437,1.0,27.43339830432224,0.9249776330930897,7.504300359171423,12.911749357161563,0.11758756837904422,9.422120008455401,636.7993609310438,0.2,0.1,ou,2.1054086423165375,mean,0.09222437088256896,0.64,1.5179328802490397,1.592387923789351,1.592387923789351,1.3926733515273422,1.0899417861225862,1.0247649178731424,1.0999598400505328,0.9532431498455897,0.90940396748522,1.0011233021124835,0.9532431498455897,0.90940396748522,1.0011233021124835,4.974995007273436,0.3051124429330731,0.2899769258913982,0.3211682008812013,1.4161850944240453,1.0718463894483896,1.063445080522135,1.090348487277246
noise_kind,ideal,nv_charge_readout_master_v1_4,thin_all_counts,1,ou,1.0,5.437,1.0,27.43339830432224,0.9249776330930897,7.504300359171423,12.911749357161563,0.11758756837904422,9.422120008455401,636.7993609310438,0.2,0.1,ou,2.1054086423165375,mean,0.09222437088256896,0.65,1.6675805519276135,1.592387923789351,1.592387923789351,1.592387923789351,1.0472200441958446,1.0102679286418426,1.1015907759122097,1.0472200441958446,0.9920083886363085,1.0841605228558338,1.0472200441958446,0.9919848852856147,1.0841605228558338,4.974995007273436,0.3351924071259595,0.3171295247532647,0.35047223625698554,1.5402414843348677,1.0826747421672878,1.0657594055160389,1.1023732978532996
noise_kind,ideal,nv_charge_readout_master_v1_4,thin_all_counts,1,ou,1.0,5.437,1.0,27.43339830432224,0.9249776330930897,7.504300359171423,12.911749357161563,0.11758756837904422,9.422120008455401,636.7993609310438,0.2,0.1,ou,2.1054086423165375,mean,0.09222437088256896,0.66,1.7986997086960685,1.7917157917597824,1.7920054117252824,1.6516235307016216,1.089049456647041,1.042369354457884,1.103915698567746,1.003897893275488,0.9962616157224476,1.0981429730379582,1.003735645510323,0.9961804364272769,1.0981429730379582,4.974995007273436,0.36154804297619836,0.34760560006740365,0.37596488540040085,1.6642978742456904,1.0807558770158816,1.0649222720822338,1.0974900360668114
noise_kind,ideal,nv_charge_readout_master_v1_4,thin_all_counts,1,ou,1.0,5.437,1.0,27.43339830432224,0.9249776330930897,7.504300359171423,12.911749357161563,0.11758756837904422,9.422120008455401,636.7993609310438,0.2,0.1,ou,2.1054086423165375,mean,0.09222437088256896,0.67,1.9298355426163767,1.8896487875417725,1.8907128104771027,1.8004214501412827,1.07187988815893,1.051993110814494,1.0984404848870413,1.0212667853092865,1.0067462920530168,1.0442817773635442,1.0206920542995643,1.0063818065623154,1.043348514092074,4.974995007273436,0.3879070310211286,0.3718606231380319,0.4059964947777726,1.788354264156513,1.0791125568884943,1.0627354240647966,1.100411597978291
noise_kind,ideal,nv_charge_readout_master_v1_4,thin_all_counts,1,ou,1.0,5.437,1.0,27.43339830432224,0.9249776330930897,7.504300359171423,12.911749357161563,0.11758756837904422,9.422120008455401,636.7993609310438,0.2,0.1,ou,2.1054086423165375,mean,0.09222437088256896,0.68,2.08991538764794,1.9929346812035182,1.9948572187963054,1.8682844049590999,1.1186280750942157,1.095786123269753,1.1312541439369097,1.0486622604138014,1.0277791359894588,1.07488177416212,1.0476516153416697,1.0269643804514026,1.073742334140923,4.974995007273436,0.4200839165853406,0.40126922708877655,0.43878438559381444,1.9124106540673358,1.0928172687195008,1.072613772295913,1.1152447791243016
noise_kind,ideal,nv_charge_readout_master_v1_4,thin_all_counts,1,ou,1.0,5.437,1.0,27.43339830432224,0.9249776330930897,7.504300359171423,12.911749357161563,0.11758756837904422,9.422120008455401,636.7993609310438,0.2,0.1,ou,2.1054086423165375,mean,0.09222437088256896,0.69,2.255134707990318,2.1018660556021262,2.1047381185192013,1.9866875653516056,1.135122979234635,1.1253121281206262,1.146881780813146,1.0729202757614753,1.051909132236155,1.0946827401829027,1.0714562007253086,1.0504447156987742,1.0928939970498057,4.974995007273436,0.45329386355027773,0.43500772756260053,0.47178612050857055,2.036467043978157,1.107375989539709,1.0897904724522212,1.1271875543114298
noise_kind,ideal,nv_charge_readout_master_v1_4,thin_all_counts,1,ou,1.0,5.437,1.0,27.43339830432224,0.9249776330930897,7.504300359171423,12.911749357161563,0.11758756837904422,9.422120008455401,636.7993609310438,0.2,0.1,ou,2.1054086423165375,mean,0.09222437088256896,0.7,2.4233610994612573,2.2167514858161548,2.2206714875667943,2.112594566355168,1.1471018330044513,1.1339620587970582,1.1634451231259755,1.0932037781262764,1.0730496200727864,1.116605057766283,1.0912740191555985,1.0719907104074462,1.1140631565140502,4.974995007273436,0.48710824752955667,0.4682806337987913,0.5054488305450091,2.1605234338889794,1.1216546238052905,1.1046316557162354,1.1401107988257513
noise_kind,ideal,nv_charge_readout_master_v1_4,thin_all_counts,1,ou,1.0,5.437,1.0,27.43339830432224,0.9249776330930897,7.504300359171423,12.911749357161563,0.11758756837904422,9.422120008455401,636.7993609310438,0.2,0.1,ou,2.1054086423165375,mean,0.09222437088256896,0.71,2.5898686843177066,2.3379164132608867,2.3429907085835535,2.2464809664238805,1.1528558323111264,1.1413590545512042,1.1644659795068788,1.107767869555867,1.0883539321196367,1.1269723673725085,1.1053687386935487,1.0861855264287525,1.1242255603130125,4.974995007273436,0.5205771423953838,0.5012263676378209,0.5402234165683973,2.284579823799802,1.1336302007649426,1.1208770394215657,1.145195218224843
noise_kind,ideal,nv_charge_readout_master_v1_4,thin_all_counts,1,ou,1.0,5.437,1.0,27.43339830432224,0.9249776330930897,7.504300359171423,12.911749357161563,0.11758756837904422,9.422120008455401,636.7993609310438,0.2,0.1,ou,2.1054086423165375,mean,0.09222437088256896,0.72,2.7627527054065797,2.46570406758169,2.4720475276259184,2.388852462690812,1.1565187672974182,1.1458713340700835,1.169145191829561,1.120472136835232,1.1002448229718298,1.1432573022596977,1.1175969209863235,1.0983984985395214,1.1412636473384357,4.974995007273436,0.555327734272585,0.5346619929138671,0.5791287552516211,2.4086362137106248,1.1470194999478234,1.138147259527008,1.1584598120367242
noise_kind,ideal,nv_charge_readout_master_v1_4,thin_all_counts,1,ou,1.0,5.437,1.0,27.43339830432224,0.9249776330930897,7.504300359171423,12.911749357161563,0.11758756837904422,9.422120008455401,636.7993609310438,0.2,0.1,ou,2.1054086423165375,mean,0.09222437088256896,0.73,2.974542658342018,2.6004764389369392,2.6082130656573574,2.540246801017052,1.1709660089527854,1.1580409338855935,1.1805209863573496,1.1438452638155778,1.1175636287752155,1.1705614225006937,1.1404523263487039,1.1158392792186467,1.1680154868485275,4.974995007273436,0.5978986218063014,0.5720767629458512,0.6251400385436306,2.5627561483297834,1.1606811129028436,1.1500429841544315,1.1726407195138955
noise_kind,ideal,nv_charge_readout_master_v1_4,thin_all_counts,1,ou,1.0,5.437,1.0,27.43339830432224,0.9249776330930897,7.504300359171423,12.911749357161563,0.11758756837904422,9.422120008455401,636.7993609310438,0.2,0.1,ou,2.1054086423165375,mean,0.09222437088256896,0.74,3.206535990345519,2.7426153034247287,2.7518788857586958,2.7179038837183263,1.1797827029698718,1.171414048720197,1.1877698192296455,1.1691526647362787,1.1434502257127814,1.191719333269572,1.1652169748239025,1.1403100779128037,1.1872293167792198,4.974995007273436,0.644530494132671,0.6150342337527193,0.6732964253036391,2.7445345440806124,1.1683350815391802,1.1536703114528786,1.184623853260313
noise_kind,ideal,nv_charge_readout_master_v1_4,thin_all_counts,1,ou,1.0,5.437,1.0,27.43339830432224,0.9249776330930897,7.504300359171423,12.911749357161563,0.11758756837904422,9.422120008455401,636.7993609310438,0.2,0.1,ou,2.1054086423165375,mean,0.09222437088256896,0.75,3.449817282130522,2.892523304558162,2.903458119122607,2.901945923062125,1.1887944757048694,1.0475395962726188,1.195942503618974,1.1926670657049339,1.1691943252715546,1.217355023524747,1.1881753208043582,1.1646581609152091,1.211562644778115,4.974995007273436,0.693431305375562,0.6633394500449542,0.7251054450899346,2.926312939831441,1.1788955429794994,1.162946771783991,1.1996785214185377
noise_kind,ideal,nv_charge_readout_master_v1_4,thin_all_counts,1,ou,1.0,5.437,1.0,27.43339830432224,0.9249776330930897,7.504300359171423,12.911749357161563,0.11758756837904422,9.422120008455401,636.7993609310438,0.2,0.1,ou,2.1054086423165375,mean,0.09222437088256896,0.76,3.6875104556193965,3.050625093852757,3.063386653070239,3.3323322129554436,1.1065854842692726,1.0715071382142485,1.1482122726978483,1.2087720851211814,1.1922248857519184,1.221942282522061,1.2037365416878203,1.1876867419331167,1.2164332743056527,4.974995007273436,0.7412088756326913,0.7132966446398159,0.7698309800680387,3.10809133558227,1.186422809845959,1.1704846673629636,1.202400277844894
noise_kind,ideal,nv_charge_readout_master_v1_4,thin_all_counts,1,ou,1.0,5.437,1.0,27.43339830432224,0.9249776330930897,7.504300359171423,12.911749357161563,0.11758756837904422,9.422120008455401,636.7993609310438,0.2,0.1,ou,2.1054086423165375,mean,0.09222437088256896,0.77,3.9180813073547602,3.2173685337569635,3.232124384506266,3.3323322129554436,1.1757775206571663,1.136001671240638,1.2140017129034533,1.2177906466871438,1.2066368686430629,1.2259369899555457,1.2122309791469488,0.9988841487644493,1.2188305458675959,4.974995007273436,0.7875548219900785,0.7592221915331361,0.8181028487005026,3.2898697313330985,1.1909533286496126,1.1759517547156089,1.2083562282681473
noise_kind,ideal,nv_charge_readout_master_v1_4,thin_all_counts,1,ou,1.0,5.437,1.0,27.43339830432224,0.9249776330930897,7.504300359171423,12.911749357161563,0.11758756837904422,9.422120008455401,636.7993609310438,0.2,0.1,ou,2.1054086423165375,mean,0.09222437088256896,0.78,4.185400104571065,4.13342520978748,4.150199333209432,3.5016254112185528,1.195273512455623,1.1785629655010548,1.227553778518093,1.012574291815058,1.0035313153330465,1.2292566164906464,1.008481706186968,0.9977934043761707,1.2205771255597424,4.974995007273436,0.8412872974650257,0.8056932250496825,0.8789110710134116,3.4716481270839274,1.2055945623978506,1.1840524876893868,1.2232630402140143
noise_kind,ideal,nv_charge_readout_master_v1_4,thin_all_counts,1,ou,1.0,5.437,1.0,27.43339830432224,0.9249776330930897,7.504300359171423,12.911749357161563,0.11758756837904422,9.422120008455401,636.7993609310438,0.2,0.1,ou,2.1054086423165375,mean,0.09222437088256896,0.79,4.4963140088027895,4.323077069177697,4.340620831225041,3.8978940391454278,1.1535239192362856,1.1382741494502548,1.2420180134276984,1.0400726003383614,1.0215810521954414,1.0608316978119392,1.0358688730556103,1.0165827918833663,1.0564471512873244,4.974995007273436,0.9037826173150294,0.8664052694834654,0.9402410580278827,3.6534265228347564,1.2307114925398916,1.2114084613245688,1.2457011584791884
noise_kind,ideal,nv_charge_readout_master_v1_4,thin_all_counts,1,ou,1.0,5.437,1.0,27.43339830432224,0.9249776330930897,7.504300359171423,12.911749357161563,0.11758756837904422,9.422120008455401,636.7993609310438,0.2,0.1,ou,2.1054086423165375,mean,0.09222437088256896,0.8,4.804434888800698,4.521430628960364,4.539779342573083,3.9152725481567416,1.2271010075818507,1.1821676191982482,1.2559820703696947,1.0625917509444143,1.0431933231532067,1.0820567482500059,1.0582970065848203,1.0381199575124418,1.0774379607823101,4.974995007273436,0.9657165246953254,0.9256933884433884,0.9991440007127862,3.8352049185855854,1.2527192133901837,1.2362453202855614,1.2624321222275028
noise_kind,ideal,nv_charge_readout_master_v1_4,thin_all_counts,1,ou,1.0,5.437,1.0,27.43339830432224,0.9249776330930897,7.504300359171423,12.911749357161563,0.11758756837904422,9.422120008455401,636.7993609310438,0.2,0.1,ou,2.1054086423165375,mean,0.09222437088256896,0.81,5.125149999827315,4.7288851448557425,4.748075743219595,4.205161735703097,1.2187759524950583,1.1966362353238247,1.258633855992984,1.0837966757138613,1.063443028392866,1.1067180463623445,1.0794162260672007,1.0580380340957034,1.1020885310666275,5.1237922420337245,1.0002649907977244,0.9882295468859742,1.0096175300844188,4.092777574088873,1.2522424947483901,1.237631143257063,1.2679248981031535
noise_kind,ideal,nv_charge_readout_master_v1_4,thin_all_counts,1,ou,1.0,5.437,1.0,27.43339830432224,0.9249776330930897,7.504300359171423,12.911749357161563,0.11758756837904422,9.422120008455401,636.7993609310438,0.2,0.1,ou,2.1054086423165375,mean,0.09222437088256896,0.82,5.477494082046975,4.9458581914324755,4.965929302319912,4.4875355801543755,1.220601816790173,1.1916621170347916,1.2584964362574622,1.107491130970037,1.083196688196658,1.1305321160227053,1.103014913943313,1.0787101284010039,1.1259785864823026,5.448816488203851,1.0052630867464905,0.9943672091205265,1.0180999978953045,4.3598245120612145,1.2563565498780487,1.2412487179203142,1.2717045323251648
noise_kind,ideal,nv_charge_readout_master_v1_4,thin_all_counts,1,ou,1.0,5.437,1.0,27.43339830432224,0.9249776330930897,7.504300359171423,12.911749357161563,0.11758756837904422,9.422120008455401,636.7993609310438,0.2,0.1,ou,2.1054086423165375,mean,0.09222437088256896,0.83,5.8562995382807355,5.172786502622055,5.193778526144084,4.530081923829431,1.2927579758491892,1.2491269198305157,1.3060087776449507,1.132136332190051,1.1079448424879987,1.1614899190926464,1.127560505093103,1.103596763270444,1.154941954463894,5.794458424476991,1.0106724579371413,0.9949734246414997,1.0295079075446796,4.626871450033559,1.2657147710983538,1.2484009101975035,1.2874137428301566
noise_kind,ideal,nv_charge_readout_master_v1_4,thin_all_counts,1,ou,1.0,5.437,1.0,27.43339830432224,0.9249776330930897,7.504300359171423,12.911749357161563,0.11758756837904422,9.422120008455401,636.7993609310438,0.2,0.1,ou,2.1054086423165375,mean,0.09222437088256896,0.84,6.318366213604751,5.410126850798171,5.432082040723667,4.817241883279362,1.3116148963862058,1.2569068115562205,1.3279539068849857,1.1678776464682312,1.1371474095904026,1.1974250998034637,1.163157361438343,1.1328972827661852,1.192694907720015,6.162025919881967,1.0253715735304434,1.0058908966228663,1.0451148592682318,4.893918388005904,1.2910648917010767,1.2720586327894814,1.3132726790701044
noise_kind,ideal,nv_charge_readout_master_v1_4,thin_all_counts,1,ou,1.0,5.437,1.0,27.43339830432224,0.9249776330930897,7.504300359171423,12.911749357161563,0.11758756837904422,9.422120008455401,636.7993609310438,0.2,0.1,ou,2.1054086423165375,mean,0.09222437088256896,0.85,6.844919355122683,5.65835696619043,5.681319514996589,5.2778102052308284,1.2969241198440018,1.2437252979642819,1.3148962243284101,1.2097008718294284,1.1711753079112575,1.244696339310764,1.2048115472214898,1.1665341694045464,1.23829596462744,6.552909807222311,1.0445618139865946,1.0173923387750436,1.0698372038915587,5.160965325978249,1.3262866387937309,1.2984711428945455,1.3512613244535698
noise_kind,ideal,nv_charge_readout_master_v1_4,thin_all_counts,1,ou,1.0,5.437,1.0,27.43339830432224,0.9249776330930897,7.504300359171423,12.911749357161563,0.11758756837904422,9.422120008455401,636.7993609310438,0.2,0.1,ou,2.1054086423165375,mean,0.09222437088256896,0.86,7.464754430849098,5.917976498483063,5.941992626308172,5.682972293368842,1.313529970849818,1.2665925612791664,1.3621518407850142,1.2613693942114361,1.22022292373742,1.29780950254591,1.2562712376651055,1.215158922282771,1.2929627275396367,6.968589145826389,1.071200249381881,1.0447711893943779,1.0986268642905552,5.513705468950532,1.3538544038823903,1.3371584710283675,1.3702644099398233
noise_kind,ideal,nv_charge_readout_master_v1_4,thin_all_counts,1,ou,1.0,5.437,1.0,27.43339830432224,0.9249776330930897,7.504300359171423,12.911749357161563,0.11758756837904422,9.422120008455401,636.7993609310438,0.2,0.1,ou,2.1054086423165375,mean,0.09222437088256896,0.87,8.182875452389899,6.189508022534185,6.21462607021177,5.85482649333383,1.3976290265316542,1.34479801947975,1.4098815256992525,1.3220558762664896,1.2799086507071498,1.3649373191270135,1.316712439323169,1.2774103728623385,1.3596702850313436,7.41063681813649,1.1042067845456227,1.0766048233679548,1.1343615856621123,6.032585499167594,1.3564458313137897,1.3373527112286032,1.3813167818828453
noise_kind,ideal,nv_charge_readout_master_v1_4,thin_all_counts,1,ou,1.0,5.437,1.0,27.43339830432224,0.9249776330930897,7.504300359171423,12.911749357161563,0.11758756837904422,9.422120008455401,636.7993609310438,0.2,0.1,ou,2.1054086423165375,mean,0.09222437088256896,0.88,9.167484732160695,6.473498090239955,6.499768616601567,6.534965736352259,1.4028359293705919,1.3239945769069619,1.4465216204114077,1.4161562426321626,0.7765376092999433,1.4430988446716093,1.4104324742799776,0.9759040647372702,1.4319969891399633,7.880725481313708,1.1632792886769208,1.1133254157514498,1.2106297196843194,6.551465529384655,1.3993029026929413,1.356146607812986,1.4551521209890177
noise_kind,ideal,nv_charge_readout_master_v1_4,thin_all_counts,1,ou,1.0,5.437,1.0,27.43339830432224,0.9249776330930897,7.504300359171423,12.911749357161563,0.11758756837904422,9.422120008455401,636.7993609310438,0.2,0.1,ou,2.1054086423165375,mean,0.09222437088256896,0.89,10.614100531345125,12.753284279667891,10.714580039477996,7.178509925792601,1.4785938364741051,1.381723476414018,1.58285969690915,0.8322640896719293,0.7865631924834673,0.9167663904267506,0.9906221701865446,0.9683669951711453,1.0411588383246464,8.422182786817139,1.2602553043563594,1.2079984108264352,1.357910747278699,7.070345559601717,1.5012138292068193,1.4336872380869183,1.6228975673859918
noise_kind,ideal,nv_charge_readout_master_v1_4,thin_all_counts,1,ou,1.0,5.437,1.0,27.43339830432224,0.9249776330930897,7.504300359171423,12.911749357161563,0.11758756837904422,9.422120008455401,636.7993609310438,0.2,0.1,ou,2.1054086423165375,mean,0.09222437088256896,0.9,15.807520692386916,13.419425395933619,12.383438578649185,8.145529493750356,1.9406375858702876,1.466762989208154,1.9944443412782367,1.177958088814812,0.8992455439289058,1.2084845246590017,1.2765049539343085,1.013457476485478,1.29183467227193,9.264929263212505,1.7061674453525018,1.325231658094001,1.7517003410171608,7.923706123204225,1.9949655434715439,1.5533154016209327,2.05768718713713
noise_kind,ideal,nv_charge_readout_master_v1_4,thin_all_counts,1,ou,1.0,5.437,1.0,27.43339830432224,0.9249776330930897,7.504300359171423,12.911749357161563,0.11758756837904422,9.422120008455401,636.7993609310438,0.2,0.1,ou,2.1054086423165375,mean,0.09222437088256896,0.91,17.467126970954624,14.120360999411341,13.402654592719662,10.601977560787157,1.6475347991264524,1.541693337951937,1.7143076502986978,1.2370170261003104,1.207926138150739,1.274805720216677,1.3032587574436776,1.2729599994676764,1.3457886876076106,10.289359659904942,1.69759125429541,1.6469450488080248,1.7617160056556542,8.91946929012925,1.9583146040184989,1.8920103374716222,2.0334634803878386
noise_kind,ideal,nv_charge_readout_master_v1_4,thin_all_counts,1,ou,1.0,5.437,1.0,27.43339830432224,0.9249776330930897,7.504300359171423,12.911749357161563,0.11758756837904422,9.422120008455401,636.7993609310438,0.2,0.1,ou,2.1054086423165375,mean,0.09222437088256896,0.92,19.395990090236108,14.857908507328096,14.505756942297042,11.545613433800424,1.679944526243471,1.6089292320660635,1.7149123377089452,1.3054320586689423,1.2718573197602645,1.3436962944747646,1.337123610121974,1.3023267043624893,1.3755462070645499,11.427062118137501,1.6973732959279182,1.6363233442249407,1.762577157455108,9.915232457054277,1.9561810753550881,1.8606022350788325,2.0277708818252274
noise_kind,ideal,nv_charge_readout_master_v1_4,thin_all_counts,1,ou,1.0,5.437,1.0,27.43339830432224,0.9249776330930897,7.504300359171423,12.911749357161563,0.11758756837904422,9.422120008455401,636.7993609310438,0.2,0.1,ou,2.1054086423165375,mean,0.09222437088256896,0.93,22.435105902612307,nan,23.845720527844495,15.055357493466525,1.4901742394591642,1.4661534441860713,1.7661995778865125,nan,0.6839364484597127,1.425655005810668,0.9408441181894662,0.8849707721609524,1.4383228897308247,13.095403975753985,1.7132045673543703,1.6153243749504882,1.8338278792427645,11.798505235813243,1.9015210362845516,1.8237116917935192,2.057452319616271
noise_kind,ideal,nv_charge_readout_master_v1_4,thin_all_counts,1,ou,1.0,5.437,1.0,27.43339830432224,0.9249776330930897,7.504300359171423,12.911749357161563,0.11758756837904422,9.422120008455401,636.7993609310438,0.2,0.1,ou,2.1054086423165375,mean,0.09222437088256896,0.94,nan,nan,31.796221030958748,23.746462584085553,nan,nan,nan,nan,nan,nan,nan,nan,nan,17.104397530929297,nan,nan,nan,14.84431378731712,nan,nan,nan
noise_kind,ideal,nv_charge_readout_master_v1_4,thin_all_counts,1,ou,1.0,5.437,1.0,27.43339830432224,0.9249776330930897,7.504300359171423,12.911749357161563,0.11758756837904422,9.422120008455401,636.7993609310438,0.2,0.1,ou,2.1054086423165375,mean,0.09222437088256896,0.95,nan,nan,nan,nan,nan,nan,nan,nan,nan,nan,nan,nan,nan,nan,nan,nan,nan,nan,nan,nan,nan
noise_kind,ideal,nv_charge_readout_master_v1_4,thin_all_counts,1,ou,1.0,5.437,1.0,27.43339830432224,0.9249776330930897,7.504300359171423,12.911749357161563,0.11758756837904422,9.422120008455401,636.7993609310438,0.2,0.1,ou,2.1054086423165375,mean,0.09222437088256896,0.96,nan,nan,nan,nan,nan,nan,nan,nan,nan,nan,nan,nan,nan,nan,nan,nan,nan,nan,nan,nan,nan
noise_kind,ideal,nv_charge_readout_master_v1_4,thin_all_counts,1,ou,1.0,5.437,1.0,27.43339830432224,0.9249776330930897,7.504300359171423,12.911749357161563,0.11758756837904422,9.422120008455401,636.7993609310438,0.2,0.1,ou,2.1054086423165375,mean,0.09222437088256896,0.97,nan,nan,nan,nan,nan,nan,nan,nan,nan,nan,nan,nan,nan,nan,nan,nan,nan,nan,nan,nan,nan
noise_kind,ideal,nv_charge_readout_master_v1_4,thin_all_counts,1,ou,1.0,5.437,1.0,27.43339830432224,0.9249776330930897,7.504300359171423,12.911749357161563,0.11758756837904422,9.422120008455401,636.7993609310438,0.2,0.1,ou,2.1054086423165375,mean,0.09222437088256896,0.98,nan,nan,nan,nan,nan,nan,nan,nan,nan,nan,nan,nan,nan,nan,nan,nan,nan,nan,nan,nan,nan
noise_kind,ideal,nv_charge_readout_master_v1_4,thin_all_counts,1,ou,1.0,5.437,1.0,27.43339830432224,0.9249776330930897,7.504300359171423,12.911749357161563,0.11758756837904422,9.422120008455401,636.7993609310438,0.2,0.1,ou,2.1054086423165375,mean,0.09222437088256896,0.99,nan,nan,nan,nan,nan,nan,nan,nan,nan,nan,nan,nan,nan,nan,nan,nan,nan,nan,nan,nan,nan
noise_kind,ideal,nv_charge_readout_master_v1_4,thin_all_counts,2,telegraph,2.0,5.437,1.0,27.43339830432224,0.9249776330930897,7.504300359171423,12.911749357161563,0.11758756837904422,9.422120008455401,636.7993609310438,0.2,0.1,telegraph,2.1054086423165375,mean,0.06807978238859125,0.55,0.4922969142523713,1.5907913498540505,1.5907913498540505,0.47090680636316035,1.0454232293952341,1.0265169145345756,1.071134760092039,0.3094666778880447,0.28859771073182466,0.330584112978044,0.3094666778880447,0.28859771073182466,0.330584112978044,4.974995007273436,0.09895425292540674,0.09215517704739051,0.10585171096395007,0.4767634761879112,1.0325810151999517,0.998666157765263,1.0892637297949272
noise_kind,ideal,nv_charge_readout_master_v1_4,thin_all_counts,2,telegraph,2.0,5.437,1.0,27.43339830432224,0.9249776330930897,7.504300359171423,12.911749357161563,0.11758756837904422,9.422120008455401,636.7993609310438,0.2,0.1,telegraph,2.1054086423165375,mean,0.06807978238859125,0.56,0.5972249989908803,1.5907913498540505,1.5907913498540505,0.5623458316349137,1.0620244081023276,1.0418967894748046,1.0813535923148565,0.3754263555969635,0.353945186637793,0.3962202516342554,0.3754263555969635,0.353945186637793,0.3962202516342554,4.974995007273436,0.12004534640089853,0.11291454701618037,0.12689570424332572,0.5721161714254934,1.0438876382445639,1.0189664605639102,1.0814831943035723
noise_kind,ideal,nv_charge_readout_master_v1_4,thin_all_counts,2,telegraph,2.0,5.437,1.0,27.43339830432224,0.9249776330930897,7.504300359171423,12.911749357161563,0.11758756837904422,9.422120008455401,636.7993609310438,0.2,0.1,telegraph,2.1054086423165375,mean,0.06807978238859125,0.57,0.6882914256491162,1.5907913498540505,1.5907913498540505,0.6674827126727712,1.0311749092242728,1.023706867236572,1.0496685272359962,0.43267234619566197,0.4118757391964218,0.4517585452059969,0.43267234619566197,0.4118757391964218,0.4517585452059969,4.974995007273436,0.1383501741494886,0.13145610514517436,0.144820456295235,0.6674688666630746,1.0311962999714748,1.0123890360451877,1.0558725385033751
noise_kind,ideal,nv_charge_readout_master_v1_4,thin_all_counts,2,telegraph,2.0,5.437,1.0,27.43339830432224,0.9249776330930897,7.504300359171423,12.911749357161563,0.11758756837904422,9.422120008455401,636.7993609310438,0.2,0.1,telegraph,2.1054086423165375,mean,0.06807978238859125,0.58,0.7947953545344842,1.5907913498540505,1.5907913498540505,0.748922427976695,1.0612519065315222,1.0389638950048912,1.0837549932750479,0.4996226278244497,0.47019854275175305,0.5234639932651284,0.4996226278244497,0.47019854275175305,0.5234639932651284,4.974995007273436,0.15975802053519542,0.14976411181472046,0.16785404414187746,0.7628215619006568,1.0419151663125006,1.02457545280509,1.0624838181512595
noise_kind,ideal,nv_charge_readout_master_v1_4,thin_all_counts,2,telegraph,2.0,5.437,1.0,27.43339830432224,0.9249776330930897,7.504300359171423,12.911749357161563,0.11758756837904422,9.422120008455401,636.7993609310438,0.2,0.1,telegraph,2.1054086423165375,mean,0.06807978238859125,0.59,0.8967704512081194,1.5907913498540505,1.5907913498540505,0.8402986211891271,1.0672044777832403,1.0484830879996356,1.08849028150431,0.563726004224498,0.5369319182952029,0.5889781710274035,0.563726004224498,0.5369319182952029,0.5889781710274035,4.974995007273436,0.18025554797483057,0.17132395980912896,0.18918164445820038,0.8617050770060104,1.0406930110287194,1.0298060521792434,1.0568013158967502
noise_kind,ideal,nv_charge_readout_master_v1_4,thin_all_counts,2,telegraph,2.0,5.437,1.0,27.43339830432224,0.9249776330930897,7.504300359171423,12.911749357161563,0.11758756837904422,9.422120008455401,636.7993609310438,0.2,0.1,telegraph,2.1054086423165375,mean,0.06807978238859125,0.6,1.0114651262406438,1.5907913498540505,1.5907913498540505,0.9428236442056729,1.0728041585049568,1.0559901796071949,1.0880404010372893,0.63582513591958,0.6061996288847772,0.6667271428944791,0.63582513591958,0.6061996288847772,0.6667271428944791,4.974995007273436,0.20330977714789325,0.19292146602461982,0.2139646997626471,0.9635762089225552,1.0496991487280873,1.0416290593145368,1.0644580793089973
noise_kind,ideal,nv_charge_readout_master_v1_4,thin_all_counts,2,telegraph,2.0,5.437,1.0,27.43339830432224,0.9249776330930897,7.504300359171423,12.911749357161563,0.11758756837904422,9.422120008455401,636.7993609310438,0.2,0.1,telegraph,2.1054086423165375,mean,0.06807978238859125,0.61,1.1273511097582307,1.5907913498540505,1.5907913498540505,1.0565170939514414,1.06704483648425,1.058622053302123,1.0788970249410004,0.7086731455144393,0.6774977218098884,0.7433670478101734,0.7086731455144393,0.6774977218098884,0.7433670478101734,4.974995007273436,0.22660346555324073,0.21606276291404145,0.23839028287823827,1.0694595335854564,1.0541316191541046,1.047041387701104,1.0665355662845175
noise_kind,ideal,nv_charge_readout_master_v1_4,thin_all_counts,2,telegraph,2.0,5.437,1.0,27.43339830432224,0.9249776330930897,7.504300359171423,12.911749357161563,0.11758756837904422,9.422120008455401,636.7993609310438,0.2,0.1,telegraph,2.1054086423165375,mean,0.06807978238859125,0.62,1.254897026062759,1.5907913498540505,1.5907913498540505,1.1616126129397655,1.0803059574972356,1.0663326763999927,1.097358751463528,0.7888507981753179,0.7507520917798867,0.8323067938753691,0.7888507981753179,0.7507520917798867,0.8323067938753691,4.974995007273436,0.25224086139344887,0.2394730054742327,0.2669607204980392,1.1772261323946063,1.06597788779133,1.0561472635306262,1.0797376322521293
noise_kind,ideal,nv_charge_readout_master_v1_4,thin_all_counts,2,telegraph,2.0,5.437,1.0,27.43339830432224,0.9249776330930897,7.504300359171423,12.911749357161563,0.11758756837904422,9.422120008455401,636.7993609310438,0.2,0.1,telegraph,2.1054086423165375,mean,0.06807978238859125,0.63,1.390176707764182,1.5907913498540505,1.5907913498540505,1.2771623575858269,1.0884886322456153,1.0734728601858345,1.1022157544781694,0.8738900345992741,0.8389784211106899,0.9152071112820205,0.8738900345992741,0.8389784211106899,0.9152071112820205,4.974995007273436,0.27943278450164183,0.2668390718079917,0.2933952341491292,1.2955940560286472,1.073003307861304,1.065848973264013,1.083081679084119
noise_kind,ideal,nv_charge_readout_master_v1_4,thin_all_counts,2,telegraph,2.0,5.437,1.0,27.43339830432224,0.9249776330930897,7.504300359171423,12.911749357161563,0.11758756837904422,9.422120008455401,636.7993609310438,0.2,0.1,telegraph,2.1054086423165375,mean,0.06807978238859125,0.64,1.526774102135664,1.5907913498540505,1.5907913498540505,1.4042062469571077,1.0872862198442421,0.9964984696212676,1.0980697736538778,0.9597576088628721,0.9215733962616756,1.0011336293097348,0.9597576088628721,0.9215733962616756,1.0011336293097348,4.974995007273436,0.3068895747439992,0.2937592355301524,0.320743089931687,1.4190928824058215,1.0758803183814776,1.0666099253664678,1.0886621100585887
noise_kind,ideal,nv_charge_readout_master_v1_4,thin_all_counts,2,telegraph,2.0,5.437,1.0,27.43339830432224,0.9249776330930897,7.504300359171423,12.911749357161563,0.11758756837904422,9.422120008455401,636.7993609310438,0.2,0.1,telegraph,2.1054086423165375,mean,0.06807978238859125,0.65,1.6693871462514944,1.5907913498540505,1.5907913498540505,1.5907913498540505,1.0494067285471818,1.0094875597391004,1.0895009562559153,1.0494067285471818,1.0029535659662807,1.0887592680393716,1.0494067285471818,1.0029535659662807,1.0887592680393716,4.974995007273436,0.3355555420278518,0.32141801637183437,0.35100729175443673,1.5487681280942922,1.0778806174850848,1.0629527505208003,1.0994470957921594
noise_kind,ideal,nv_charge_readout_master_v1_4,thin_all_counts,2,telegraph,2.0,5.437,1.0,27.43339830432224,0.9249776330930897,7.504300359171423,12.911749357161563,0.11758756837904422,9.422120008455401,636.7993609310438,0.2,0.1,telegraph,2.1054086423165375,mean,0.06807978238859125,0.66,1.8253214016217623,1.7982062716479623,1.7982062716479623,1.6526386825925319,1.1044890942273837,1.0440844054058396,1.1106726396727253,1.0150789875451554,0.9994323231422538,1.094869390752753,1.0150789875451554,0.9994323231422538,1.094869390752753,4.974995007273436,0.3668991424017803,0.3515253431551516,0.38408393440942745,1.678443373782763,1.087508479662305,1.0703978506639216,1.1139326090399002
noise_kind,ideal,nv_charge_readout_master_v1_4,thin_all_counts,2,telegraph,2.0,5.437,1.0,27.43339830432224,0.9249776330930897,7.504300359171423,12.911749357161563,0.11758756837904422,9.422120008455401,636.7993609310438,0.2,0.1,telegraph,2.1054086423165375,mean,0.06807978238859125,0.67,1.9875579266340984,1.8961739891362324,1.8961739891362324,1.8207896153828955,1.0915912029826318,1.0698667389491594,1.1127290579263438,1.0481938566932323,1.0299049820912038,1.068716919944324,1.0481938566932323,1.0299049820912038,1.068716919944324,4.974995007273436,0.399509531914764,0.3844347584870954,0.41642902976673757,1.8081186194712338,1.0992408933963302,1.0819431004727895,1.1212359047052274
noise_kind,ideal,nv_charge_readout_master_v1_4,thin_all_counts,2,telegraph,2.0,5.437,1.0,27.43339830432224,0.9249776330930897,7.504300359171423,12.911749357161563,0.11758756837904422,9.422120008455401,636.7993609310438,0.2,0.1,telegraph,2.1054086423165375,mean,0.06807978238859125,0.68,2.150150176723442,1.9994790663152051,1.9994790663152051,1.9136967134938176,1.1235584832028758,1.1121520208101063,1.1367982216180283,1.0753551827306227,1.0546969418437233,1.0989828000442243,1.0753551827306227,1.0546969418437233,1.0989828000442243,4.974995007273436,0.43219142402754684,0.41527450133227706,0.45154466314223285,1.9377938651597046,1.1095866363196665,1.0901276337320345,1.132278039404653
noise_kind,ideal,nv_charge_readout_master_v1_4,thin_all_counts,2,telegraph,2.0,5.437,1.0,27.43339830432224,0.9249776330930897,7.504300359171423,12.911749357161563,0.11758756837904422,9.422120008455401,636.7993609310438,0.2,0.1,telegraph,2.1054086423165375,mean,0.06807978238859125,0.69,2.3127857996952286,2.1084122868144077,2.1084122868144077,2.0339694504029473,1.1370799100434106,1.1246869800162835,1.1509493922338494,1.096932423586664,1.075147391321895,1.121024483548369,1.096932423586664,1.075147391321895,1.121024483548369,4.974995007273436,0.4648820343164041,0.4473482312162783,0.48537741913277543,2.067469110848174,1.1186555521240236,1.1016749813457676,1.13789404772456
noise_kind,ideal,nv_charge_readout_master_v1_4,thin_all_counts,2,telegraph,2.0,5.437,1.0,27.43339830432224,0.9249776330930897,7.504300359171423,12.911749357161563,0.11758756837904422,9.422120008455401,636.7993609310438,0.2,0.1,telegraph,2.1054086423165375,mean,0.06807978238859125,0.7,2.4832410082786556,2.2232802763883366,2.2232802763883366,2.1618011339004344,1.1486907696260953,1.1330022595698988,1.162721927151705,1.1169266577188455,1.0955926545165626,1.1402430464766986,1.1169266577188455,1.0955926545165626,1.1402430464766986,4.974995007273436,0.4991444221849792,0.48024521695397615,0.5196221915325251,2.197144356536645,1.1302129515936696,1.1135940601191434,1.143722296121856
noise_kind,ideal,nv_charge_readout_master_v1_4,thin_all_counts,2,telegraph,2.0,5.437,1.0,27.43339830432224,0.9249776330930897,7.504300359171423,12.911749357161563,0.11758756837904422,9.422120008455401,636.7993609310438,0.2,0.1,telegraph,2.1054086423165375,mean,0.06807978238859125,0.71,2.6528280986065007,2.3444063660081023,2.3444063660081023,2.297666831528549,1.1545747460878288,1.1412487402969107,1.1670005912289891,1.131556430263222,1.1109977168468184,1.1560611075139917,1.131556430263222,1.1109977168468184,1.1560611075139917,4.974995007273436,0.533232313746661,0.5149042154153018,0.553673051761972,2.3268196022251155,1.1401090553258304,1.128990048457024,1.151227238961525
noise_kind,ideal,nv_charge_readout_master_v1_4,thin_all_counts,2,telegraph,2.0,5.437,1.0,27.43339830432224,0.9249776330930897,7.504300359171423,12.911749357161563,0.11758756837904422,9.422120008455401,636.7993609310438,0.2,0.1,telegraph,2.1054086423165375,mean,0.06807978238859125,0.72,2.833213922769289,2.472131501975012,2.472131501975012,2.4420714680546505,1.1601683078612854,1.1483635615372765,1.170204657149754,1.14606117049429,1.1239366564048696,1.1682077995745546,1.14606117049429,1.1239366564048696,1.1682077995745546,4.974995007273436,0.5694908072524966,0.5486239736721179,0.5915751039267619,2.4564948479135866,1.1533563464119077,1.1439621600461125,1.1609430961955383
noise_kind,ideal,nv_charge_readout_master_v1_4,thin_all_counts,2,telegraph,2.0,5.437,1.0,27.43339830432224,0.9249776330930897,7.504300359171423,12.911749357161563,0.11758756837904422,9.422120008455401,636.7993609310438,0.2,0.1,telegraph,2.1054086423165375,mean,0.06807978238859125,0.73,3.023055080561198,2.6068152056178575,2.6068152056178575,2.5948703401356994,1.1650119984041694,1.156933706448783,1.1740791929487469,1.1596737175870067,1.137877418260921,1.1835106425675317,1.1596737175870067,1.137877418260921,1.1835106425675317,4.974995007273436,0.6076498722393682,0.5859521299346664,0.6306091401356773,2.623487311427898,1.152304060093138,1.1420880751967009,1.1639207125003201
noise_kind,ideal,nv_charge_readout_master_v1_4,thin_all_counts,2,telegraph,2.0,5.437,1.0,27.43339830432224,0.9249776330930897,7.504300359171423,12.911749357161563,0.11758756837904422,9.422120008455401,636.7993609310438,0.2,0.1,telegraph,2.1054086423165375,mean,0.06807978238859125,0.74,3.23217829405269,2.748836585275294,2.748836585275294,2.7538014186357245,1.1737150951334612,1.1645478273660168,1.1822717020973768,1.1758350101153756,1.1527409951668122,1.1988388164837178,1.1758350101153756,1.1527409951668122,1.1988388164837178,4.974995007273436,0.6496847312062122,0.6239273651128269,0.6763560203451794,2.794183010298972,1.1567525398799319,1.1437624401556183,1.173936715887858
noise_kind,ideal,nv_charge_readout_master_v1_4,thin_all_counts,2,telegraph,2.0,5.437,1.0,27.43339830432224,0.9249776330930897,7.504300359171423,12.911749357161563,0.11758756837904422,9.422120008455401,636.7993609310438,0.2,0.1,telegraph,2.1054086423165375,mean,0.06807978238859125,0.75,3.470291885744043,2.898595403411811,2.898595403411811,2.919853967207189,1.188515564380551,1.0453403310984133,1.194338107636496,1.1972322462318519,1.176075459328756,1.2176035890680137,1.1972322462318519,1.176075459328756,1.2176035890680137,4.974995007273436,0.6975468077195014,0.6685434298615821,0.7247347173273407,2.964878709170047,1.1704667293845135,1.153525282948437,1.1909811523825833
noise_kind,ideal,nv_charge_readout_master_v1_4,thin_all_counts,2,telegraph,2.0,5.437,1.0,27.43339830432224,0.9249776330930897,7.504300359171423,12.911749357161563,0.11758756837904422,9.422120008455401,636.7993609310438,0.2,0.1,telegraph,2.1054086423165375,mean,0.06807978238859125,0.76,3.6995525727385137,3.056513201871053,3.056513201871053,3.332914068775519,1.1100053875969547,1.074184332262404,1.1451358073614282,1.2103833120936047,1.1955170821410503,1.2220353350853312,1.2103833120936047,1.1955170821410503,1.2220353350853312,4.974995007273436,0.7436294041159384,0.7174185376630664,0.7691776409566662,3.135574408041121,1.1798643856931226,1.1623191287387,1.1966328624636047
noise_kind,ideal,nv_charge_readout_master_v1_4,thin_all_counts,2,telegraph,2.0,5.437,1.0,27.43339830432224,0.9249776330930897,7.504300359171423,12.911749357161563,0.11758756837904422,9.422120008455401,636.7993609310438,0.2,0.1,telegraph,2.1054086423165375,mean,0.06807978238859125,0.77,3.9245450226812877,3.223034488433829,3.223034488433829,3.332914068775519,1.177511613470169,1.141132284098025,1.2106044384025387,1.2176552986835534,1.2072646572927048,1.2245342542184798,1.2176552986835534,1.2072646572927048,1.2245342542184798,4.974995007273436,0.788854062555562,0.7628585107782109,0.8163439824625665,3.3062701069121956,1.1870007276406445,1.171885820094908,1.2046822687316778
noise_kind,ideal,nv_charge_readout_master_v1_4,thin_all_counts,2,telegraph,2.0,5.437,1.0,27.43339830432224,0.9249776330930897,7.504300359171423,12.911749357161563,0.11758756837904422,9.422120008455401,636.7993609310438,0.2,0.1,telegraph,2.1054086423165375,mean,0.06807978238859125,0.78,4.179422511802796,4.137388959257957,4.137388959257957,3.501291994844941,1.1936800809404893,1.1791693578480487,1.2238769492257393,1.010159439433603,1.0017188300509283,1.2279291834605228,1.010159439433603,1.0017188300509283,1.2279291834605228,4.974995007273436,0.8400857700746406,0.8088330643708006,0.8723865802828396,3.47696580578327,1.2020315255476839,1.1847657542595535,1.220497929381203
noise_kind,ideal,nv_charge_readout_master_v1_4,thin_all_counts,2,telegraph,2.0,5.437,1.0,27.43339830432224,0.9249776330930897,7.504300359171423,12.911749357161563,0.11758756837904422,9.422120008455401,636.7993609310438,0.2,0.1,telegraph,2.1054086423165375,mean,0.06807978238859125,0.79,4.468174123258167,4.323842126422241,4.323842126422241,3.9005797946649596,1.1455153742450128,1.1379849294248459,1.2408660772253195,1.0333804964695492,1.01780056623368,1.0528843597362563,1.0333804964695492,1.01780056623368,1.0528843597362563,4.974995007273436,0.8981263532376821,0.8645513021174863,0.9325092714780999,3.6476615046543444,1.2249420944231981,1.2080378279731674,1.2424145402267877
noise_kind,ideal,nv_charge_readout_master_v1_4,thin_all_counts,2,telegraph,2.0,5.437,1.0,27.43339830432224,0.9249776330930897,7.504300359171423,12.911749357161563,0.11758756837904422,9.422120008455401,636.7993609310438,0.2,0.1,telegraph,2.1054086423165375,mean,0.06807978238859125,0.8,4.758362238083464,4.51869788369539,4.51869788369539,3.9137443642430636,1.215808135441098,1.1757948615682408,1.2484657026253405,1.0530383664844787,1.0345969477419372,1.0723671761620162,1.0530383664844787,1.0345969477419372,1.0723671761620162,4.974995007273436,0.9564556810864624,0.9213439966813312,0.9897880433977995,3.818357203525419,1.2461804866475445,1.2309865729233347,1.2568685454514867
noise_kind,ideal,nv_charge_readout_master_v1_4,thin_all_counts,2,telegraph,2.0,5.437,1.0,27.43339830432224,0.9249776330930897,7.504300359171423,12.911749357161563,0.11758756837904422,9.422120008455401,636.7993609310438,0.2,0.1,telegraph,2.1054086423165375,mean,0.06807978238859125,0.81,5.056941040959214,4.722334897321651,4.722334897321651,4.154008054884675,1.217364283878262,1.2084360333660196,1.2610482644201295,1.0708560809245742,1.0516841200722404,1.09631499216583,1.0708560809245742,1.0516841200722404,1.09631499216583,5.056975758793431,0.9999931346646942,0.9825480389232565,1.010173788581424,4.071273725870397,1.242102934230513,1.2256842084859592,1.2591584085016017
noise_kind,ideal,nv_charge_readout_master_v1_4,thin_all_counts,2,telegraph,2.0,5.437,1.0,27.43339830432224,0.9249776330930897,7.504300359171423,12.911749357161563,0.11758756837904422,9.422120008455401,636.7993609310438,0.2,0.1,telegraph,2.1054086423165375,mean,0.06807978238859125,0.82,5.403997677149541,4.935148898298236,4.935148898298236,4.4777819099232445,1.206847002792544,1.1990288990154632,1.2459299800349533,1.0950019520207337,1.067542559039309,1.122630472261761,1.0950019520207337,1.067542559039309,1.122630472261761,5.380088248607487,1.004444058802984,0.9934396530736334,1.0174115667912296,4.345827307024294,1.2434911227178527,1.2288039672858344,1.257779280317096
noise_kind,ideal,nv_charge_readout_master_v1_4,thin_all_counts,2,telegraph,2.0,5.437,1.0,27.43339830432224,0.9249776330930897,7.504300359171423,12.911749357161563,0.11758756837904422,9.422120008455401,636.7993609310438,0.2,0.1,telegraph,2.1054086423165375,mean,0.06807978238859125,0.83,5.794027355149825,5.15755345140558,5.15755345140558,4.519325580586817,1.2820557518667404,1.241615939452093,1.3045737742934207,1.1234061672343478,1.0943294990744206,1.1537103096558665,1.1234061672343478,1.0943294990744206,1.1537103096558665,5.72384582078966,1.012261255204544,0.9965712909509219,1.029985971574961,4.620380888178193,1.254015089962507,1.2358383599421552,1.2723216749783426
noise_kind,ideal,nv_charge_readout_master_v1_4,thin_all_counts,2,telegraph,2.0,5.437,1.0,27.43339830432224,0.9249776330930897,7.504300359171423,12.911749357161563,0.11758756837904422,9.422120008455401,636.7993609310438,0.2,0.1,telegraph,2.1054086423165375,mean,0.06807978238859125,0.84,6.2337256752787535,5.389980758894244,5.389980758894244,4.787943856229173,1.3019629850439036,1.2660512520050071,1.328446475372939,1.1565395043372295,1.1244829131336596,1.1865205395021514,1.1565395043372295,1.1244829131336596,1.1865205395021514,6.089567580727148,1.0236729607875363,1.0036384191907444,1.0437338245699543,4.894934469332092,1.2735054400287686,1.2534759028054296,1.2924965748775272
noise_kind,ideal,nv_charge_readout_master_v1_4,thin_all_counts,2,telegraph,2.0,5.437,1.0,27.43339830432224,0.9249776330930897,7.504300359171423,12.911749357161563,0.11758756837904422,9.422120008455401,636.7993609310438,0.2,0.1,telegraph,2.1054086423165375,mean,0.06807978238859125,0.85,6.741098836591676,5.632882500390316,5.632882500390316,5.198842625474059,1.2966537597350305,1.2527517157855983,1.3335385521979792,1.1967405384586964,1.1597268243131327,1.2438656783820745,1.1967405384586964,1.1597268243131327,1.2438656783820745,6.4786569172695065,1.0405086922603672,1.0133190188814047,1.0732125486841821,5.169488050485991,1.3040167170824462,1.2783646277089034,1.3356242186347993
noise_kind,ideal,nv_charge_readout_master_v1_4,thin_all_counts,2,telegraph,2.0,5.437,1.0,27.43339830432224,0.9249776330930897,7.504300359171423,12.911749357161563,0.11758756837904422,9.422120008455401,636.7993609310438,0.2,0.1,telegraph,2.1054086423165375,mean,0.06807978238859125,0.86,7.440577772746276,5.886730710651507,5.886730710651507,5.695938339308176,1.3062953510922315,1.262044616871102,1.3646658769934261,1.2639575578484035,1.2190191033425242,1.3068810000003068,1.2639575578484035,1.2190191033425242,1.3068810000003068,6.892606887970867,1.0795012531081296,1.0431973728256032,1.110226818913609,5.526061525435099,1.3464522134795514,1.3271547982477452,1.3637787462326243
noise_kind,ideal,nv_charge_readout_master_v1_4,thin_all_counts,2,telegraph,2.0,5.437,1.0,27.43339830432224,0.9249776330930897,7.504300359171423,12.911749357161563,0.11758756837904422,9.422120008455401,636.7993609310438,0.2,0.1,telegraph,2.1054086423165375,mean,0.06807978238859125,0.87,8.184442478563799,6.152018696879682,6.152018696879682,5.893169900358476,1.388801378026781,1.3346186449177835,1.4076839313438148,1.3303669708798134,1.2854984038937507,1.377899059682076,1.3303669708798134,1.2854984038937507,1.377899059682076,7.333005948419038,1.1161101649356122,1.0832143450224812,1.150573310732756,5.994235839482607,1.3653854632570213,1.344766735923592,1.3989131119628138
noise_kind,ideal,nv_charge_readout_master_v1_4,thin_all_counts,2,telegraph,2.0,5.437,1.0,27.43339830432224,0.9249776330930897,7.504300359171423,12.911749357161563,0.11758756837904422,9.422120008455401,636.7993609310438,0.2,0.1,telegraph,2.1054086423165375,mean,0.06807978238859125,0.88,9.100119535718399,6.429261997372472,6.429261997372472,6.376337107906212,1.4271703929258832,1.3328702545100637,1.4481273835494568,1.4154221027914962,0.9383166783097323,1.441103356712418,1.4154221027914962,0.9891134877858759,1.441103356712418,7.801544047636723,1.166451087137686,1.1278300198689384,1.2049453780771284,6.462410153530113,1.4081618652365213,1.3720620933053465,1.4517744347580497
noise_kind,ideal,nv_charge_readout_master_v1_4,thin_all_counts,2,telegraph,2.0,5.437,1.0,27.43339830432224,0.9249776330930897,7.504300359171423,12.911749357161563,0.11758756837904422,9.422120008455401,636.7993609310438,0.2,0.1,telegraph,2.1054086423165375,mean,0.06807978238859125,0.89,10.40030241200291,12.428697924992044,10.583745314849741,7.117284521049972,1.4612739425047763,1.3682618232154977,1.579313797478953,0.8367974243777888,0.7899805910527354,0.9149624806209298,0.9826674870388795,0.960392244803019,1.015508929764051,8.315410767977095,1.250726236165602,1.1980565580381755,1.3300270601821127,6.930584467577621,1.5006385768266997,1.433338208293569,1.6018497662080042
noise_kind,ideal,nv_charge_readout_master_v1_4,thin_all_counts,2,telegraph,2.0,5.437,1.0,27.43339830432224,0.9249776330930897,7.504300359171423,12.911749357161563,0.11758756837904422,9.422120008455401,636.7993609310438,0.2,0.1,telegraph,2.1054086423165375,mean,0.06807978238859125,0.9,15.855495323641708,13.109209265577823,12.359256878421474,8.107799588250035,1.955585501474379,1.4446087839784738,2.015793506120926,1.2094928841570245,0.8863359423974512,1.231727618315026,1.28288419600085,0.9719380933560678,1.2934243998412391,9.076010070745117,1.7469675771679718,1.312261341425498,1.7943013338556835,7.6135225090611085,2.0825439610602783,1.574697622785231,2.166601032630217
noise_kind,ideal,nv_charge_readout_master_v1_4,thin_all_counts,2,telegraph,2.0,5.437,1.0,27.43339830432224,0.9249776330930897,7.504300359171423,12.911749357161563,0.11758756837904422,9.422120008455401,636.7993609310438,0.2,0.1,telegraph,2.1054086423165375,mean,0.06807978238859125,0.91,17.23506891980182,13.826980799263527,13.263300535390389,10.589340050516531,1.6275866897825346,1.5818971321187165,1.984859653132467,1.2464810047844876,1.2214266217954501,1.2880723303466297,1.2994555068561995,1.2773304533280332,1.34383720608139,10.12484978046332,1.7022542846075817,1.647816099494258,1.7717886488795478,8.633946407943986,1.9961982742844047,1.9240569874275348,2.0857272704909673
noise_kind,ideal,nv_charge_readout_master_v1_4,thin_all_counts,2,telegraph,2.0,5.437,1.0,27.43339830432224,0.9249776330930897,7.504300359171423,12.911749357161563,0.11758756837904422,9.422120008455401,636.7993609310438,0.2,0.1,telegraph,2.1054086423165375,mean,0.06807978238859125,0.92,19.064744561841305,14.584052641925329,14.233472353764602,11.421948003067152,1.669132494450318,1.6037586263074726,1.730288268243997,1.3072322920060753,1.269551538466428,1.3450999650703397,1.3394303292969043,1.298556881269189,1.3775630276912516,11.294895254400275,1.6879080445136527,1.6237098049834804,1.7605855760341749,9.654370306826864,1.9747268807744107,1.8988198529266496,2.0543360972691294
noise_kind,ideal,nv_charge_readout_master_v1_4,thin_all_counts,2,telegraph,2.0,5.437,1.0,27.43339830432224,0.9249776330930897,7.504300359171423,12.911749357161563,0.11758756837904422,9.422120008455401,636.7993609310438,0.2,0.1,telegraph,2.1054086423165375,mean,0.06807978238859125,0.93,21.602483144506902,15.38257661237065,15.274609416020303,13.279967106114338,1.6266970371154554,1.512365769662759,1.804859034823857,1.4043475087999373,0.7026544990951513,1.4241257827223515,1.4142740122604907,0.9329796031584402,1.449908116421488,12.769343776061119,1.6917457563485292,1.6114722491552576,1.7703124562349064,11.31067313894734,1.9099202036102156,1.8090262387142308,2.01391073304241
noise_kind,ideal,nv_charge_readout_master_v1_4,thin_all_counts,2,telegraph,2.0,5.437,1.0,27.43339830432224,0.9249776330930897,7.504300359171423,12.911749357161563,0.11758756837904422,9.422120008455401,636.7993609310438,0.2,0.1,telegraph,2.1054086423165375,mean,0.06807978238859125,0.94,nan,nan,30.81179451086871,16.686246403862587,nan,1.580090300751976,1.9396468474706414,nan,nan,nan,nan,0.8751940630411452,0.9702783657476662,15.202121320310447,nan,1.681933063063335,2.0162031882149374,13.562917609739891,nan,1.8785002625760574,2.271975470072752
noise_kind,ideal,nv_charge_readout_master_v1_4,thin_all_counts,2,telegraph,2.0,5.437,1.0,27.43339830432224,0.9249776330930897,7.504300359171423,12.911749357161563,0.11758756837904422,9.422120008455401,636.7993609310438,0.2,0.1,telegraph,2.1054086423165375,mean,0.06807978238859125,0.95,nan,nan,nan,nan,nan,nan,nan,nan,nan,nan,nan,nan,nan,nan,nan,nan,nan,nan,nan,nan,nan
noise_kind,ideal,nv_charge_readout_master_v1_4,thin_all_counts,2,telegraph,2.0,5.437,1.0,27.43339830432224,0.9249776330930897,7.504300359171423,12.911749357161563,0.11758756837904422,9.422120008455401,636.7993609310438,0.2,0.1,telegraph,2.1054086423165375,mean,0.06807978238859125,0.96,nan,nan,nan,nan,nan,nan,nan,nan,nan,nan,nan,nan,nan,nan,nan,nan,nan,nan,nan,nan,nan
noise_kind,ideal,nv_charge_readout_master_v1_4,thin_all_counts,2,telegraph,2.0,5.437,1.0,27.43339830432224,0.9249776330930897,7.504300359171423,12.911749357161563,0.11758756837904422,9.422120008455401,636.7993609310438,0.2,0.1,telegraph,2.1054086423165375,mean,0.06807978238859125,0.97,nan,nan,nan,nan,nan,nan,nan,nan,nan,nan,nan,nan,nan,nan,nan,nan,nan,nan,nan,nan,nan
noise_kind,ideal,nv_charge_readout_master_v1_4,thin_all_counts,2,telegraph,2.0,5.437,1.0,27.43339830432224,0.9249776330930897,7.504300359171423,12.911749357161563,0.11758756837904422,9.422120008455401,636.7993609310438,0.2,0.1,telegraph,2.1054086423165375,mean,0.06807978238859125,0.98,nan,nan,nan,nan,nan,nan,nan,nan,nan,nan,nan,nan,nan,nan,nan,nan,nan,nan,nan,nan,nan
noise_kind,ideal,nv_charge_readout_master_v1_4,thin_all_counts,2,telegraph,2.0,5.437,1.0,27.43339830432224,0.9249776330930897,7.504300359171423,12.911749357161563,0.11758756837904422,9.422120008455401,636.7993609310438,0.2,0.1,telegraph,2.1054086423165375,mean,0.06807978238859125,0.99,nan,nan,nan,nan,nan,nan,nan,nan,nan,nan,nan,nan,nan,nan,nan,nan,nan,nan,nan,nan,nan
