experiment,detector,physics_layer,point_index,point,photons_per_bright_dwell,snr_per_bright_dwell,horizon_us,n_epochs,epoch_dt_us,a_over_c,risk_grid_sprt,risk_exhaustion,risk_exact_sprt,risk_learned,best_boundary_risk,risk_grid_sprt_ci_low,risk_grid_sprt_ci_high,risk_exhaustion_ci_low,risk_exhaustion_ci_high,risk_exact_sprt_ci_low,risk_exact_sprt_ci_high,risk_learned_ci_low,risk_learned_ci_high,risk_reduction_ci_low,risk_reduction_ci_high,risk_reduction_resolved,risk_reduction_pct,exhaustion_gain_ci_low,exhaustion_gain_ci_high,exhaustion_gain_resolved,risk_optimal,risk_optimal_star,risk_optimal_posterior,risk_optimal_posterior_se,F_optimal,T_optimal,optimal_dt_us,gap_grid_sprt_pct,gap_grid_sprt_ci_low,gap_grid_sprt_ci_high,gap_grid_sprt_resolved,gap_exhaustion_pct,gap_exhaustion_ci_low,gap_exhaustion_ci_high,gap_exhaustion_resolved,gap_exact_sprt_pct,gap_exact_sprt_ci_low,gap_exact_sprt_ci_high,gap_exact_sprt_resolved,gap_learned_pct,gap_learned_ci_low,gap_learned_ci_high,gap_learned_resolved,F_grid_sprt,T_grid_sprt,F_exhaustion,T_exhaustion,F_exact_sprt,T_exact_sprt,F_learned,T_learned,L,offset,learned_cutoff
demo,ideal,nv_charge_readout_master_v1_4,0,high_flux,9.932170229495307,7.478904304027249,100.0,128,0.78125,2.0,0.7299305555555556,0.7299305555555556,0.5129951119834736,0.5,0.5129951119834736,0.7239496527777778,0.7359756944444444,0.7239496527777778,0.7359756944444444,0.5107327404988439,0.5151597624879485,0.5,0.5,2.1014396818394427,2.9427303123822193,1,2.5331843676304326,0.0,0.0,0,0.5,0.5,0.5,0.0,0.5,0.0,0.09250693802035152,45.98611111111113,44.789930555555564,47.19513888888889,1,45.98611111111113,44.789930555555564,47.19513888888889,1,2.599022396694717,2.1465480997687654,3.031952497589692,1,0.0,-0.0,-0.0,0,0.6606944444444445,0.78125,0.6606944444444445,0.78125,0.5145138888888888,0.05501800174472493,0.5,0.0,0.1,0.0,0.0
demo,ideal,nv_charge_readout_master_v1_4,0,high_flux,9.932170229495307,7.478904304027249,100.0,128,0.78125,3.299296148196041,0.5760984849890546,0.5760984849890546,0.5021617895811409,0.5,0.5021617895811409,0.5701175822112767,0.5821436238779434,0.5701175822112767,0.5821436238779434,0.4999152292815809,0.5043217644859203,0.5,0.5,-0.01695702027784197,0.8569458608073741,0,0.4304966299694083,0.0,0.0,0,0.5,0.5,0.5,0.0,0.5,0.0,0.09250693802035152,15.219696997810917,14.023516442255353,16.428724775588684,1,15.219696997810917,14.023516442255353,16.428724775588684,1,0.43235791622817654,-0.01695414368382214,0.8643528971840458,0,0.0,-0.0,-0.0,0,0.6606944444444445,0.78125,0.6606944444444445,0.78125,0.5145138888888888,0.05501800174472493,0.5,0.0,0.1,0.0,0.0
demo,ideal,nv_charge_readout_master_v1_4,0,high_flux,9.932170229495307,7.478904304027249,100.0,128,0.78125,5.442677536750615,0.4828470376155825,0.4828470376155825,0.47149050680176874,0.48287694209101173,0.47149050680176874,0.4768661348378047,0.48889217650447137,0.4768661348378047,0.48889217650447137,0.4646388718682443,0.4777940117832171,0.4769060074717103,0.4889126112293479,-3.0626785677330215,-1.72384442148614,1,-2.4149871789529476,0.0,0.0,0,0.47110556313078283,0.4734902328589177,0.4724398431403665,0.0012334889055480665,0.6681944444444444,0.7581650220988798,0.09250693802035152,2.4923234628711324,2.190792122931224,2.798578092648427,1,2.4923234628711324,2.190792122931224,2.798578092648427,1,0.08171070373861003,-0.510269446470319,0.671944227375864,0,2.4986711857106774,2.1990159375015907,2.8049268731001202,1,0.6606944444444445,0.78125,0.6606944444444445,0.78125,0.6995833333333333,0.9310997468289861,0.6606944444444445,0.7814127604166667,0.1,0.0,0.0
demo,ideal,nv_charge_readout_master_v1_4,0,high_flux,9.932170229495307,7.478904304027249,100.0,128,0.78125,8.978502516437212,0.4041566100092661,0.4041566100092661,0.3896054729131742,0.3994726986606672,0.3896054729131742,0.3967811928469704,0.4105565407303065,0.3967811928469704,0.4105565407303065,0.3819523846210425,0.39612938565245004,0.39276806254502444,0.40556916038760077,-3.8179102487233467,-1.504394051469899,1,-2.532619902311269,0.0,0.0,0,0.38439781514552096,0.38735559459477065,0.38813913819128654,0.0011044851686513638,0.784513888888889,1.5165741597286464,0.09250693802035152,5.140194372921994,4.217308707798179,6.019631027748775,1,5.140194372921994,4.217308707798179,6.019631027748775,1,1.3547573795865087,0.47206647289773435,2.249125953286163,1,3.921688136921216,3.2146638461465815,4.719187947765264,1,0.8160416666666667,1.97705078125,0.8160416666666667,1.97705078125,0.8228472222222223,1.9075070578970243,0.7592361111111111,1.4249674479166665,0.5286807249936678,-0.5,0.0
demo,ideal,nv_charge_readout_master_v1_4,0,high_flux,9.932170229495307,7.478904304027249,100.0,128,0.78125,14.811369384524872,0.31751653716359624,0.31751653716359624,0.30593945565848846,0.31747327115982227,0.30593945565848846,0.31112688538200545,0.3231084603163084,0.31112688538200545,0.3231084603163084,0.29899655996877994,0.3121941122545259,0.3101695590171573,0.3236958843171107,-4.278130094305926,-3.261601901626978,1,-3.7699666675908197,0.0,0.0,0,0.30642053805731545,0.30804222483388705,0.3087856428073089,0.0008608768187347047,0.8320138888888888,2.050403433035256,0.09250693802035152,3.6211669023978077,2.6579943343560295,4.528945008368051,1,3.6211669023978077,2.6579943343560295,4.528945008368051,1,-0.1570007029806231,-0.7916044639030475,0.4880701264628589,0,3.6070470904399436,2.8099537446492855,4.4068095627663215,1,0.8492361111111111,2.469835069444444,0.8492361111111111,2.469835069444444,0.8228472222222223,1.9075070578970243,0.8160416666666667,1.9775390625,0.6510174977556199,-0.5,0.0
demo,ideal,nv_charge_readout_master_v1_4,0,high_flux,9.932170229495307,7.478904304027249,100.0,128,0.78125,24.43354697993584,0.25413014712057547,0.25413014712057547,0.24310846037213368,0.25187208491411356,0.24310846037213368,0.24837272792863643,0.2593619217307599,0.24837272792863643,0.2593619217307599,0.23731314167884082,0.2483158424162661,0.24585391195625103,0.25726358066115174,-4.382499054396231,-2.835745793573994,1,-3.604820880591783,0.0,0.0,0,0.24414710399270337,0.24752379416451245,0.24803129560045103,0.0006899166775103462,0.8574999999999999,2.483599290780142,0.09250693802035152,4.088945952916343,3.118230176698498,5.244595681037537,1,4.088945952916343,3.118230176698498,5.244595681037537,1,-0.42541713728487474,-0.5654256875178179,-0.25355471411786995,1,3.1640682175124475,2.3724462855308737,3.9671987169747545,1,0.8654166666666667,2.9209526909722223,0.8654166666666667,2.9209526909722223,0.8574305555555556,2.456524768985713,0.8492361111111111,2.470431857638889,0.9871679133389349,-0.5,0.0
demo,ideal,nv_charge_readout_master_v1_4,0,high_flux,9.932170229495307,7.478904304027249,100.0,128,0.78125,40.30675371883467,0.20705140435060582,0.20705140435060582,0.20399209326041587,0.206560554594496,0.20399209326041587,0.20132015264649888,0.21221964625437653,0.20132015264649888,0.21221964625437653,0.19861634262895897,0.20919714436757783,0.20056128509696927,0.21148507026836788,-2.0872129103694443,-0.40027503156187744,1,-1.2590984743713702,0.0,0.0,0,0.20120095551431216,0.20373517380627004,0.20453579795088558,0.000640450762124462,0.8738888888888889,3.026627865145441,0.09250693802035152,2.9077639424418584,1.878455463570209,3.9591237291488226,1,2.9077639424418584,1.878455463570209,3.9591237291488226,1,1.3872388125438906,0.5962942981845739,2.272128609761249,1,2.6638039896398884,1.9940815442341462,3.3615724629548724,1,0.8654166666666667,2.9209526909722223,0.8654166666666667,2.9209526909722223,0.8689583333333333,2.940394878398176,0.8685416666666668,3.027126736111111,0.9871679133389349,-0.5,0.0
demo,ideal,nv_charge_readout_master_v1_4,0,high_flux,9.932170229495307,7.478904304027249,100.0,128,0.78125,66.4919586454188,0.17851274600936481,0.17851274600936481,0.1752634784210534,0.17226156123186995,0.1752634784210534,0.17284773773795367,0.1836416668230313,0.17284773773795367,0.1836416668230313,0.16998466877831694,0.1804978537237819,0.1669478650309721,0.1769375830577302,0.02877658087219493,3.391623748290471,1,1.7128024710154541,0.0,0.0,0,0.16805334338046674,0.17140776582325942,0.17226375063783217,0.0006045641245941301,0.8861111111111111,3.6015006681056625,0.09250693802035152,6.223858697781673,4.343823602472182,8.10710153729189,1,6.223858697781673,4.343823602472182,8.10710153729189,1,4.290384764475149,2.520021986477908,5.907743523472811,1,2.5040964771976943,1.421694404344809,3.629196577826053,1,0.8654166666666667,2.9209526909722223,0.8654166666666667,2.9209526909722223,0.8689583333333333,2.940394878398176,0.8877777777777778,3.9921332465277777,0.9871679133389349,-0.5,0.0
demo,ideal,nv_charge_readout_master_v1_4,0,high_flux,9.932170229495307,7.478904304027249,100.0,128,0.78125,109.68833152242031,0.14929827512138918,0.14929827512138918,0.15784848228312226,0.14774097934474287,0.14929827512138918,0.14384656995541031,0.15446815215397722,0.14384656995541031,0.15446815215397722,0.1525974269228853,0.1630995070345883,0.14228496619034575,0.15276333296053474,-0.2525980251139965,2.409852463882329,0,1.043076871035606,0.0,0.0,0,0.14583613934676073,0.14872516267821778,0.14923378967441636,0.0005812564076823265,0.8910416666666667,4.045065011820331,0.09250693802035152,2.373990281240498,1.068664575107168,3.856185343691111,1,2.373990281240498,1.068664575107168,3.856185343691111,1,8.236876668683111,6.039436264456275,10.61886492147347,1,1.3061508666606392,0.7319536184481626,1.958370489605516,1,0.8845833333333333,3.7164171006944446,0.8845833333333333,3.7164171006944446,0.8689583333333333,2.940394878398176,0.89125,4.27685546875,1.4968883209522534,-0.2,0.0
demo,ideal,nv_charge_readout_master_v1_4,0,high_flux,9.932170229495307,7.478904304027249,100.0,128,0.78125,180.94714484698588,0.1359553554856428,0.1359553554856428,0.14221768311796068,0.1320779430791964,0.1359553554856428,0.13051813253269612,0.14114037699789797,0.13051813253269612,0.14114037699789797,0.13692825482319826,0.14708484980625788,0.1270388276182735,0.1370261232821699,0.8884936598048213,4.725624329038287,1,2.8519747475897446,0.0,0.0,0,0.13075867872910113,0.13335285135702044,0.1335685854630866,0.0005830579845338084,0.8939583333333334,4.472472761846028,0.09250693802035152,3.974249974877669,1.974724788510326,6.0404577084311475,1,3.974249974877669,1.974724788510326,6.0404577084311475,1,8.763475205037599,6.439774666042361,11.711493502037555,1,1.0089306215983218,0.14876276718207673,1.8282600393913169,1,0.8845833333333333,3.7164171006944446,0.8845833333333333,3.7164171006944446,0.8779166666666667,3.6432531068788463,0.8947916666666667,4.861979166666667,1.4968883209522534,-0.2,0.0
demo,ideal,nv_charge_readout_master_v1_4,0,high_flux,9.932170229495307,7.478904304027249,100.0,128,0.78125,298.4991090103658,0.1243442057541437,0.1243438422457071,0.12534205083439384,0.12172899309490862,0.1243438422457071,0.11927484414374406,0.12951852342719536,0.11927448063530746,0.12951816900646967,0.12010466522855817,0.12993360821312397,0.1165446876540687,0.12675907761873303,0.3127628122715702,3.5490631209862036,1,2.1029180887232584,0.0,0.000885421812093434,0,0.12088873165925118,0.12320696599724976,0.12346619139464829,0.0006081837254096308,0.8952777777777778,4.825688662760818,0.09250693802035152,2.858392215274838,1.125527523338985,4.371218435542399,1,2.8580915185667064,1.125527523338985,4.370626310154744,1,3.683816608892236,1.240509808743487,6.236151865089237,1,0.6950701063072435,-0.15516197676011945,1.4728886242504962,0,0.8909722222222223,4.571940104166666,0.8909722222222223,4.571831597222222,0.8875694444444444,3.8540698367247783,0.8951388888888889,5.035047743055555,1.8432684284784902,0.0,0.0
demo,ideal,nv_charge_readout_master_v1_4,0,high_flux,9.932170229495307,7.478904304027249,100.0,128,0.78125,492.41848029892515,0.11831244171116884,0.11831222135602626,0.12017972896522508,0.11529594840673765,0.11831222135602626,0.11329705962910683,0.12347704135068358,0.11329683927396422,0.123477035841805,0.11494534459317929,0.12460717960288263,0.11050570803660602,0.12023378135827319,0.4480822076735653,4.380844644967658,1,2.549417900127164,0.0,0.0005645129324849036,0,0.11410029426846495,0.11664017380439712,0.11690868063668616,0.0006319753448875767,0.89625,5.096676174324186,0.09250693802035152,3.691618386884424,1.7794282408261717,5.36075369076823,1,3.6914252628053057,1.7788574843657037,5.360561295548002,1,5.328149884044922,2.667567963127892,8.177213343867406,1,1.0478975062583675,0.061105063838310616,2.0176828645445557,1,0.8909722222222223,4.571940104166666,0.8909722222222223,4.571831597222222,0.8884027777777779,4.226184927544743,0.89625,5.685438368055555,1.8432684284784902,0.0,0.0
demo,ideal,nv_charge_readout_master_v1_4,0,high_flux,9.932170229495307,7.478904304027249,100.0,128,0.78125,812.3171976753961,0.11348600021624697,0.1134756479939642,0.11253884537232978,0.11135752770161966,0.11253884537232978,0.10812493106186491,0.1182975152622107,0.10811255180767065,0.11828826672040034,0.107281034657509,0.11710468815601766,0.10651740801622102,0.11601471962944046,-1.3671686901044129,2.898913010048913,0,1.0496976993159797,0.0049161240783941905,0.013291070160482131,1,0.11002871525943934,0.11248356328665088,0.11244013466111723,0.0006441474798279347,0.8965277777777778,5.325952050570458,0.09250693802035152,3.14216606878996,0.5479359652238602,5.646794580321474,1,3.132757413732635,0.5380944165326031,5.640915469678154,1,2.2813409272040817,0.25551840153979205,4.075531274073347,1,1.207696044661687,0.1811137675054363,2.279914810448137,1,0.8928472222222222,5.144585503472222,0.8928472222222222,5.136176215277778,0.8938194444444445,5.164948165970045,0.8964583333333334,6.348958333333334,1.4968883209522534,-0.5,0.0
demo,ideal,nv_charge_readout_master_v1_4,0,high_flux,9.932170229495307,7.478904304027249,100.0,128,0.78125,1340.0375007019181,0.11099191325031305,0.11098563783772941,0.1100348866196225,0.10789794731081608,0.1100348866196225,0.10563629715767854,0.11579766289830228,0.10562879297882449,0.1157920565256731,0.10482117372867586,0.1145590747939368,0.10334798973909735,0.11256622738200207,-0.2629627918828385,3.9487434395911256,0,1.9420561736875086,0.003048571410119526,0.008233278216704767,1,0.10756507945504126,0.1098690599147881,0.10938648569960799,0.0006537770667403159,0.8965277777777778,5.484582176996607,0.09250693802035152,3.1858237009940473,0.6502684721087816,5.784292963213832,1,3.179989639776943,0.6436424141497171,5.778665098660249,1,2.296104997173866,0.0999691544897721,4.25886803102512,1,0.3094571746343949,-0.6979181495466873,1.317943615801035,0,0.8928472222222222,5.144585503472222,0.8928472222222222,5.136176215277778,0.8938194444444445,5.164948165970045,0.8969444444444445,6.488986545138889,1.4968883209522534,-0.5,0.0
demo,ideal,nv_charge_readout_master_v1_4,0,high_flux,9.932170229495307,7.478904304027249,100.0,128,0.78125,2210.590282252042,0.10948002292346401,0.10947621883174155,0.1091028840003632,0.10609927069900628,0.1091028840003632,0.10412771242178141,0.11428227764543537,0.10412316346435718,0.11427887911897558,0.10386736985241818,0.11380202606611316,0.10135650638148282,0.11085889975499576,0.44375088096062965,4.915781574570825,1,2.753009994994201,0.0018741139072556074,0.005058047982519168,1,0.10588828588575405,0.10823820886014947,0.10794132045066002,0.0006644958486595892,0.8966666666666667,5.6479532839963005,0.09250693802035152,3.392006025657255,0.8043262305216179,5.892799757070207,1,3.3884134736665996,0.799999771883897,5.889351622447946,1,3.035839222175603,0.8231939214367068,5.192899061136286,1,0.19925226996295367,-0.5937812849390948,1.0520921360195732,0,0.8928472222222222,5.144585503472222,0.8928472222222222,5.136176215277778,0.893888888888889,6.6135840756858055,0.8969444444444444,6.728407118055555,1.4968883209522534,-0.5,0.0
demo,ideal,nv_charge_readout_master_v1_4,0,high_flux,9.932170229495307,7.478904304027249,100.0,128,0.78125,3646.6960017368815,0.10675847001008536,0.10667463568009826,0.10792469361772418,0.10496510031413019,0.10667463568009826,0.10142074170488499,0.11167262420336554,0.10133402784791137,0.11158475697346695,0.10272449668040777,0.1126342922784003,0.1001825672749768,0.10962558860782201,-0.48766181945591125,3.538986854189836,0,1.6025696784142032,0.0674458877639248,0.09038144335393479,1,0.10529313415354402,0.10722037161144825,0.10713902316346839,0.0006778122030468264,0.8963888888888889,6.133826703669442,0.09250693802035152,1.3916727508599998,-0.5499916054352675,3.4790263178583265,0,1.3120528110975016,-0.6386517026109675,3.400482317264332,0,2.4992697627773897,0.19735941074639732,4.869095978216349,1,-0.3115434278321312,-1.1098172359336103,0.48853601494162807,0,0.8953472222222223,7.678819444444445,0.8953472222222223,7.373101128472221,0.893888888888889,6.6135840756858055,0.8968750000000001,6.710286458333333,1.8432684284784902,-0.2,0.0
demo,ideal,nv_charge_readout_master_v1_4,0,high_flux,9.932170229495307,7.478904304027249,100.0,128,0.78125,6015.765036086199,0.10592922714014187,0.10587840761608494,0.10721048650825736,0.10418297339439866,0.10587840761608494,0.10058570894024936,0.11082385982807706,0.10053314387601829,0.1107705956008287,0.10203169850729725,0.11192642385115933,0.09945696041012154,0.10884789491438776,-0.4322489337484458,3.525031500803326,0,1.6013030983936969,0.04120484353307947,0.05524064805975571,1,0.10494278455395648,0.10658510076031556,0.10643489233412538,0.0006831906902723463,0.8961111111111111,6.339988693596464,0.09250693802035152,0.9399813339984466,-1.1497389819545616,3.0188163938110972,0,0.8915553995495648,-1.2037279866302437,2.9712060575074184,0,2.160893637365743,-0.09207579235357588,4.616172866499147,0,-0.7240242030810157,-1.5510216838175408,0.14108814405977343,0,0.8953472222222223,7.678819444444445,0.8953472222222223,7.373101128472221,0.893888888888889,6.6135840756858055,0.8969444444444445,6.782280815972222,1.8432684284784902,-0.2,0.0
demo,ideal,nv_charge_readout_master_v1_4,0,high_flux,9.932170229495307,7.478904304027249,100.0,128,0.78125,9923.895206005807,0.10542654848827433,0.10539574220610125,0.1067775413724548,0.10394503206981306,0.10539574220610125,0.10007952051270111,0.1103093474368493,0.10004765610170557,0.11027705920029467,0.10161173125246967,0.11149732116049726,0.0992223958625478,0.10860189223840944,-0.7243577127709567,3.37520354248472,0,1.3764409319793214,0.02509696950608431,0.03365475412475697,1,0.10461807470492698,0.10615504677272201,0.10617492724883172,0.000690014864553613,0.8960416666666666,6.5472042347620505,0.09250693802035152,0.7727859508288908,-1.3127777999606738,2.8851571627831096,0,0.7433395265279531,-1.3399459341011435,2.854040882024265,0,2.0641430016931133,-0.13397946504514305,4.469099958865296,0,-0.6433330349580804,-1.4789997898206344,0.22457959313432194,0,0.8953472222222223,7.678819444444445,0.8953472222222223,7.373101128472221,0.893888888888889,6.6135840756858055,0.896875,8.13791232638889,1.8432684284784902,-0.2,0.0
demo,ideal,nv_charge_readout_master_v1_4,0,high_flux,9.932170229495307,7.478904304027249,100.0,128,0.78125,16370.934614138043,0.10512182976689347,0.10510315530980363,0.10651509440415867,0.10378580930993966,0.10510315530980363,0.09977267420075364,0.10999745522219673,0.09975335831665941,0.1099778824193295,0.10135715134453557,0.11123720344363411,0.09905819661567768,0.10851441488216865,-0.9160270974003425,3.2640103425267633,0,1.2533838741386385,0.015257597051761752,0.020463566363762734,1,0.10424357518305122,0.1058620957147127,0.10603026724277209,0.0007056483298163713,0.8961805555555555,6.943416589577551,0.09250693802035152,0.8425023626636332,-1.2159669952484593,2.8727115366732043,0,0.8245881103396485,-1.2359132617007222,2.8536635262238277,0,2.179049612524009,-0.02279950063701966,4.462670344637846,0,-0.43913101820205175,-1.28177361953201,0.3669408693971598,0,0.8953472222222223,7.678819444444445,0.8953472222222223,7.373101128472221,0.893888888888889,6.6135840756858055,0.8967361111111111,8.544325086805555,1.8432684284784902,-0.2,0.0
demo,ideal,nv_charge_readout_master_v1_4,0,high_flux,9.932170229495307,7.478904304027249,100.0,128,0.78125,27006.280757397446,0.10493711235584963,0.10492579208858592,0.1063560017028626,0.10343258582444453,0.10492579208858592,0.09958666706579836,0.10980838931198852,0.09957495797196342,0.10979652447658843,0.1012028275757685,0.11107952271102975,0.09870961352151429,0.1082292394876691,-0.7842294080222297,3.420237836276402,0,1.4231069734319601,0.009265270059360212,0.012427847887879448,1,0.10408121316185132,0.10565302683972952,0.10577728863217875,0.000709228407491651,0.8961805555555555,7.069399475794018,0.09250693802035152,0.8223378340789957,-1.2430167689600313,2.8501070014444836,0,0.8114614550286259,-1.2551269405593795,2.8385418224400354,0,2.185589956060438,-0.01914596674771521,4.47508843006318,0,-0.6231934829565592,-1.3983176234045935,0.16649545535775578,0,0.8953472222222223,7.678819444444445,0.8953472222222223,7.373101128472221,0.893888888888889,6.6135840756858055,0.896875,8.306749131944445,1.8432684284784902,-0.2,0.0
demo,ideal,nv_charge_readout_master_v1_4,0,high_flux,9.932170229495307,7.478904304027249,100.0,128,0.78125,44550.85903999113,0.1048251385270408,0.10481827629536761,0.10625956131427665,0.10331077467683716,0.10481827629536761,0.09947391141938147,0.10969377946690892,0.0994668134849682,0.10968658712353195,0.10110927806591233,0.11098393824360292,0.09865762775727127,0.10803671608552319,-0.7078048551624907,3.451048063841065,0,1.4382049312492529,0.005622508281101188,0.007542127809257264,1,0.10398059089761813,0.10543530611171499,0.10572110324559625,0.0007146823695860456,0.8961805555555555,7.179212920135676,0.09250693802035152,0.8122166090152636,-1.2572398277626222,2.838552635843344,0,0.8056170776854719,-1.2645880360337174,2.8315349885596057,0,2.1917267414862542,-0.014638364705137684,4.484946103765022,0,-0.6441742781020395,-1.420786147641224,0.15501945408670634,0,0.8953472222222223,7.678819444444445,0.8953472222222223,7.373101128472221,0.893888888888889,6.6135840756858055,0.896875,8.276421440972221,1.8432684284784902,-0.2,0.0
demo,ideal,nv_charge_readout_master_v1_4,0,high_flux,9.932170229495307,7.478904304027249,100.0,128,0.78125,73493.23881473376,0.10475726112302539,0.1047531013074981,0.10620110012482648,0.10324204768602391,0.1047531013074981,0.09940556008542892,0.10962430413645564,0.09940125738928135,0.10961994421054785,0.1010525692979484,0.11092599590491405,0.09858900695770649,0.10796716519421645,-0.7046348923489001,3.456777321303287,0,1.4424905827260988,0.003410514525788305,0.004575087855390068,1,0.10384697645173233,0.10529415992008008,0.10571693076831482,0.0007278013678655683,0.89625,7.127113526570049,0.09250693802035152,0.8765634806095264,-1.1542785284718389,2.976117608754174,0,0.8725577640548209,-1.1578728502850009,2.9723596898913796,0,2.266915950305339,0.055799350378728595,4.509535950699765,1,-0.582519382246614,-1.322658089057996,0.28605284342430287,0,0.8953472222222223,7.678819444444445,0.8953472222222223,7.373101128472221,0.893888888888889,6.6135840756858055,0.896875,8.602213541666666,1.8432684284784902,-0.2,0.0
demo,ideal,nv_charge_readout_master_v1_4,0,high_flux,9.932170229495307,7.478904304027249,100.0,128,0.78125,121237.97986995146,0.10471611452631714,0.10471359288816134,0.10616566154227781,0.10319600458701314,0.10471359288816134,0.09936412619717978,0.10958218889288088,0.09936151794623514,0.10957954594983367,0.1010181930156041,0.11089087184445616,0.09854306679596764,0.10792065228744123,-0.6983462132933271,3.4644429088159723,0,1.4492753608111355,0.0020682312240201256,0.0027745220660758798,1,0.10387884593336197,0.10518778440623285,0.10573708388617836,0.0007348020696876786,0.8961805555555555,7.201716517627711,0.09250693802035152,0.8060049044944906,-1.2161650592916686,2.9709848169388096,0,0.8035774245459599,-1.218392274887949,2.968741491447103,0,2.201425697762211,-0.07128313238968309,4.3792762439185795,0,-0.6573439858841609,-1.4010909310372657,0.21143304905671229,0,0.8953472222222223,7.678819444444445,0.8953472222222223,7.373101128472221,0.893888888888889,6.6135840756858055,0.896875,8.608452690972223,1.8432684284784902,-0.2,0.0
demo,ideal,nv_charge_readout_master_v1_4,0,high_flux,9.932170229495307,7.478904304027249,100.0,128,0.78125,200000.0,0.104691171875,0.10468964328342013,0.10614417903148954,0.10316808295355903,0.10468964328342013,0.09933900939263238,0.10955665905761719,0.09933742829725478,0.10955505693223741,0.10099735446046978,0.11086957999378243,0.09851521440294055,0.10789246423339843,-0.6945545711186202,3.4691138435014746,0,1.453401007148215,0.001254039362577147,0.0016823101267962278,1,0.10378562198067634,0.10495496960673019,0.10559645725402592,0.000732225703972559,0.89625,7.124396135265699,0.09250693802035152,0.872519600539914,-1.2143378214558127,3.074741940223374,0,0.8710467649479533,-1.2156517592738258,3.0731875636670902,0,2.2725277411280858,-0.004176404135670179,4.401574001177596,0,-0.5950140446547473,-1.307634537334315,0.2713847012940472,0,0.8953472222222223,7.678819444444445,0.8953472222222223,7.373101128472221,0.893888888888889,6.6135840756858055,0.896875,8.616590711805555,1.8432684284784902,-0.2,0.0
demo,ideal,nv_charge_readout_master_v1_4,1,moderate,27.43339830432224,12.911749357161563,250.0,128,1.953125,2.0,1.3060763888888889,1.3060763888888889,0.5522932419829001,0.5,0.5522932419829001,1.3012118055555557,1.311564236111111,1.3012118055555557,1.311564236111111,0.5502702029438875,0.5542930650377302,0.5,0.5,9.135548802584855,9.795010698775904,1,9.46838346150163,0.0,0.0,0,0.5,0.5,0.5,0.0,0.5,0.0,0.21910604732690622,161.21527777777777,160.24236111111114,162.31284722222222,1,161.21527777777777,160.24236111111114,162.31284722222222,1,10.458648396580017,10.054040588777513,10.858613007546047,1,0.0,-0.0,-0.0,0,0.6704861111111111,1.953125,0.6704861111111111,1.953125,0.5127083333333333,0.1300031506324669,0.5,0.0,0.1,0.0,0.0
demo,ideal,nv_charge_readout_master_v1_4,1,moderate,27.43339830432224,12.911749357161563,250.0,128,1.953125,3.299296148196041,0.9214962124726362,0.9214962124726362,0.5266949650651899,0.5,0.5266949650651899,0.916631629139303,0.9269840596948584,0.916631629139303,0.9269840596948584,0.5247021936732834,0.5286729794638901,0.5,0.5,4.707850265222147,5.423575739963804,1,5.068391922426255,0.0,0.0,0,0.5,0.5,0.5,0.0,0.5,0.0,0.21910604732690622,84.29924249452725,83.32632582786059,85.39681193897168,1,84.29924249452725,83.32632582786059,85.39681193897168,1,5.338993013037974,4.94043873465669,5.734595892778029,1,0.0,-0.0,-0.0,0,0.6704861111111111,1.953125,0.6704861111111111,1.953125,0.5127083333333333,0.1300031506324669,0.5,0.0,0.1,0.0,0.0
demo,ideal,nv_charge_readout_master_v1_4,1,moderate,27.43339830432224,12.911749357161563,250.0,128,1.953125,5.442677536750615,0.6883675940389562,0.6883675940389562,0.511177548156916,0.5,0.511177548156916,0.6835030107056229,0.6938554412611784,0.6835030107056229,0.6938554412611784,0.5092031247069622,0.5131423423685519,0.5,0.5,1.8073582323560864,2.5611494669435695,1,2.1866273660135,0.0,0.0,0,0.5,0.5,0.5,0.0,0.5,0.0,0.21910604732690622,37.67351880779124,36.70060214112458,38.77108825223568,1,37.67351880779124,36.70060214112458,38.77108825223568,1,2.2355096313831924,1.8406249413924327,2.6284684737103774,1,0.0,-0.0,-0.0,0,0.6704861111111111,1.953125,0.6704861111111111,1.953125,0.5127083333333333,0.1300031506324669,0.5,0.0,0.1,0.0,0.0
demo,ideal,nv_charge_readout_master_v1_4,1,moderate,27.43339830432224,12.911749357161563,250.0,128,1.953125,8.978502516437212,0.5470473802950957,0.5470473802950957,0.5050558025777029,0.5,0.5050558025777029,0.5421827969617623,0.5525352275173179,0.5421827969617623,0.5525352275173179,0.5011239962888938,0.5092566467193449,0.5,0.5,0.22429496561210213,1.8176781350958717,1,1.0010384103893248,0.0,0.0,0,0.5,0.5,0.5,0.0,0.5,0.0,0.21910604732690622,9.40947605901914,8.436559392352455,10.507045503463578,1,9.40947605901914,8.436559392352455,10.507045503463578,1,1.0111605155405767,0.2247992577787715,1.8513293438689897,1,0.0,-0.0,-0.0,0,0.6704861111111111,1.953125,0.6704861111111111,1.953125,0.5557638888888888,0.546069752881729,0.5,0.0,0.1,0.0,0.0
demo,ideal,nv_charge_readout_master_v1_4,1,moderate,27.43339830432224,12.911749357161563,250.0,128,1.953125,14.811369384524872,0.46668908315897684,0.46668908315897684,0.4428505831826643,0.46143543856847735,0.4428505831826643,0.4609427117831148,0.47249501343948497,0.4609427117831148,0.47249501343948497,0.4360259596327491,0.4491316450498365,0.4566058823021663,0.46698647187238695,-5.278961221943275,-3.3403902593279855,1,-4.196642409782554,0.0,0.0,0,0.445591863965012,0.4430687145460992,0.4446539851531609,0.0012610545942232604,0.7332638888888889,2.649098622066414,0.21910604732690622,4.734650899196267,3.981327281610764,5.480443726015121,1,4.734650899196267,3.981327281610764,5.480443726015121,1,-0.6151999181392023,-1.0669989982002646,-0.20244288738822827,1,3.555624750973775,2.6927104493668432,4.447873811555307,1,0.7722916666666667,3.5396321614583335,0.7722916666666667,3.5396321614583335,0.7469444444444444,2.8111242615312104,0.6704861111111111,1.9539388020833335,0.229930581914122,-0.2,0.0
demo,ideal,nv_charge_readout_master_v1_4,1,moderate,27.43339830432224,12.911749357161563,250.0,128,1.953125,24.43354697993584,0.3663123339247784,0.3663123339247784,0.35008003145030053,0.36635119180180575,0.35008003145030053,0.3602149092393512,0.37209266364763205,0.3602149092393512,0.37209266364763205,0.34405374867810257,0.35598816028949254,0.3602530732257173,0.37212555406497305,-5.117596622546823,-4.171511849678153,1,-4.647840176458386,0.0,0.0,0,0.35114134640980754,0.34969029375763216,0.3507875796473604,0.0009915321608113532,0.8304166666666667,4.436106242087838,0.21910604732690622,4.320478824292375,3.963577089023042,4.686466786870267,1,4.320478824292375,3.963577089023042,4.686466786870267,1,-0.3022472204877797,-0.567028089614509,-0.015003252517510605,1,4.331544988224547,3.9753833121823434,4.703619875354524,1,0.8340277777777778,4.89501953125,0.8340277777777778,4.89501953125,0.8279861111111111,4.3507874598102045,0.8340277777777778,4.895968967013889,0.5286807249936678,-0.5,0.0
demo,ideal,nv_charge_readout_master_v1_4,1,moderate,27.43339830432224,12.911749357161563,250.0,128,1.953125,40.30675371883467,0.28792351553273376,0.28792351553273376,0.2785879346719558,0.2817154189224016,0.2785879346719558,0.28324048086717546,0.2936599217612141,0.28324048086717546,0.2936599217612141,0.27393838280154154,0.2840187004863511,0.27634824479567,0.2878134880173358,-2.1972236519256882,-0.04681977471515227,1,-1.122620135767358,0.0,0.0,0,0.2708869500570862,0.26922535860764263,0.26997121187144635,0.0007443361408313443,0.8681944444444445,5.605919515045281,0.21910604732690622,6.289179110347445,5.179004498808156,7.545181858377652,1,6.289179110347445,5.179004498808156,7.545181858377652,1,2.8428776702778524,1.7620196438083469,3.9635596352751405,1,3.9974125232069837,3.665296221121279,4.338288131231329,1,0.8904166666666666,7.188313802083334,0.8904166666666666,7.188313802083334,0.8924305555555556,6.893200166967234,0.8695833333333334,6.098361545138889,1.2155986674457397,-0.5,0.0
demo,ideal,nv_charge_readout_master_v1_4,1,moderate,27.43339830432224,12.911749357161563,250.0,128,1.953125,66.4919586454188,0.21769135043080529,0.21769135043080529,0.21123912582240706,0.21752962716285476,0.21123912582240706,0.2131531916573866,0.22328958980163582,0.2131531916573866,0.22328958980163582,0.20647425233959715,0.21662132804816747,0.2129821758786156,0.22299272539335346,-3.700307901660366,-2.188246447928635,1,-2.9779054026839002,0.0,0.0,0,0.21147673212521942,0.20862643330709008,0.20901046292059922,0.0006305195280905494,0.8957638888888888,7.1306389375791195,0.21910604732690622,2.938677103212505,2.1889621971062554,3.584823777320877,1,2.938677103212505,2.1889621971062554,3.584823777320877,1,-0.11235576624650535,-0.8977218131610767,0.5639732046488654,0,2.862203788004113,2.407920432239443,3.225568180864263,1,0.8904166666666666,7.188313802083334,0.8904166666666666,7.188313802083334,0.8924305555555556,6.893200166967234,0.8940277777777778,7.417670355902778,1.2155986674457397,-0.5,0.0
demo,ideal,nv_charge_readout_master_v1_4,1,moderate,27.43339830432224,12.911749357161563,250.0,128,1.953125,109.68833152242031,0.17379493444842337,0.17379493444842337,0.17041295816457303,0.1679837997954168,0.17041295816457303,0.1692680399391324,0.1791537764872115,0.1692680399391324,0.1791537764872115,0.1656751175148432,0.17582653595122913,0.163071395209176,0.17290871141502995,-0.4489975485838674,3.2045273757887562,0,1.4254540237546416,0.0,0.0,0,0.16308024757116077,0.16150773864806037,0.1622471904837638,0.0005605908186775239,0.9184722222222221,8.945354343168761,0.21910604732690622,6.570192918420239,4.564712208483708,8.381630892415007,1,6.570192918420239,4.564712208483708,8.381630892415007,1,4.496381813629879,2.56091669064611,6.484813111186898,1,3.006833934389479,2.279366595429924,3.7609354025771644,1,0.8949305555555556,7.538384331597222,0.8949305555555556,7.538384331597222,0.8924305555555556,6.893200166967234,0.9150694444444445,9.109971788194445,1.4968883209522534,-0.2,0.0
demo,ideal,nv_charge_readout_master_v1_4,1,moderate,27.43339830432224,12.911749357161563,250.0,128,1.953125,180.94714484698588,0.13765389047257845,0.13765389047257845,0.1327279851320227,0.13416844610964618,0.1327279851320227,0.13290076982925766,0.14254317278685108,0.13290076982925766,0.14254317278685108,0.12834587875409964,0.13752423582264311,0.1297751673685548,0.13833539474726705,-3.0158952234471754,0.6316237296327484,0,-1.0852729936272898,0.0,0.0,0,0.128210577805855,0.12661807958568583,0.12745728769962314,0.0005162343032304788,0.9304861111111111,10.620998271496738,0.21910604732690622,7.365470796819221,5.113398708140973,9.292952762471957,1,7.365470796819221,5.113398708140973,9.292952762471957,1,3.52342794446199,1.711766565540332,5.104517192524627,1,4.646939750020443,3.183077837312269,6.114608108945575,1,0.9167361111111112,9.841715494791666,0.9167361111111112,9.841715494791666,0.9185416666666667,9.27709711027197,0.9320138888888889,11.975504557291666,1.8432684284784902,-0.2,0.0
demo,ideal,nv_charge_readout_master_v1_4,1,moderate,27.43339830432224,12.911749357161563,250.0,128,1.953125,298.4991090103658,0.11267958896613137,0.11267686265285683,0.11137854779397263,0.10741917389831747,0.11137854779397263,0.10845431303668515,0.11683421791504434,0.10845020084749604,0.11683279796021385,0.1069772681868245,0.11610104701035644,0.10344934025767899,0.1111452296936575,1.0395062653605993,6.34722773123924,1,3.5548801578731206,0.0,0.0057343205066412,0,0.10440670018641787,0.1017679298823659,0.10215741412855969,0.0005138604049126283,0.9365277777777778,12.218905200116856,0.21910604732690622,7.923714440684625,5.67171668544775,10.36850399875086,1,7.921103197086588,5.670431053190258,10.368004233997082,1,6.67758639541959,4.231944078397597,9.163428621991077,1,2.885326043750864,0.6223002696007683,5.134858623125325,1,0.9354166666666667,14.356689453125,0.9354166666666667,14.355875651041666,0.9300694444444444,12.372188753436054,0.9424305555555555,14.88009982638889,2.795033089798302,0.2,0.0
demo,ideal,nv_charge_readout_master_v1_4,1,moderate,27.43339830432224,12.911749357161563,250.0,128,1.953125,492.41848029892515,0.09710834205373584,0.0968579635229582,0.09285304857310525,0.08962483278351843,0.09285304857310525,0.09339482977611956,0.1012515883693247,0.09312172712126146,0.10103504123903415,0.08899676930286694,0.09672508626053615,0.08590280922784976,0.09331427674641657,1.104375061221492,5.437276859086902,1,3.4766933764648273,0.21105135779419182,0.3034129200281389,1,0.0863545229928798,0.0845590010937444,0.08476822491302663,0.0005384787043042189,0.9417361111111111,13.832347356120362,0.21910604732690622,12.45310458346545,9.792246719670919,15.23380585341856,1,12.163162004779348,9.52142685318535,14.942176284268788,1,7.525402671451593,5.810430957439606,9.303688665225936,1,3.7870741187561006,1.6525879721451975,5.885405116976109,1,0.9394444444444445,17.999267578125,0.9394444444444445,17.8759765625,0.9398611111111111,16.109056795958185,0.9417361111111111,15.442708333333334,2.795033089798302,0.2,0.0
demo,ideal,nv_charge_readout_master_v1_4,1,moderate,27.43339830432224,12.911749357161563,250.0,128,1.953125,812.3171976753961,0.08271348552384061,0.0825617085874692,0.0799698820551759,0.07618887033571348,0.0799698820551759,0.07903647995985552,0.08681306019090683,0.07887180448846241,0.08668204157409108,0.07612737077051955,0.08371666582356038,0.07254672906363072,0.07996982992456228,2.2659502621437846,7.31779444856892,1,4.728044636671691,0.14982715741155891,0.21631177641736446,1,0.07460774348119742,0.07294287273997303,0.07292682588816175,0.0005755502614577446,0.9440972222222221,15.194365322816243,0.21910604732690622,10.864478222271922,8.251569925656403,13.870324190557652,1,10.661045000344137,8.056650211908043,13.65519805301118,1,7.1871072944725105,4.664876905692859,9.765764319725266,1,2.1192530168326718,0.27471497141456175,3.864178678638048,1,0.9394444444444445,17.999267578125,0.9394444444444445,17.8759765625,0.9398611111111111,16.109056795958185,0.9444444444444444,16.76079644097222,2.795033089798302,0.2,0.0
demo,ideal,nv_charge_readout_master_v1_4,1,moderate,27.43339830432224,12.911749357161563,250.0,128,1.953125,1340.0375007019181,0.07398746889282926,0.07389546324704664,0.07268542009228737,0.06818380117609979,0.07268542009228737,0.07033504583377993,0.07807198871640363,0.07023522122635077,0.07798554996888069,0.06911845206015806,0.0766314750396945,0.06471291139404525,0.07198769094970763,4.6123231862790215,7.918988116679057,1,6.193290085510902,0.1011261915816384,0.14674909289892588,1,0.06755410559994435,0.065285410941711,0.06567920556919318,0.0006246545099339795,0.9446527777777778,16.357681492842534,0.21910604732690622,9.523275063374102,7.121020236707439,12.753626637528379,1,9.387079572418347,6.9885278221703375,12.608800091415274,1,7.5958588257102955,6.033887029404146,9.366272830672653,1,0.9321351686372724,-0.2867659637041995,2.2069081426266375,0,0.9394444444444445,17.999267578125,0.9394444444444445,17.8759765625,0.943888888888889,22.2101955829968,0.9445138888888889,17.015380859375,2.795033089798302,0.2,0.0
demo,ideal,nv_charge_readout_master_v1_4,1,moderate,27.43339830432224,12.911749357161563,250.0,128,1.953125,2210.590282252042,0.06869784574955216,0.06864207285639559,0.06615828980420214,0.0629688795133138,0.06615828980420214,0.06506138680952434,0.07278732661102885,0.06500088947987373,0.07273456784699914,0.06259718351680381,0.07007364617327934,0.05953181718843566,0.06651844011344757,2.835831794242906,7.10300607578103,1,4.820877777112317,0.06595252088434729,0.09588294724400015,1,0.06242114031525099,0.06036807952539769,0.060643332989449884,0.0006258854603509369,0.9452777777777778,17.019153520303824,0.21910604732690622,10.055416166063889,7.251800390414136,13.373398551957457,1,9.966066800007937,7.165687271116973,13.286142714091817,1,5.9869933007905605,4.205340977592642,7.86171848143666,1,0.8774898941232283,-0.5652815640332173,2.4158511864157255,0,0.9394444444444445,17.999267578125,0.9394444444444445,17.8759765625,0.943888888888889,22.2101955829968,0.9452777777777778,18.22998046875,2.795033089798302,0.2,0.0
demo,ideal,nv_charge_readout_master_v1_4,1,moderate,27.43339830432224,12.911749357161563,250.0,128,1.953125,3646.6960017368815,0.06549132962873087,0.06545752066424185,0.06220160935182499,0.05988870001390961,0.06220160935182499,0.061864852919759995,0.06958317541817054,0.06182818004958818,0.06955119358831352,0.05864463320662355,0.06611363348656847,0.05650200743744099,0.0634146897879831,1.602831215798039,6.127899416286352,1,3.7184075492855677,0.04183998087249786,0.06100197407450182,1,0.05917793265381749,0.0572861475995999,0.057555410089965155,0.0006267357455660557,0.9456249999999999,17.514835305287757,0.21910604732690622,10.668498698401416,7.6968713316851325,14.179575146238443,1,10.611367664969064,7.636453039276415,14.11039939568829,1,5.109466590689441,3.1090159039135363,7.331736812197869,1,1.2010682499674534,-0.5222715918640833,3.0060580952433162,0,0.9394444444444445,17.999267578125,0.9394444444444445,17.8759765625,0.943888888888889,22.2101955829968,0.9454166666666667,19.347059461805557,2.795033089798302,0.2,0.0
demo,ideal,nv_charge_readout_master_v1_4,1,moderate,27.43339830432224,12.911749357161563,250.0,128,1.953125,6015.765036086199,0.05893050753556442,0.058851685416618976,0.05980310962663933,0.05790324323662406,0.058851685416618976,0.055507359592888036,0.06275139844466822,0.05542439908723423,0.06266838551869788,0.05625011141444636,0.06370670656597564,0.05453673959895325,0.06139442023478537,-0.5551856228017082,3.736970241593382,0,1.6115803197151723,0.11847445874205492,0.14894881764868534,1,0.057220573318798415,0.05536977889364745,0.05545138425898899,0.000626746439366626,0.9457638888888888,17.953823400525856,0.21910604732690622,2.9883206643863653,1.1829481204949361,4.754013997517255,1,2.8505693026404884,1.0545475346090245,4.625861064427547,1,4.513300301016884,2.343867050169331,6.750888377421412,1,1.1930497690441197,-0.6130517088148063,2.7820633224943543,0,0.9450694444444445,24.06277126736111,0.9450694444444445,23.58859592013889,0.943888888888889,22.2101955829968,0.9453472222222222,19.554036458333332,3.4418040269700465,0.5,0.0
demo,ideal,nv_charge_readout_master_v1_4,1,moderate,27.43339830432224,12.911749357161563,250.0,128,1.953125,9923.895206005807,0.05735528604372099,0.057307504871370915,0.05834916331963862,0.05656850710412157,0.057307504871370915,0.05393879268155077,0.06114894309486684,0.05388850286097849,0.06109862149762817,0.05479857649025566,0.06224765177823927,0.05335182443668395,0.060172704227657574,-0.9114196975582278,3.4452920609020445,0,1.2895305229359695,0.07371595325078477,0.09283719830792904,1,0.05607957736621351,0.05418204135427574,0.054237878029913,0.0006276079315476831,0.9457638888888888,18.29436593144415,0.21910604732690622,2.2748186370535355,0.4076463764182236,4.002140554009322,1,2.189616189756095,0.3286318976413097,3.915734634065896,1,4.0470810587678825,1.898994436915231,6.340496664704029,1,0.871849897718073,-0.8487555520982533,2.5004251243905684,0,0.9450694444444445,24.06277126736111,0.9450694444444445,23.58859592013889,0.943888888888889,22.2101955829968,0.9454166666666667,19.70065646701389,3.4418040269700465,0.5,0.0
demo,ideal,nv_charge_readout_master_v1_4,1,moderate,27.43339830432224,12.911749357161563,250.0,128,1.953125,16370.934614138043,0.05640040268612685,0.05637143822206915,0.0574677957541379,0.055796261690898505,0.05637143822206915,0.05298794326344389,0.060177550847658266,0.05295745808217285,0.06014704640369303,0.053918670680657844,0.061363187503315576,0.05245700355940683,0.05940229449301529,-1.245626471938404,3.229156599041773,0,1.0203332561869372,0.04541338019185079,0.05725562221001124,1,0.05523543828711667,0.05344797622029563,0.05340322989865934,0.0006286708993208881,0.9459027777777778,18.633660775148506,0.21910604732690622,2.1090887211841034,0.21814555811632128,3.9233990148395237,1,2.056650531217831,0.16949894788363326,3.8688718609480874,1,4.041531191293028,1.857396071140367,6.47775970719364,1,1.015332585697333,-0.7218488078010856,2.5910299221904323,0,0.9450694444444445,24.06277126736111,0.9450694444444445,23.58859592013889,0.943888888888889,22.2101955829968,0.9454166666666667,19.856770833333332,3.4418040269700465,0.5,0.0
demo,ideal,nv_charge_readout_master_v1_4,1,moderate,27.43339830432224,12.911749357161563,250.0,128,1.953125,27006.280757397446,0.0558215620396961,0.05580400407414424,0.05693351963831688,0.055320948689360355,0.05580400407414424,0.05241154795038489,0.05958870267909376,0.052393068141418545,0.05957021119327676,0.05338528066650048,0.060827034193521125,0.05198239939077287,0.058928865993479594,-1.421407851811128,3.104901540568079,0,0.8656285383071576,0.02779012181837255,0.035077552569372,1,0.05473636747157494,0.052994378812832324,0.05289820570925026,0.0006317667280797289,0.9459722222222222,19.136372212484176,0.21910604732690622,1.982584190821047,0.17502249878832174,3.918810192908004,1,1.9505068602218252,0.14593872847208342,3.8861306770643904,1,4.014062803643191,1.9006574117101251,6.522605213240535,1,1.0679941778909485,-0.5473829576707757,2.59133900449994,0,0.9450694444444445,24.06277126736111,0.9450694444444445,23.58859592013889,0.943888888888889,22.2101955829968,0.9454166666666667,19.920247395833336,3.4418040269700465,0.5,0.0
demo,ideal,nv_charge_readout_master_v1_4,1,moderate,27.43339830432224,12.911749357161563,250.0,128,1.953125,44550.85903999113,0.05547067468649669,0.05546003122512602,0.05660964685344236,0.05496190067420412,0.05546003122512602,0.052062142933575986,0.05923174886705936,0.05205094066003867,0.059220539515133126,0.053061945027504255,0.060502023472620785,0.05169167075753024,0.05857104117706045,-1.414568804808977,3.0510156901782906,0,0.8981793553268466,0.016943436064456995,0.021401877337821545,1,0.054550191469318415,0.05270647314797632,0.05257134299975102,0.0006356053345903881,0.9459027777777778,20.180169076833185,0.21910604732690622,1.6874060244059785,-0.10838270681531599,3.601462004052528,0,1.6678947063262703,-0.12673635376207393,3.5813256916555964,0,3.775340340065125,1.6166637428511919,6.297841962316404,1,0.7547346650786119,-0.8915014457394612,2.2374747050849453,0,0.9450694444444445,24.06277126736111,0.9450694444444445,23.58859592013889,0.943888888888889,22.2101955829968,0.9454861111111111,19.959309895833332,3.4418040269700465,0.5,0.0
demo,ideal,nv_charge_readout_master_v1_4,1,moderate,27.43339830432224,12.911749357161563,250.0,128,1.953125,73493.23881473376,0.055257970317177635,0.05525151835840063,0.056413318442577146,0.054786129806232445,0.05525151835840063,0.0518503371416043,0.05901536707166971,0.05184354643653623,0.059008572075753774,0.05286594222904495,0.060305005256430615,0.05151637746843045,0.058395975347912396,-1.4800975248857544,3.004652196551257,0,0.8423090731178504,0.010307043938593021,0.013024925171083428,1,0.054375862184638635,0.052506316481092496,0.05230659978131516,0.0006360605748832086,0.9459027777777778,20.47815330119778,0.21910604732690622,1.6222421072491953,-0.1758583208730101,3.538044609026623,0,1.6103766240774553,-0.18701971610199478,3.525798167003462,0,3.746986578383118,1.5815186339121792,6.277827574794431,1,0.7545032025436316,-0.8996879676895007,2.242847725639688,0,0.9450694444444445,24.06277126736111,0.9450694444444445,23.58859592013889,0.943888888888889,22.2101955829968,0.9454861111111111,20.00786675347222,3.4418040269700465,0.5,0.0
demo,ideal,nv_charge_readout_master_v1_4,1,moderate,27.43339830432224,12.911749357161563,250.0,128,1.953125,121237.97986995146,0.05512903107694887,0.05512511996470722,0.05629430614295527,0.05474848944514626,0.05512511996470722,0.05172194260988728,0.05888419861290134,0.051717826153065555,0.058880079555010977,0.05274712731237463,0.060185574803788236,0.051478969842939246,0.05829331685338923,-1.6948801182150406,2.7938786203580075,0,0.6832284805948539,0.00626136804346546,0.007914557780264644,1,0.05426231880750093,0.05234591210370091,0.0521761707996283,0.0006378914496212964,0.9459027777777778,20.01597648261759,0.21910604732690622,1.5972636048279827,-0.20243844254584428,3.5124505502281003,0,1.5900558180477482,-0.20921850408430556,3.5050111618333943,0,3.7447484370561877,1.5740518745127992,6.278149434603325,1,0.8959636232466366,-0.7654588265918659,2.4108386438042526,0,0.9450694444444445,24.06277126736111,0.9450694444444445,23.58859592013889,0.943888888888889,22.2101955829968,0.9454166666666667,20.023193359375,3.4418040269700465,0.5,0.0
demo,ideal,nv_charge_readout_master_v1_4,1,moderate,27.43339830432224,12.911749357161563,250.0,128,1.953125,200000.0,0.055050869411892356,0.055048498535156254,0.0562221620890261,0.054614213053385416,0.055048498535156254,0.05164411114162869,0.058804685618082685,0.05164161578708225,0.0588021886867947,0.052675102909997,0.060113177269721645,0.051138261871337895,0.05822540254380969,-1.514496919858045,2.9760002817738185,0,0.7889143088861639,0.0038004976782876746,0.004804726350725002,1,0.054198530924384064,0.052242119387683174,0.05197765574928444,0.0006375502592967188,0.9459027777777778,20.26174043236927,0.21910604732690622,1.57262286075142,-0.22802105977987436,3.4884470395109783,0,1.5682484308625184,-0.2321358884042293,3.4839319295975373,0,3.7337380370426185,1.5603781792762181,6.27115677354487,1,0.7669619857063973,-0.8790613689012888,2.2781793033089532,0,0.9450694444444445,24.06277126736111,0.9450694444444445,23.58859592013889,0.943888888888889,22.2101955829968,0.9454861111111111,20.064832899305557,3.4418040269700465,0.5,0.0
demo,ideal,nv_charge_readout_master_v1_4,2,sparse,2.7433398304322245,4.083053654584545,800.0,128,6.25,2.0,3.5620833333333333,3.5620833333333333,1.13935196615383,0.5,1.13935196615383,3.558189236111111,3.565907986111111,3.558189236111111,3.565907986111111,1.136972083482586,1.141875747246356,0.5,0.5,56.02354646244531,56.21239865880788,1,56.115404646390694,0.0,0.0,0,0.5,0.5,0.5,0.0,0.5,0.0,2.191780821917808,612.4166666666666,611.6378472222223,613.1815972222222,1,612.4166666666666,611.6378472222223,613.1815972222222,1,127.87039323076601,127.39441669651723,128.37514944927122,1,0.0,-0.0,-0.0,0,0.5629166666666666,6.25,0.5629166666666666,6.25,0.5143055555555556,1.3073150434187712,0.5,0.0,0.1,0.0,0.0
demo,ideal,nv_charge_readout_master_v1_4,2,sparse,2.7433398304322245,4.083053654584545,800.0,128,6.25,3.299296148196041,2.331426768801325,2.331426768801325,0.8819350317386687,0.5,0.8819350317386687,2.3275326715791027,2.3352514215791027,2.3275326715791027,2.3352514215791027,0.8797479194207293,0.8842077432233167,0.5,0.5,43.1655376488967,43.45220296472009,1,43.306481542717776,0.0,0.0,0,0.5,0.5,0.5,0.0,0.5,0.0,2.191780821917808,366.28535376026497,365.5065343158206,367.0502843158205,1,366.28535376026497,365.5065343158206,367.0502843158205,1,76.38700634773375,75.94958388414585,76.84154864466335,1,0.0,-0.0,-0.0,0,0.5629166666666666,6.25,0.5629166666666666,6.25,0.5143055555555556,1.3073150434187712,0.5,0.0,0.1,0.0,0.0
demo,ideal,nv_charge_readout_master_v1_4,2,sparse,2.7433398304322245,4.083053654584545,800.0,128,6.25,5.442677536750615,1.5854151898135487,1.5854151898135487,0.725891486174619,0.5,0.725891486174619,1.5815210925913266,1.5892398425913266,1.5815210925913266,1.5892398425913266,0.7238545166686123,0.7280349227831243,0.5,0.5,30.925346389362694,31.32197586167668,1,31.119181100338594,0.0,0.0,0,0.5,0.5,0.5,0.0,0.5,0.0,2.191780821917808,217.08303796270974,216.30421851826532,217.8479685182653,1,217.08303796270974,216.30421851826532,217.8479685182653,1,45.17829723492379,44.77090333372246,45.60698455662486,1,0.0,-0.0,-0.0,0,0.5629166666666666,6.25,0.5629166666666666,6.25,0.5143055555555556,1.3073150434187712,0.5,0.0,0.1,0.0,0.0
demo,ideal,nv_charge_readout_master_v1_4,2,sparse,2.7433398304322245,4.083053654584545,800.0,128,6.25,8.978502516437212,1.1331905058331948,1.1331905058331948,0.6312994649949684,0.5,0.6312994649949684,1.1292964086109727,1.1370151586109727,1.1292964086109727,1.1370151586109727,0.6293536286400807,0.6333729927877084,0.5,0.5,20.55340952004391,21.0575749681554,1,20.79828548500589,0.0,0.0,0,0.5,0.5,0.5,0.0,0.5,0.0,2.191780821917808,126.63810116663896,125.85928172219452,127.40303172219454,1,126.63810116663896,125.85928172219452,127.40303172219454,1,26.25989299899367,25.870725728016136,26.67459855754168,1,0.0,-0.0,-0.0,0,0.5629166666666666,6.25,0.5629166666666666,6.25,0.5143055555555556,1.3073150434187712,0.5,0.0,0.1,0.0,0.0
demo,ideal,nv_charge_readout_master_v1_4,2,sparse,2.7433398304322245,4.083053654584545,800.0,128,6.25,14.811369384524872,0.8590564701676686,0.8590564701676686,0.5739587371967859,0.5,0.5739587371967859,0.8551623729454465,0.8628811229454465,0.8551623729454465,0.8628811229454465,0.5720681448376025,0.5759821143612328,0.5,0.5,12.597825185801005,13.191748914574843,1,12.885723729548982,0.0,0.0,0,0.5,0.5,0.5,0.0,0.5,0.0,2.191780821917808,71.81129403353373,71.03247458908929,72.5762245890893,1,71.81129403353373,71.03247458908929,72.5762245890893,1,14.791747439357184,14.4136289675205,15.196422872246554,1,0.0,-0.0,-0.0,0,0.5629166666666666,6.25,0.5629166666666666,6.25,0.5143055555555556,1.3073150434187712,0.5,0.0,0.1,0.0,0.0
demo,ideal,nv_charge_readout_master_v1_4,2,sparse,2.7433398304322245,4.083053654584545,800.0,128,6.25,24.43354697993584,0.6928791866792403,0.6928791866792403,0.5391993671841638,0.5,0.5391993671841638,0.6889850894570182,0.6967038394570182,0.6889850894570182,0.6967038394570182,0.537342263177176,0.5411923435442934,0.5,0.5,6.949437208481819,7.6114054347907985,1,7.269920843726672,0.0,0.0,0,0.5,0.5,0.5,0.0,0.5,0.0,2.191780821917808,38.575837335848064,37.79701789140363,39.340767891403644,1,38.575837335848064,37.79701789140363,39.340767891403644,1,7.839873436832767,7.46845263543521,8.238468708858678,1,0.0,-0.0,-0.0,0,0.5629166666666666,6.25,0.5629166666666666,6.25,0.5143055555555556,1.3073150434187712,0.5,0.0,0.1,0.0,0.0
demo,ideal,nv_charge_readout_master_v1_4,2,sparse,2.7433398304322245,4.083053654584545,800.0,128,6.25,40.30675371883467,0.5921441959271739,0.5921441959271739,0.5181285881747515,0.5,0.5181285881747515,0.5882500987049518,0.5959688487049518,0.5882500987049518,0.5959688487049518,0.5162917844686106,0.5201031358743717,0.5,0.5,3.1555381971005945,3.8652210196046153,1,3.4988588911131813,0.0,0.0,0,0.5,0.5,0.5,0.0,0.5,0.0,2.191780821917808,18.428839185434786,17.650019740990356,19.193769740990373,1,18.428839185434786,17.650019740990356,19.193769740990373,1,3.6257176349502984,3.2583568937221097,4.020627174874338,1,0.0,-0.0,-0.0,0,0.5629166666666666,6.25,0.5629166666666666,6.25,0.5143055555555556,1.3073150434187712,0.5,0.0,0.1,0.0,0.0
demo,ideal,nv_charge_readout_master_v1_4,2,sparse,2.7433398304322245,4.083053654584545,800.0,128,6.25,66.4919586454188,0.5310796620221802,0.5310796620221802,0.5053556947678148,0.5,0.5053556947678148,0.5271855647999579,0.5349043147999579,0.5271855647999579,0.5349043147999579,0.503531196899001,0.5073190711995759,0.5,0.5,0.7012866174489264,1.4426958172945694,1,1.0597871604623952,0.0,0.0,0,0.5,0.5,0.5,0.0,0.5,0.0,2.191780821917808,6.215932404436031,5.437112959991578,6.980862959991595,1,6.215932404436031,5.437112959991578,6.980862959991595,1,1.0711389535629667,0.7062393798002081,1.463814239915166,1,0.0,-0.0,-0.0,0,0.5629166666666666,6.25,0.5629166666666666,6.25,0.5143055555555556,1.3073150434187712,0.5,0.0,0.1,0.0,0.0
demo,ideal,nv_charge_readout_master_v1_4,2,sparse,2.7433398304322245,4.083053654584545,800.0,128,6.25,109.68833152242031,0.49406295836047215,0.49406295836047215,0.49070277791455286,0.49406295836047215,0.49070277791455286,0.4901688611382499,0.4978876111382499,0.4901688611382499,0.4978876111382499,0.4855365619034162,0.4954466694730343,0.4901688611382499,0.4978876111382499,-1.3949114192801222,-0.10819077800218128,1,-0.684768987899312,0.0,0.0,0,0.49623189589992817,0.49971897965690193,0.496760417982562,0.0005800418162307583,0.5237499999999999,2.191780821917809,2.191780821917808,-0.43708144465857,-1.0768814161512437,0.20785258373897286,0,-0.43708144465857,-1.0768814161512437,0.20785258373897286,0,-1.1142205954633617,-1.9390489087081002,-0.2209965272985102,1,-0.43708144465857,-1.0768814161512437,0.20785258373897286,0,0.5629166666666666,6.25,0.5629166666666666,6.25,0.5984027777777777,9.773839733269849,0.5629166666666666,6.25,0.1,0.0,0.0
demo,ideal,nv_charge_readout_master_v1_4,2,sparse,2.7433398304322245,4.083053654584545,800.0,128,6.25,180.94714484698588,0.4426546275477338,0.4426546275477338,0.4391492253988143,0.44266182347964217,0.4391492253988143,0.43617831839498217,0.4487134511260774,0.43617831839498217,0.4487134511260774,0.4327933584117314,0.44549642436171205,0.43619190376988665,0.44871602966834456,-0.909617915267601,-0.7136673292549519,1,-0.7998643462567661,0.0,0.0,0,0.44093059690680914,0.4361923457229394,0.43884453307843807,0.0012058110571681552,0.6878472222222223,23.301978691019784,2.191780821917808,0.3909981872473831,0.08978180670765389,0.699829247149213,1,0.3909981872473831,0.08978180670765389,0.699829247149213,1,-0.4040026980416916,-0.7063587557100114,-0.07623819684999024,1,0.3926301746755236,0.09409537764859424,0.70144766279843,1,0.6828472222222223,22.70920138888889,0.6828472222222223,22.70920138888889,0.6834722222222223,22.18800084403079,0.6828472222222223,22.71050347222222,0.229930581914122,-0.2,0.0
demo,ideal,nv_charge_readout_master_v1_4,2,sparse,2.7433398304322245,4.083053654584545,800.0,128,6.25,298.4991090103658,0.376248450056682,0.376248450056682,0.37285032687259334,0.37625426619166763,0.37285032687259334,0.3695027965211161,0.38278701294902,0.3695027965211161,0.38278701294902,0.3658665790464212,0.37944160665130106,0.3695099576373172,0.3827886487369847,-1.3973587565284198,-0.41673163006709,1,-0.9129506061121007,0.0,0.0,0,0.37402633298335847,0.3723839045417331,0.37351219163828553,0.0010755623861696546,0.7478472222222222,36.37914764079147,2.191780821917808,0.5941071195707511,0.5193657401003873,0.6824746327230012,1,0.5941071195707511,0.5193657401003873,0.6824746327230012,1,-0.3144179986967523,-0.8039444138013356,0.1546099287306977,0,0.5956621263905209,0.5208849784030334,0.6828848632770923,1,0.7475,36.938802083333336,0.7475,36.938802083333336,0.7557638888888889,38.39122881086939,0.7475,36.94053819444444,0.5286807249936678,-0.2,0.0
demo,ideal,nv_charge_readout_master_v1_4,2,sparse,2.7433398304322245,4.083053654584545,800.0,128,6.25,492.41848029892515,0.32026630743043977,0.32026630743043977,0.3205987516980919,0.3202715959538622,0.32026630743043977,0.3134316933556436,0.32652687374578304,0.3134316933556436,0.32652687374578304,0.31357353879904665,0.3271482925086481,0.3134368937370089,0.3265330436897758,-0.0032947931245464997,-0.0002774528947879324,1,-0.001651289348804619,0.0,0.0,0,0.3187765748428022,0.31847616058956574,0.31948843840500685,0.0009208273076438214,0.7733333333333333,45.3566210045662,2.191780821917808,0.46732812421119735,0.2390555753154306,0.7117137822229201,1,0.46732812421119735,0.2390555753154306,0.7117137822229201,1,0.5716156703761085,-0.22706359866485246,1.3695623658427665,0,0.46898713049954105,0.24113058084403172,0.7136511180748025,1,0.7722916666666666,45.57725694444444,0.7722916666666666,45.57725694444444,0.7591666666666667,39.27796609158237,0.7722916666666666,45.579861111111114,0.6510174977556199,-0.2,0.0
demo,ideal,nv_charge_readout_master_v1_4,2,sparse,2.7433398304322245,4.083053654584545,800.0,128,6.25,812.3171976753961,0.28381604233527574,0.28381604233527574,0.28077219790205926,0.2822398025380579,0.28077219790205926,0.2770747438942898,0.2899124816256829,0.2770747438942898,0.2899124816256829,0.273815999131529,0.2867823285467305,0.2755241445479984,0.2885220674268998,-0.9709521415013069,-0.0892072394353651,1,-0.5227029766353836,0.0,0.0,0,0.2808951239489538,0.2792610041877443,0.2802782311607275,0.0008046284759714429,0.7819444444444444,51.04566210045661,2.191780821917808,1.0398608367629687,0.2186202160245654,1.8495518184040745,1,1.0398608367629687,0.2186202160245654,1.8495518184040745,1,-0.04376225730313868,-0.6689869830564527,0.5355230696633858,0,0.4787119727106786,0.0263702718584908,1.0059883035010768,1,0.7722916666666666,45.57725694444444,0.7722916666666666,45.57725694444444,0.785625,53.93558573329946,0.7840277777777778,53.830295138888886,0.6510174977556199,-0.2,0.0
demo,ideal,nv_charge_readout_master_v1_4,2,sparse,2.7433398304322245,4.083053654584545,800.0,128,6.25,1340.0375007019181,0.2543834412574803,0.2543834412574803,0.25462431071335523,0.25431987092150593,0.2543834412574803,0.24771785054481743,0.2600902179645643,0.24771785054481743,0.2600902179645643,0.24778144891169754,0.2605367851693061,0.2475280067453995,0.26065130284534027,-0.8076147419100683,0.7073068980245395,0,0.02498996619439077,0.0,0.0,0,0.25334743000709026,0.25227200825067964,0.25307781541445645,0.0007338713950968997,0.7898611111111111,57.901065449010645,2.191780821917808,0.40892905460341605,0.004152147427461224,0.792588892057943,1,0.40892905460341605,0.004152147427461224,0.792588892057943,1,0.5040038125625493,-0.15127801375550112,1.2188622639697155,0,0.38383689717652086,-0.20478796998074286,1.1169687235737538,0,0.788888888888889,57.986545138888886,0.788888888888889,57.986545138888886,0.785625,53.93558573329946,0.7920138888888889,62.08897569444444,0.8016630119985266,-0.2,0.0
demo,ideal,nv_charge_readout_master_v1_4,2,sparse,2.7433398304322245,4.083053654584545,800.0,128,6.25,2210.590282252042,0.23734236056716818,0.23734236056716818,0.23877372561022595,0.23628450673131635,0.23734236056716818,0.2307536040172797,0.24301879379612593,0.2307536040172797,0.24301879379612593,0.23199956753432174,0.24461073564806174,0.22986463985536387,0.2427139417840786,-0.4535938955811971,1.3261790784124305,0,0.44570797784429034,0.0,0.0,0,0.23492699024818298,0.23438000662824363,0.23518544058005364,0.0007070913231505978,0.7941666666666667,64.31415525114154,2.191780821917808,1.0281365782763145,0.2936608994628425,1.7237388136136769,1,1.0281365782763145,0.2936608994628425,1.7237388136136769,1,1.6374173771941563,0.7593314144597634,2.5779746211126002,1,0.5778461136795112,0.0703161176332707,1.1280688588804908,1,0.788888888888889,57.986545138888886,0.788888888888889,57.986545138888886,0.785625,53.93558573329946,0.794375,67.77560763888889,0.8016630119985266,-0.2,0.0
demo,ideal,nv_charge_readout_master_v1_4,2,sparse,2.7433398304322245,4.083053654584545,800.0,128,6.25,3646.6960017368815,0.2270122295786967,0.2270122295786967,0.22916526102192522,0.22362505911559136,0.2270122295786967,0.22047004912220708,0.23266977527876465,0.22047004912220708,0.23266977527876465,0.22243275045062047,0.234948219359886,0.21700139943373123,0.22979537374283787,0.4488423725778515,2.643877103448301,1,1.4920651937525455,0.0,0.0,0,0.22258633117920812,0.2221396550675419,0.22294094354865931,0.0006937221342979909,0.796875,70.9695585996956,2.191780821917808,1.988396311687812,0.9816009799126884,3.0860396795946414,1,1.988396311687812,0.9816009799126884,3.0860396795946414,1,2.955675583430274,1.8412842751751635,4.080577924187393,1,0.46666294865471325,-0.2079893790317907,1.0768550248559485,0,0.788888888888889,57.986545138888886,0.788888888888889,57.986545138888886,0.785625,53.93558573329946,0.79625,72.47829861111111,0.8016630119985266,-0.2,0.0
demo,ideal,nv_charge_readout_master_v1_4,2,sparse,2.7433398304322245,4.083053654584545,800.0,128,6.25,6015.765036086199,0.21648675095013514,0.21648675095013514,0.2233407068402375,0.21600022200783725,0.21648675095013514,0.21017410081257012,0.22275844236437858,0.21017410081257012,0.22275844236437858,0.21663344256555406,0.2291161554365399,0.2099105683157964,0.22187259130982867,-0.6559908755487515,1.236726079278967,0,0.2247384378778718,0.0,0.0,0,0.2151506517620817,0.21411483568000947,0.2150050874396554,0.0006882414243732392,0.7975,76.10334855403349,2.191780821917808,0.6210063400276978,-0.3193954848576488,1.6209092085883001,0,0.6210063400276978,-0.3193954848576488,1.6209092085883001,0,3.806660593904466,2.5495482723993765,5.125398227282176,1,0.3948722622021253,-0.27634355728113463,0.9539577381264105,0,0.7963194444444445,77.0390625,0.7963194444444445,77.0390625,0.785625,53.93558573329946,0.7977083333333334,82.46744791666667,0.6510174977556199,-0.5,0.0
demo,ideal,nv_charge_readout_master_v1_4,2,sparse,2.7433398304322245,4.083053654584545,800.0,128,6.25,9923.895206005807,0.21241219365652864,0.21241219365652864,0.21227895263246854,0.2100270560038212,0.21227895263246854,0.20616968119584794,0.21862121872511658,0.20616968119584794,0.21862121872511658,0.20589728702553214,0.21848238317388335,0.20380339628764443,0.21593461170555855,0.23110702087524204,1.9010557236419197,1,1.0608195493343033,0.0,0.0,0,0.21032218918555734,0.20895888890328965,0.20993755468396047,0.0006843279382295187,0.7977083333333332,79.69406392694063,2.191780821917808,0.9937156317479103,-0.1750554291590165,2.225623147147037,0,0.9937156317479103,-0.1750554291590165,2.225623147147037,0,0.930364720188816,-0.18664318519084108,2.1040936678475055,0,-0.1403243199773596,-0.8601305990150653,0.5731571266721724,0,0.7978472222222223,101.81336805555556,0.7978472222222223,101.81336805555556,0.7981944444444444,103.93689504217193,0.7988888888888889,88.48090277777777,1.2155986674457397,-1.0,0.0
demo,ideal,nv_charge_readout_master_v1_4,2,sparse,2.7433398304322245,4.083053654584545,800.0,128,6.25,16370.934614138043,0.20837193205670507,0.20837193205670507,0.2081544230754595,0.20684524514147196,0.2081544230754595,0.20212647092741143,0.21457042924159167,0.20212647092741143,0.21457042924159167,0.20176991286713036,0.2143495289144821,0.20078104382442546,0.21303648619756418,-0.2664800115996678,1.53786802950268,0,0.6289455273851902,0.0,0.0,0,0.20719499091485044,0.20570158949592268,0.20676375109588124,0.0006878613156162361,0.7979861111111111,84.81948249619482,2.191780821917808,0.5680355189369929,-0.5214542760909285,1.7368127793414259,0,0.5680355189369929,-0.5214542760909285,1.7368127793414259,0,0.46305760403414165,-0.57638157780537,1.544302297196544,0,-0.16880030344083824,-0.7400828818865597,0.46593681473313925,0,0.7978472222222223,101.81336805555556,0.7978472222222223,101.81336805555556,0.7981944444444444,103.93689504217193,0.7987500000000001,91.59939236111111,1.2155986674457397,-1.0,0.0
demo,ideal,nv_charge_readout_master_v1_4,2,sparse,2.7433398304322245,4.083053654584545,800.0,128,6.25,27006.280757397446,0.20592276628416134,0.20592276628416134,0.20565417491843108,0.20459568833710154,0.20565417491843108,0.19967551770173797,0.21211488157228664,0.19967551770173797,0.21211488157228664,0.19926794034146997,0.21184423440694847,0.19852832355093097,0.21064022294269089,-0.43222772832932593,1.4671062526076517,0,0.5146924839961876,0.0,0.0,0,0.20519113831982355,0.20368910816239974,0.20459610476097,0.0006847255406102221,0.7980555555555555,87.68112633181126,2.191780821917808,0.3565592404860235,-0.7340936989321015,1.422547281492954,0,0.3565592404860235,-0.7340936989321015,1.422547281492954,0,0.2256611091487817,-0.7929766259619794,1.2403412870546855,0,-0.2901928356154971,-0.811598173999288,0.31375461552358813,0,0.7978472222222223,101.81336805555556,0.7978472222222223,101.81336805555556,0.7981944444444444,103.93689504217193,0.7988194444444444,92.23003472222223,1.2155986674457397,-1.0,0.0
demo,ideal,nv_charge_readout_master_v1_4,2,sparse,2.7433398304322245,4.083053654584545,800.0,128,6.25,44550.85903999113,0.20443810673101215,0.20443810673101215,0.20413854973977258,0.20319459911910293,0.20413854973977258,0.19818977461255605,0.2106263533777821,0.19818977461255605,0.2106263533777821,0.19775126986796404,0.2103255501815851,0.1969259501338261,0.20923553685174265,-0.49996579273100994,1.3905226985923096,0,0.4624068417616187,0.0,0.0,0,0.20381838344485026,0.20242359793667797,0.2032003482914989,0.0006844445019314401,0.7981944444444444,89.6732115677321,2.191780821917808,0.3040566192742741,-0.7606167689756256,1.4121941367647506,0,0.3040566192742741,-0.7606167689756256,1.4121941367647506,0,0.1570841106238834,-0.8803096786199932,1.2156616007560619,0,-0.3060490988125806,-0.845485465634651,0.2973898346969658,0,0.7978472222222223,101.81336805555556,0.7978472222222223,101.81336805555556,0.7981944444444444,103.93689504217193,0.7988888888888889,92.82118055555556,1.2155986674457397,-1.0,0.0
demo,ideal,nv_charge_readout_master_v1_4,2,sparse,2.7433398304322245,4.083053654584545,800.0,128,6.25,73493.23881473376,0.20353812110592,0.20353812110592,0.20321979306526966,0.20246449830502375,0.20321979306526966,0.1972891321588652,0.20972402262137613,0.1972891321588652,0.20972402262137613,0.19683187954628273,0.20940493914386804,0.19620032941430277,0.20850619846229076,-0.5968914076511354,1.3064575225156616,0,0.37166397468150536,0.0,0.0,0,0.20329226780532722,0.20164816878594094,0.202538091605097,0.000687860377498306,0.7979861111111111,93.95220700152205,2.191780821917808,0.12093588371409199,-0.9780616426685541,1.2433924797399172,0,0.12093588371409199,-0.9780616426685541,1.2433924797399172,0,-0.035650514817888536,-1.033080697038146,1.0151302634332007,0,-0.40718198937902733,-1.0671886085298,0.21077107034372364,0,0.7978472222222223,101.81336805555556,0.7978472222222223,101.81336805555556,0.7981944444444444,103.93689504217193,0.7988194444444444,94.36111111111111,1.2155986674457397,-1.0,0.0
demo,ideal,nv_charge_readout_master_v1_4,2,sparse,2.7433398304322245,4.083053654584545,800.0,128,6.25,121237.97986995146,0.20299255891042917,0.20299255891042917,0.2026628520492258,0.20195130063468936,0.2026628520492258,0.1967431718005123,0.2091770388309702,0.1967431718005123,0.2091770388309702,0.1962745544197196,0.20884687403157404,0.19569189873671294,0.20799491929125477,-0.6198745937884448,1.2879169583503647,0,0.3511010564302161,0.0,0.0,0,0.20212571810101942,0.20114618244150845,0.2020474122195028,0.0006934477898353842,0.7986805555555556,97.75098934550991,2.191780821917808,0.42886220395590985,-0.5926306626847855,1.476507221877604,0,0.42886220395590985,-0.5926306626847855,1.476507221877604,0,0.2657425058289308,-0.7299185981194217,1.3080522055827646,0,-0.08629157534663486,-0.9159547545588671,0.5759707519452536,0,0.7978472222222223,101.81336805555556,0.7978472222222223,101.81336805555556,0.7981944444444444,103.93689504217193,0.7988194444444444,93.44357638888889,1.2155986674457397,-1.0,0.0
demo,ideal,nv_charge_readout_master_v1_4,2,sparse,2.7433398304322245,4.083053654584545,800.0,128,6.25,200000.0,0.20266184461805553,0.20266184461805553,0.2023252400307664,0.20165011935763888,0.2023252400307664,0.19641221614583335,0.20884546278211807,0.19641221614583335,0.20884546278211807,0.1959367095573432,0.20850858059732194,0.19539390429687498,0.20769521299913193,-0.6392833508216033,1.2717329283220427,0,0.3336808956830426,0.0,0.0,0,0.20181092694063926,0.20082932449717528,0.20167258479680045,0.0006913564453976277,0.7986805555555556,98.296499238965,2.191780821917808,0.4216410331768397,-0.600633562565402,1.4683854916827863,0,0.4216410331768397,-0.600633562565402,1.4683854916827863,0,0.25484898063940037,-0.743647983247269,1.296271523356994,0,-0.07968229740487888,-0.9103117733562004,0.5840046996053803,0,0.7978472222222223,101.81336805555556,0.7978472222222223,101.81336805555556,0.7981944444444444,103.93689504217193,0.7988194444444444,93.91276041666666,1.2155986674457397,-1.0,0.0
