experiment,detector,physics_layer,point_index,point,target_fidelity,t_threshold_us,t_exact_mmpp_us,t_grid_sprt_us,t_exhaustion_us,t_learned_us,speedup_exact_mmpp,speedup_exact_mmpp_ci_low,speedup_exact_mmpp_ci_high,speedup_grid_sprt,speedup_grid_sprt_ci_low,speedup_grid_sprt_ci_high,speedup_exhaustion,speedup_exhaustion_ci_low,speedup_exhaustion_ci_high,speedup_learned,speedup_learned_ci_low,speedup_learned_ci_high
demo,ideal,nv_charge_readout_master_v1_4,0,high_flux,0.55,0.21100375198177157,0.20138493441218575,0.78125,0.78125,0.7814127604166667,1.0477633423655142,1.0248513654240532,1.0783999599261576,0.2700848025366676,0.25002313532274634,0.2945245174937284,0.2700848025366676,0.25002313532274634,0.2945245174937284,0.27002854658946146,0.24995457085902648,0.29446368217440916
demo,ideal,nv_charge_readout_master_v1_4,0,high_flux,0.56,0.2578590480420856,0.24480238013051317,0.78125,0.78125,0.7814127604166667,1.0533355431618412,1.0339583896889906,1.073284054852289,0.33005958149386955,0.308850514207619,0.355548714210546,0.33005958149386955,0.308850514207619,0.355548714210546,0.3299908334035771,0.3087647462225572,0.3554746569903397
demo,ideal,nv_charge_readout_master_v1_4,0,high_flux,0.57,0.30399745915388415,0.29112029984069565,0.78125,0.78125,0.7814127604166667,1.0442331205355142,1.0337349352443919,1.0597758509203845,0.3891167477169717,0.3691924844414622,0.41126919741872675,0.3891167477169717,0.3691924844414622,0.41126919741872675,0.38903569861309395,0.36919056357475455,0.41115381527609823
demo,ideal,nv_charge_readout_master_v1_4,0,high_flux,0.58,0.3465644287555614,0.3282318166527858,0.78125,0.78125,0.7814127604166667,1.0558526357673865,1.0360841333360538,1.0742082727225013,0.4436024688071186,0.4219878648923217,0.46771536422564125,0.4436024688071186,0.4219878648923217,0.46771536422564125,0.44351007087568617,0.4219285328817896,0.4676441344899287
demo,ideal,nv_charge_readout_master_v1_4,0,high_flux,0.59,0.3932775578746863,0.3700742460149375,0.78125,0.78125,0.7814127604166667,1.0626990721716212,1.0419633468637413,1.0838028849130557,0.5033952740795985,0.47822758076400024,0.5348535437096859,0.5033952740795985,0.47822758076400024,0.5348535437096859,0.5032904219083676,0.47819271402685226,0.5347755538858755
demo,ideal,nv_charge_readout_master_v1_4,0,high_flux,0.6,0.446151508133201,0.41725067654973813,0.78125,0.78125,0.7814127604166667,1.0692649124560922,1.0553122531464085,1.0844348923792853,0.5710739304104973,0.5445849227514482,0.6024062649836576,0.5710739304104973,0.5445849227514482,0.6024062649836576,0.5709549814560272,0.5444355809935637,0.6023226090657318
demo,ideal,nv_charge_readout_master_v1_4,0,high_flux,0.61,0.49636068583245724,0.4646012761523515,0.78125,0.78125,0.7814127604166667,1.068358421102768,1.0604848838125065,1.0812462140616366,0.6353416778655453,0.6057257608698103,0.6695429203788603,0.6353416778655453,0.6057257608698103,0.6695429203788603,0.6352093425858398,0.6055586004816073,0.669488225160755
demo,ideal,nv_charge_readout_master_v1_4,0,high_flux,0.62,0.548723560185997,0.5066666874193726,0.78125,0.78125,0.7814127604166667,1.0830069823236939,1.068133772003422,1.0955134873351122,0.7023661570380761,0.6710849319512404,0.7374044860045363,0.7023661570380761,0.6710849319512404,0.7374044860045363,0.7022198612336524,0.6709463154315121,0.7373020829374618
demo,ideal,nv_charge_readout_master_v1_4,0,high_flux,0.63,0.5984866123195001,0.5525407383003827,0.78125,0.78125,0.7814127604166667,1.0831538216719494,1.0694059028913183,1.0972119889104452,0.76606286376896,0.7354261433991404,0.8094847902734498,0.76606286376896,0.7354261433991404,0.8094847902734498,0.7659033005813389,0.7353148432208453,0.8093723774432494
demo,ideal,nv_charge_readout_master_v1_4,0,high_flux,0.64,0.6568659287403755,0.6025682664012039,0.78125,0.78125,0.7814127604166667,1.090110391414172,1.0199112485061592,1.0980830815848475,0.8407883887876807,0.8026670364624141,0.882915472436212,0.8407883887876807,0.8026670364624141,0.882915472436212,0.840613261024967,0.8024435985656475,0.8827361722625123
demo,ideal,nv_charge_readout_master_v1_4,0,high_flux,0.65,0.7133768635813279,0.6735497919550177,0.78125,0.78125,0.7814127604166667,1.059130107531783,1.024348156159762,1.0942843646788243,0.9131223853840997,0.8762318855671001,0.9575753353143255,0.9131223853840997,0.8762318855671001,0.9575753353143255,0.9129321911776043,0.8761089806127582,0.9575703406522281
demo,ideal,nv_charge_readout_master_v1_4,0,high_flux,0.66,0.7757190640935989,0.7130589224645839,0.78125,0.78125,0.7814127604166667,1.0878751245583456,1.0565321309065325,1.1056758280874932,0.9929204020398066,0.9497435862072464,1.0142942222683502,0.9929204020398066,0.9497435862072464,1.0142942222683502,0.9927135867092421,0.9494831374137702,1.014077975740782
demo,ideal,nv_charge_readout_master_v1_4,0,high_flux,0.67,0.846531749530395,0.7747384893350152,0.8268513531314694,0.8268513531314694,0.8270281621382972,1.092667733930455,1.0732388051253092,1.1135439221475354,1.023801613584342,1.007171591276652,1.046540668350967,1.023801613584342,1.007171591276652,1.046540668350967,1.0235827367010948,1.0066955157748252,1.0463120977491418
demo,ideal,nv_charge_readout_master_v1_4,0,high_flux,0.68,0.923790505133204,0.8199601190792102,0.8788271500325291,0.8788271500325291,0.8790202682429912,1.1266285806321803,1.111172257265151,1.1352328635130804,1.0511629108170026,1.0307871988957287,1.066775161835077,1.0511629108170026,1.0307871988957287,1.066775161835077,1.050931973365871,1.0306279456167766,1.066576655939635
demo,ideal,nv_charge_readout_master_v1_4,0,high_flux,0.69,0.9896516834992934,0.8706565427117013,0.9340701405510008,0.9340701405510008,0.9342809197503134,1.1366728841397964,1.1261642909464018,1.148589399873966,1.059504678005771,1.0423893908372148,1.076548782003863,1.059504678005771,1.0423893908372148,1.076548782003863,1.0592656475996298,1.0421536166936192,1.0762062045686203
demo,ideal,nv_charge_readout_master_v1_4,0,high_flux,0.7,1.0561761698542975,0.9244874204588776,0.9927857001648989,0.9927857001648989,0.9930155976428499,1.1424451501244388,1.1297149032965461,1.1558732062670574,1.0638511107471327,1.0477422242234813,1.0803913241364338,1.0638511107471327,1.0477422242234813,1.0803913241364338,1.0636048138230394,1.0474522834342879,1.0800682645132484
demo,ideal,nv_charge_readout_master_v1_4,0,high_flux,0.71,1.123929609389265,0.9816465490798211,1.0551921142351224,1.0551921142351224,1.055442700708815,1.1449432694922808,1.1310820904583332,1.1603646502744032,1.0651421615332752,1.0456345179849682,1.0850418100109505,1.0651421615332752,1.0456345179849682,1.0850418100109505,1.0648892721835639,1.0453387800333582,1.0848609529663091
demo,ideal,nv_charge_readout_master_v1_4,0,high_flux,0.72,1.206562259190868,1.0423397073829468,1.1215213895194602,1.1215213895194602,1.1217943576352223,1.1575518524764281,1.1430236595480356,1.1680272135382606,1.0758263466627644,1.0520934883283253,1.0947684224052718,1.0758263466627644,1.0520934883283253,1.0947684224052718,1.0755645640207525,1.0517641425910405,1.0946363193053252
demo,ideal,nv_charge_readout_master_v1_4,0,high_flux,0.73,1.294989108347353,1.1067853970511152,1.1920201166982851,1.1920201166982851,1.1923172901542534,1.170045350975611,1.1601921053288644,1.178949570605969,1.0863819244378832,1.0668181790255273,1.1016291474013182,1.0863819244378832,1.0668181790255273,1.1016291474013182,1.0861111543386381,1.066389717187395,1.101409399771297
demo,ideal,nv_charge_readout_master_v1_4,0,high_flux,0.74,1.3860470373795346,1.1755362209243503,1.2669503871185315,1.2669503871185315,1.2672737304523465,1.1790764186659046,1.1324008189714763,1.185242986941749,1.094002615628753,1.078953266462661,1.1088392282579407,1.094002615628753,1.078953266462661,1.1088392282579407,1.093723482206794,1.078605477416791,1.1085481110082214
demo,ideal,nv_charge_readout_master_v1_4,0,high_flux,0.75,1.4756654102718612,1.2523535358177196,1.3465907671641106,1.3465907671641106,1.3469423962532965,1.178313765296579,1.141125761262427,1.195092164936467,1.0958529096256755,1.0875743719817481,1.1043944167359585,1.0958529096256755,1.0875743719817481,1.1043944167359585,1.0955668292694811,1.0872405615999534,1.104019826484594
demo,ideal,nv_charge_readout_master_v1_4,0,high_flux,0.76,1.5706453155781006,1.4986892799600904,1.97705078125,1.97705078125,1.431260822898766,1.0480126445022189,1.0342986405805352,1.2026633624379308,0.794438529588528,0.7918583235684672,1.100123636123315,0.794438529588528,0.7918583235684672,1.100123636123315,1.097385808686523,1.0937418241255583,1.108224467152914
demo,ideal,nv_charge_readout_master_v1_4,0,high_flux,0.77,1.6910010874655874,1.5242330774078046,1.97705078125,1.97705078125,1.5162565631073448,1.1094110950153357,1.0703958029614802,1.1458245257162278,0.8553149486612801,0.8177479012672794,0.8916960358912657,0.8553149486612801,0.8177479012672794,0.8916960358912657,1.1152473325491363,1.1027679338056302,1.130216780619091
demo,ideal,nv_charge_readout_master_v1_4,0,high_flux,0.78,1.806929875930897,1.5502122456803953,1.97705078125,1.97705078125,1.6062997941282362,1.1656016013070696,1.1305509091148018,1.1971252602785258,0.9139521822441287,0.8793441830794864,0.9492276497948237,0.9139521822441287,0.8793441830794864,0.9492276497948237,1.1249020155117095,1.1120668407170389,1.1374720913789207
demo,ideal,nv_charge_readout_master_v1_4,0,high_flux,0.79,1.9223619635034486,1.5766342052781048,1.97705078125,1.97705078125,1.7016902623185848,1.2192821626398498,1.1865938237638025,1.2472633365926944,0.9723381825771951,0.9368306231071384,1.011725306017184,0.9723381825771951,0.9368306231071384,1.011725306017184,1.1296779479035124,1.1158840556574523,1.1450109457515003
demo,ideal,nv_charge_readout_master_v1_4,0,high_flux,0.8,2.0510349561924213,1.6389190161704068,1.97705078125,1.97705078125,1.8027455145391853,1.2514559511213608,1.241053131104266,1.2590370762588023,1.0374214843867817,0.9986864343212558,1.0783321799241432,1.0374214843867817,0.9986864343212558,1.0783321799241432,1.1377285033582254,1.1233374006460008,1.1515808564182854
demo,ideal,nv_charge_readout_master_v1_4,0,high_flux,0.81,2.206288645929708,1.738248532822635,1.97705078125,1.97705078125,1.9098019552413221,1.2692596048661993,1.2322449761199323,1.2805188252206285,1.1159494064865503,1.0108624256503878,1.1663110128474812,1.1159494064865503,1.0108624256503878,1.1663110128474812,1.1552447309390894,1.1345736001954208,1.1800797646072374
demo,ideal,nv_charge_readout_master_v1_4,0,high_flux,0.82,2.4204982755260165,1.9660045376411657,2.3584406205314545,2.3584406205314545,2.0307198722225857,1.2311763422632571,1.2172124153886132,1.2712788393883647,1.026313002945386,1.0022724056899082,1.1772658023449603,1.026313002945386,1.0022724056899082,1.1772658023449603,1.1919410001522395,1.1751158530301584,1.2053306169907128
demo,ideal,nv_charge_readout_master_v1_4,0,high_flux,0.83,2.6300081570145792,2.033859900817355,2.3959652310298103,2.3959652310298103,2.171529214453349,1.2931117605286617,1.2355283548754474,1.3143035017402183,1.097682104461998,1.0562364755785996,1.1434144844797653,1.097682104461998,1.0562364755785996,1.1434144844797653,1.2111318325858424,1.1946988352307852,1.23072330059671
demo,ideal,nv_charge_readout_master_v1_4,0,high_flux,0.84,2.865632146514539,2.217607887907085,2.4340868870423904,2.4340868870423904,2.322102222825696,1.2922176919288653,1.2320070662962566,1.3440976936524986,1.1772924630461776,1.132869743737336,1.2226174928978264,1.1772924630461776,1.132869743737336,1.2226174928978264,1.2340680433212963,1.2163426219051099,1.2537788460036459
demo,ideal,nv_charge_readout_master_v1_4,0,high_flux,0.85,3.155102596741774,2.661569405961178,2.9086646180891664,2.9086646180891664,2.4903769687590267,1.1854293897710195,1.1661540102553418,1.3504977568282774,1.0847254706231837,1.076132181627577,1.270156770056039,1.0847254706231837,1.076132181627577,1.270156770056039,1.266917674039519,1.2426364544598767,1.2834910480622175
demo,ideal,nv_charge_readout_master_v1_4,0,high_flux,0.86,3.587681264880153,2.7523690515834898,3.1032194792239567,3.1032194792239567,2.766822653252014,1.3034884485480216,1.2141506692542132,1.402258112127502,1.1561158625420038,1.1051957860251,1.2068143488245104,1.1561158625420038,1.1051957860251,1.2068143488245104,1.29667915674441,1.2598456327918028,1.3408087504407071
demo,ideal,nv_charge_readout_master_v1_4,0,high_flux,0.87,4.2337448563569176,3.0710593283541576,3.3096810414942643,3.3096810414942643,3.09130104218063,1.378594290663172,1.321196074903488,2.2490437320971695,1.279200262284324,1.1871768554208149,2.1085751119477685,1.279200262284324,1.1871768554208149,2.1085751119477685,1.3695673111701854,1.3144510434829466,2.2366032048325213
demo,ideal,nv_charge_readout_master_v1_4,0,high_flux,0.88,9.02172338804034,4.037500005358844,3.8317917890424327,3.828136917217567,3.5695596798530302,2.2344825699234914,1.422768786817049,2.802552667584519,2.3544398768845616,1.3791373351767815,2.755267280881279,2.3566877525889707,1.3791373351767815,2.755267280881279,2.5274051135662177,1.4084591704447815,2.8458609913335464
demo,ideal,nv_charge_readout_master_v1_4,0,high_flux,0.89,nan,4.094043850115394,4.723823947853076,4.723823947853076,4.17208874340963,nan,nan,nan,nan,nan,nan,nan,nan,nan,nan,nan,nan
demo,ideal,nv_charge_readout_master_v1_4,0,high_flux,0.9,nan,nan,nan,nan,nan,nan,nan,nan,nan,nan,nan,nan,nan,nan,nan,nan,nan
demo,ideal,nv_charge_readout_master_v1_4,0,high_flux,0.91,nan,nan,nan,nan,nan,nan,nan,nan,nan,nan,nan,nan,nan,nan,nan,nan,nan
demo,ideal,nv_charge_readout_master_v1_4,0,high_flux,0.92,nan,nan,nan,nan,nan,nan,nan,nan,nan,nan,nan,nan,nan,nan,nan,nan,nan
demo,ideal,nv_charge_readout_master_v1_4,0,high_flux,0.93,nan,nan,nan,nan,nan,nan,nan,nan,nan,nan,nan,nan,nan,nan,nan,nan,nan
demo,ideal,nv_charge_readout_master_v1_4,0,high_flux,0.94,nan,nan,nan,nan,nan,nan,nan,nan,nan,nan,nan,nan,nan,nan,nan,nan,nan
demo,ideal,nv_charge_readout_master_v1_4,0,high_flux,0.95,nan,nan,nan,nan,nan,nan,nan,nan,nan,nan,nan,nan,nan,nan,nan,nan,nan
demo,ideal,nv_charge_readout_master_v1_4,0,high_flux,0.96,nan,nan,nan,nan,nan,nan,nan,nan,nan,nan,nan,nan,nan,nan,nan,nan,nan
demo,ideal,nv_charge_readout_master_v1_4,0,high_flux,0.97,nan,nan,nan,nan,nan,nan,nan,nan,nan,nan,nan,nan,nan,nan,nan,nan,nan
demo,ideal,nv_charge_readout_master_v1_4,0,high_flux,0.98,nan,nan,nan,nan,nan,nan,nan,nan,nan,nan,nan,nan,nan,nan,nan,nan,nan
demo,ideal,nv_charge_readout_master_v1_4,0,high_flux,0.99,nan,nan,nan,nan,nan,nan,nan,nan,nan,nan,nan,nan,nan,nan,nan,nan,nan
demo,ideal,nv_charge_readout_master_v1_4,1,moderate,0.55,0.5027504469272159,0.482898063400078,1.953125,1.953125,1.9539388020833335,1.0411109197401986,1.0183026745771717,1.0731165968031606,0.25740822882673453,0.24139157799821323,0.2815574330422614,0.25740822882673453,0.24139157799821323,0.2815574330422614,0.25730102006837274,0.24134046165233902,0.28145970397838
demo,ideal,nv_charge_readout_master_v1_4,1,moderate,0.56,0.6107877841884277,0.5781821061536317,1.953125,1.953125,1.9539388020833335,1.0563934402116073,1.0356581329904866,1.0766122776366576,0.312723345504475,0.29404498080773767,0.3342087438870259,0.312723345504475,0.29404498080773767,0.3342087438870259,0.3125930983801499,0.293816013518602,0.334068967953254
demo,ideal,nv_charge_readout_master_v1_4,1,moderate,0.57,0.7120969007734484,0.6801555819089335,1.953125,1.953125,1.9539388020833335,1.0469617830303883,1.0359860711577893,1.0667201836662143,0.3645936131960056,0.34555784893819685,0.38788672180783185,0.3645936131960056,0.34555784893819685,0.38788672180783185,0.36444176246164656,0.34543850408259885,0.3877520856669753
demo,ideal,nv_charge_readout_master_v1_4,1,moderate,0.58,0.8212235307214927,0.7602981015229651,1.953125,1.953125,1.9539388020833335,1.0801336069056162,1.0572479917387523,1.1012394777285708,0.4204664477294042,0.39777736437506805,0.44492616013830116,0.4204664477294042,0.39777736437506805,0.44492616013830116,0.4202913263434278,0.3976386056960829,0.44470719068201703
demo,ideal,nv_charge_readout_master_v1_4,1,moderate,0.59,0.9178399752442676,0.8498837891722556,1.953125,1.953125,1.9539388020833335,1.0799593861393662,1.0614206098777221,1.0994044899654571,0.46993406732506504,0.4492099538762616,0.4981248474918769,0.46993406732506504,0.4492099538762616,0.4981248474918769,0.46973834301547523,0.44905403233725566,0.49788368570406427
demo,ideal,nv_charge_readout_master_v1_4,1,moderate,0.6,1.0268543640467018,0.9500253303946644,1.953125,1.953125,1.9539388020833335,1.0808705107053522,1.0637613146306462,1.0949237110770536,0.5257494343919114,0.5009919532058463,0.55599239481155,0.5257494343919114,0.5009919532058463,0.55599239481155,0.525530463365509,0.5007385898795508,0.5557974788487794
demo,ideal,nv_charge_readout_master_v1_4,1,moderate,0.61,1.1333934135276946,1.0603533630521844,1.953125,1.953125,1.9539388020833335,1.068882745149473,1.0621078909384118,1.081211805529111,0.5802974277261796,0.5563376630053535,0.6144288822256904,0.5802974277261796,0.5563376630053535,0.6144288822256904,0.5800557378354149,0.5560778690407162,0.6143350071353245
demo,ideal,nv_charge_readout_master_v1_4,1,moderate,0.62,1.2653369601099331,1.1638681457206341,1.953125,1.953125,1.9539388020833335,1.0871823967022247,1.072169349861292,1.1067456738002195,0.6478525235762858,0.6150259271381382,0.6878704215183431,0.6478525235762858,0.6150259271381382,0.6878704215183431,0.6475826974523472,0.6148508675770159,0.6876268852507103
demo,ideal,nv_charge_readout_master_v1_4,1,moderate,0.63,1.4024392957636533,1.2774883428709622,1.953125,1.953125,1.9539388020833335,1.097809857592816,1.0820263129449081,1.1175509155735708,0.7180489194309905,0.6836591229800041,0.7565860198958969,0.7180489194309905,0.6836591229800041,0.7565860198958969,0.7177498569905777,0.6832380255891332,0.7560190294057857
demo,ideal,nv_charge_readout_master_v1_4,1,moderate,0.64,1.534928105340321,1.4022004744882197,1.953125,1.953125,1.9539388020833335,1.0946566723282165,1.0083502608217065,1.1032956693911995,0.7858831899342443,0.7517953719202166,0.82825806981631,0.7858831899342443,0.7517953719202166,0.82825806981631,0.7855558749863333,0.7515397639738488,0.8281344135159542
demo,ideal,nv_charge_readout_master_v1_4,1,moderate,0.65,1.670003723042549,1.5935800304908796,1.953125,1.953125,1.9539388020833335,1.0479572353376745,1.0118650369120765,1.0949334655119982,0.8550419061977851,0.818652396329711,0.9007730555707859,0.8550419061977851,0.818652396329711,0.9007730555707859,0.8546857871198185,0.8184776187759569,0.900460395711164
demo,ideal,nv_charge_readout_master_v1_4,1,moderate,0.66,1.8078602181022323,1.6539540933295769,1.953125,1.953125,1.9539388020833335,1.0930534441030506,1.0451553823036754,1.106750957150426,0.925624431668343,0.8883953199472159,0.9644439157651074,0.925624431668343,0.8883953199472159,0.9644439157651074,0.9252389154535705,0.8879066505118356,0.9642707265343463
demo,ideal,nv_charge_readout_master_v1_4,1,moderate,0.67,1.9422563126360675,1.806202715749023,1.953125,1.953125,1.9539388020833335,1.0753257625518648,1.0559448133364842,1.0972164917553218,0.9944352320696666,0.9549763380414701,1.0087382176672437,0.9944352320696666,0.9549763380414701,1.0087382176672437,0.9940210566294042,0.9546415561364364,1.0091613846561878
demo,ideal,nv_charge_readout_master_v1_4,1,moderate,0.68,2.103580022330913,1.883132699748424,2.0647233035927384,2.0647233035927384,2.061190899414187,1.117064146680656,1.0964583113410575,1.1301346266706749,1.0188193346152299,1.003374792706436,1.0365871150326758,1.0188193346152299,1.003374792706436,1.0365871150326758,1.0205653551685938,1.0041030969639368,1.0392126460609883
demo,ideal,nv_charge_readout_master_v1_4,1,moderate,0.69,2.27157576038288,2.005488383670197,2.1889038880908913,2.1889038880908913,2.180274862275303,1.1326795901084816,1.123120796723467,1.1427183735611997,1.0377686168596891,1.0235357664976958,1.052231341690772,1.0377686168596891,1.0235357664976958,1.052231341690772,1.0418758660604364,1.0255019589043022,1.0588894730221707
demo,ideal,nv_charge_readout_master_v1_4,1,moderate,0.7,2.4364884443019648,2.1357940720658815,2.3205531816114466,2.3205531816114466,2.306238823594952,1.1407880919648923,1.1288196207991745,1.1542011615259964,1.0499601834636731,1.0341188290919936,1.0662992898282477,1.0499601834636731,1.0341188290919936,1.0662992898282477,1.056477074002241,1.0385280113157733,1.0758074816106296
demo,ideal,nv_charge_readout_master_v1_4,1,moderate,0.71,2.611125920790521,2.2745663128318165,2.4601203817055866,2.4601203817055866,2.4394802708068055,1.1479664963206504,1.1361847514451564,1.1602826007887252,1.0613813617446815,1.0452566182125156,1.0779974921039166,1.0613813617446815,1.0452566182125156,1.0779974921039166,1.0703615651406548,1.0496849161531798,1.0918034990287162
demo,ideal,nv_charge_readout_master_v1_4,1,moderate,0.72,2.799985384300533,2.4223552163271185,2.6080817024328904,2.6080817024328904,2.580419655922347,1.1558938034472064,1.1441537140602498,1.1654327626260128,1.0735803950039715,1.0543678574755428,1.0923046008731154,1.0735803950039715,1.0543678574755428,1.0923046008731154,1.0850891551202761,1.0613497110802297,1.1086325707822229
demo,ideal,nv_charge_readout_master_v1_4,1,moderate,0.73,3.0061576631153595,2.5771042321637925,2.7649419992404582,2.7649419992404582,2.7295017222944082,1.1664866424868368,1.159226445705547,1.1766856562400043,1.0872407681394995,1.069504988065677,1.103736052782505,1.0872407681394995,1.069504988065677,1.103736052782505,1.1013576721938814,1.0761579356414122,1.1237977107624695
demo,ideal,nv_charge_readout_master_v1_4,1,moderate,0.74,3.1886075112047703,2.6999149235293336,2.931236491568667,2.931236491568667,2.8871969080336064,1.1810029580623291,1.1737287214599101,1.1876441976540992,1.087802884679008,1.074097246400178,1.1022686818703014,1.087802884679008,1.074097246400178,1.1022686818703014,1.1043955825570784,1.0831935468841194,1.1254770123903317
demo,ideal,nv_charge_readout_master_v1_4,1,moderate,0.75,3.3747425432270783,2.833375325602295,3.107532589061213,3.107532589061213,3.0540028305062528,1.1910679509110584,1.1838034980592629,1.1994569688586405,1.0859878204033862,1.072229443908108,1.1018555138613224,1.0859878204033862,1.072229443908108,1.1018555138613224,1.1050227293560357,1.082760201510249,1.131931606787249
demo,ideal,nv_charge_readout_master_v1_4,1,moderate,0.76,3.5965251889313268,3.5618616261995384,3.294431827610614,3.294431827610614,3.230445856598167,1.009731866751032,1.0079571987348976,1.2108038334949032,1.0916981674317465,1.0797499342952197,1.103263173141205,1.0916981674317465,1.0797499342952197,1.103263173141205,1.1133216121190965,1.08886884622686,1.1398433360902596
demo,ideal,nv_charge_readout_master_v1_4,1,moderate,0.77,3.835639811292285,3.568363083974044,3.4925719218451023,3.4925719218451023,3.4170827636994554,1.0749017745751865,1.0374272241231854,1.1155489097245415,1.0982278667767398,1.0898383080348835,1.107930396733916,1.0982278667767398,1.0898383080348835,1.107930396733916,1.1224895844020133,1.0978640083605318,1.1489965386442749
demo,ideal,nv_charge_readout_master_v1_4,1,moderate,0.78,4.0946814452305285,3.574876408844363,3.6858518283643043,3.6858518283643043,3.6145024966516055,1.145405036968593,1.1064565516990763,1.1856890526091164,1.1109186250299306,1.1006202294833936,1.1238511721967948,1.1109186250299306,1.1006202294833936,1.1238511721967948,1.1328478674516755,1.1101300426647702,1.1559027395031933
demo,ideal,nv_charge_readout_master_v1_4,1,moderate,0.79,4.3675301969498594,3.581401622471479,3.8845795703853847,3.8845795703853847,3.8233280262010565,1.219503048623707,1.181262676447681,1.2421526315625888,1.1243250698856355,1.1105658995616208,1.137797341924186,1.1243250698856355,1.1105658995616208,1.137797341924186,1.1423372954189166,1.1208080470829145,1.1634308176862538
demo,ideal,nv_charge_readout_master_v1_4,1,moderate,0.8,4.656201945933578,3.7286688706570303,4.094021990393486,4.094021990393486,4.0442183148237145,1.2487571590429554,1.2394305778455241,1.2591970297834496,1.137317277938231,1.122082387391279,1.1555779849718468,1.137317277938231,1.122082387391279,1.1555779849718468,1.1513230947168933,1.1321816339935638,1.1725234531683502
demo,ideal,nv_charge_readout_master_v1_4,1,moderate,0.81,4.989584586855892,3.9495677978777453,4.31475678490545,4.31475678490545,4.277870396123703,1.263324202090413,1.2372103788347202,1.272799939057342,1.1563999631013337,1.1387022559153277,1.172698971070395,1.1563999631013337,1.1387022559153277,1.172698971070395,1.1663711437768411,1.1450035781866492,1.1849572279204625
demo,ideal,nv_charge_readout_master_v1_4,1,moderate,0.82,5.335269721008316,4.417312312984567,4.5473927977358715,4.5473927977358715,4.525021574368012,1.2078090347665569,1.1739974871903625,1.2532605146107798,1.1732590427782543,1.1565730136449992,1.1849097108345974,1.1732590427782543,1.1565730136449992,1.1849097108345974,1.179059510175588,1.1624039782345787,1.1923297937169044
demo,ideal,nv_charge_readout_master_v1_4,1,moderate,0.83,5.683448297635462,4.492907287344814,4.792571699346251,4.792571699346251,4.786451751097855,1.2649823230592914,1.2243826271416733,1.29228204923038,1.185886963028792,1.0395424964724786,1.1936606805365004,1.185886963028792,1.0395424964724786,1.1936606805365004,1.187403235879661,1.1787524669122267,1.1958610158372662
demo,ideal,nv_charge_readout_master_v1_4,1,moderate,0.84,6.124628252193559,4.795515041116654,6.021569634804647,6.021569634804647,5.079940130108552,1.2771575523548802,1.244145403161699,1.3160799932437757,1.0171149091747165,1.0035510114241735,1.082171444640382,1.0171149091747165,1.0035510114241735,1.082171444640382,1.205649691793254,1.193341579828574,1.2217120925466722
demo,ideal,nv_charge_readout_master_v1_4,1,moderate,0.85,6.634609082370025,5.032528534029686,6.047054921740255,6.047054921740255,5.403593559346709,1.3183450501089375,1.263835108679817,1.3329416582818594,1.0971636884787348,1.0536661566989352,1.1415009234594296,1.0971636884787348,1.0536661566989352,1.1415009234594296,1.227814233158599,1.2049319042789712,1.2462541985476498
demo,ideal,nv_charge_readout_master_v1_4,1,moderate,0.86,7.18945880150136,5.3093376779168615,6.07264807089279,6.07264807089279,5.747867613941602,1.3541159439537043,1.2678365401805392,1.3638468774096368,1.183908357206081,1.1408779423294593,1.2397660519216327,1.183908357206081,1.1408779423294593,1.2397660519216327,1.2508045216739405,1.229191159543212,1.2733678746671089
demo,ideal,nv_charge_readout_master_v1_4,1,moderate,0.87,7.862819638269868,5.761137856008704,6.696785821255223,6.939414925139394,6.118753512471395,1.3648032445655105,1.3098571616779255,1.389512575490522,1.174118427576662,1.1548247657957935,1.2848324318261073,1.1330666523175115,1.1212987464442974,1.2848324318261073,1.285036179712694,1.2637192479183639,1.3005437024375188
demo,ideal,nv_charge_readout_master_v1_4,1,moderate,0.88,8.704648852230331,6.313344244794849,7.0705098534646345,7.0705098534646345,6.629151194603899,1.3787698745252228,1.2472670167375883,1.389415880108952,1.2311203905564108,1.1900905658018137,1.2929662559390172,1.2311203905564108,1.1799650581971435,1.2918617684723153,1.3130864867459773,1.2924297041061603,1.3398123919343758
demo,ideal,nv_charge_readout_master_v1_4,1,moderate,0.89,9.788693664224018,7.037878172208598,7.183564174828816,7.183564174828816,7.182123854367918,1.3908586401620207,1.3259944622388107,1.4826099230406824,1.362651383908223,1.2675855354755694,1.388295011554476,1.362651383908223,1.2890893086896247,1.388295011554476,1.3629246533072352,1.3297116605630397,1.4372786016262404
demo,ideal,nv_charge_readout_master_v1_4,1,moderate,0.9,12.214472496744474,8.03172464379919,7.894172216050781,7.894172216050781,7.863195459272776,1.520778293386157,1.4408667376404527,1.9445578504562757,1.5472771764352273,1.3818893010532003,1.9480813288229213,1.5472771764352273,1.3779055759209036,1.9502621355063228,1.5533726154982446,1.4270033491850749,1.9762914383127463
demo,ideal,nv_charge_readout_master_v1_4,1,moderate,0.91,16.471961148544484,10.675391042683465,8.852920595456101,8.849415535713197,8.669911744272088,1.5429843349704535,1.5095983661018326,2.0036695547511636,1.8606245216972772,1.7003922469925674,1.9104725140293437,1.8613614743334534,1.7003922469925674,1.9026761299884087,1.8998995185189678,1.8455415339627,1.9645675709634987
demo,ideal,nv_charge_readout_master_v1_4,1,moderate,0.92,17.959635960269352,12.236603679889443,12.317804035068278,12.317405146583749,9.86459206289046,1.4676977722001059,1.4383175244821447,1.5734871508786252,1.4580225427469875,1.3649472597781274,1.8408514734514028,1.4580697595426977,1.3649526321598444,1.8408514734514028,1.8206161842040667,1.7330435942693116,1.9306543234246103
demo,ideal,nv_charge_readout_master_v1_4,1,moderate,0.93,20.112662189911287,12.282428198707713,13.299302388492995,13.298752647977672,11.5924947262666,1.6375151447681515,1.5355833903069651,1.6812633789281461,1.5123095634936041,1.436776224496896,1.5660609822495737,1.512372078968609,1.4369537410655406,1.5685058934338472,1.7349727271679887,1.6536618976350517,1.8214322315746452
demo,ideal,nv_charge_readout_master_v1_4,1,moderate,0.94,nan,17.193070789186677,17.967667847107542,17.724426431791557,14.1448942764885,nan,1.2690539949121415,1.7454961356143412,nan,1.2924183609047042,1.7253826302680666,nan,1.3009963961596471,1.7253979976127274,nan,1.6210608688549033,1.8954604281599725
demo,ideal,nv_charge_readout_master_v1_4,1,moderate,0.95,nan,nan,nan,nan,nan,nan,nan,nan,nan,nan,nan,nan,nan,nan,nan,nan,nan
demo,ideal,nv_charge_readout_master_v1_4,1,moderate,0.96,nan,nan,nan,nan,nan,nan,nan,nan,nan,nan,nan,nan,nan,nan,nan,nan,nan
demo,ideal,nv_charge_readout_master_v1_4,1,moderate,0.97,nan,nan,nan,nan,nan,nan,nan,nan,nan,nan,nan,nan,nan,nan,nan,nan,nan
demo,ideal,nv_charge_readout_master_v1_4,1,moderate,0.98,nan,nan,nan,nan,nan,nan,nan,nan,nan,nan,nan,nan,nan,nan,nan,nan,nan
demo,ideal,nv_charge_readout_master_v1_4,1,moderate,0.99,nan,nan,nan,nan,nan,nan,nan,nan,nan,nan,nan,nan,nan,nan,nan,nan,nan
demo,ideal,nv_charge_readout_master_v1_4,2,sparse,0.55,4.861259896100562,4.7319137399786015,6.25,6.25,6.25,1.0273348508087017,1.0086528967367603,1.0654311881812657,0.77780158337609,0.7190282198674567,0.8503065864514755,0.77780158337609,0.7190282198674567,0.8503065864514755,0.77780158337609,0.7190282198674567,0.8503065864514755
demo,ideal,nv_charge_readout_master_v1_4,2,sparse,0.56,5.886498396027866,5.67137824379254,6.25,6.25,6.25,1.0379308420260596,1.015039211032284,1.064602057292389,0.9418397433644585,0.5204559335769344,0.9942588697522414,0.9418397433644585,0.5204559335769344,0.9942588697522414,0.9418397433644585,0.883284383093597,1.0047418449290937
demo,ideal,nv_charge_readout_master_v1_4,2,sparse,0.57,7.007635091208654,6.797362114278258,12.07552083333333,12.07552083333333,6.744894992647985,1.0309344968526402,1.022755159564038,1.0588845638611601,0.5803174196730911,0.5428987360185492,0.6237749232666447,0.5803174196730911,0.5428987360185492,0.6237749232666447,1.0389539197937194,1.0089850581002073,1.0810172807958982
demo,ideal,nv_charge_readout_master_v1_4,2,sparse,0.58,8.216937755689132,7.698354704898615,12.07552083333333,12.07552083333333,7.511000543402676,1.0673628418888692,1.0461109584545785,1.088139714198259,0.6804623890844571,0.6371530275583839,0.7214443160987762,0.6804623890844571,0.6371530275583839,0.7214443160987762,1.0939871070714433,1.0531601311044585,1.1286939563926746
demo,ideal,nv_charge_readout_master_v1_4,2,sparse,0.59,9.347797798592829,8.715322061555078,12.07552083333333,12.07552083333333,8.36412267714893,1.072570552478803,1.0514091527686875,1.0915258859069155,0.7741113553288004,0.7324172795378716,0.8151160284936628,0.7741113553288004,0.7324172795378716,0.8151160284936628,1.1176064913695412,1.0832299192013857,1.1498056893703852
demo,ideal,nv_charge_readout_master_v1_4,2,sparse,0.6,10.568794278507779,9.866632747942344,12.07552083333333,12.07552083333333,9.314145000275023,1.0711652646351786,1.0527185190427004,1.0876148045178597,0.8752247148904438,0.8252390746797518,0.9250723948392254,0.8752247148904438,0.8252390746797518,0.9250723948392254,1.1347036446389562,1.096406971134251,1.170714550029553
demo,ideal,nv_charge_readout_master_v1_4,2,sparse,0.61,11.903435077018871,11.15044777535013,12.07552083333333,12.07552083333333,10.372073729042876,1.067529781479569,1.0615572281016854,1.0810247560468251,0.9857492062918369,0.9314769809721083,1.0255847239720914,0.9857492062918369,0.9314769809721083,1.0255847239720914,1.1476427364460422,1.1097673070505787,1.192286956477473
demo,ideal,nv_charge_readout_master_v1_4,2,sparse,0.62,13.396406778548448,12.336734656271346,13.179750052265641,13.179750052265641,11.550165199009125,1.0858956727044802,1.067858732862567,1.1054860993002253,1.0164386066066224,1.0000277692788855,1.0352961735319917,1.0164386066066224,1.0000277692788855,1.0352961735319917,1.1598454695433889,1.116415180529128,1.203828794593047
demo,ideal,nv_charge_readout_master_v1_4,2,sparse,0.63,14.884010411318332,13.649229613513654,14.40170957246753,14.40170957246753,12.862067857351423,1.0904652374359767,1.0728037015750955,1.1077728151082311,1.033489137968234,1.016578095478726,1.0520275275149222,1.033489137968234,1.016578095478726,1.0520275275149222,1.1572019815469448,1.1211478900540026,1.2000662738189054
demo,ideal,nv_charge_readout_master_v1_4,2,sparse,0.64,16.56805833877017,15.101359819529904,15.736962976323566,15.736962976323566,14.322980383112176,1.0971236058718006,1.0784558662738397,1.108618399426691,1.0528116742536027,1.0348748510311447,1.0694778601765866,1.0528116742536027,1.0348748510311447,1.0694778601765866,1.1567465636066292,1.121366912861938,1.1928330138290106
demo,ideal,nv_charge_readout_master_v1_4,2,sparse,0.65,18.353543339207672,17.71275538212076,17.19601429761001,17.19601429761001,15.949827767217249,1.036176638996196,1.0095948780128998,1.1019202231561331,1.0673137985096082,0.8267061781102659,1.074642670589699,1.0673137985096082,0.8267061781102659,1.074642670589699,1.150704798012361,1.116962071971924,1.1823472128490176
demo,ideal,nv_charge_readout_master_v1_4,2,sparse,0.66,20.253570586971698,18.23894707922994,22.709201388888893,22.709201388888893,17.761457392195187,1.1104572264500925,1.0717507071574828,1.121963557057177,0.8918662633764531,0.8477885718920579,0.9432496021227,0.8918662633764531,0.8477885718920579,0.9432496021227,1.14031017499001,1.1130024972109456,1.1655111137963579
demo,ideal,nv_charge_readout_master_v1_4,2,sparse,0.67,22.224360322084124,19.82463965317841,22.709201388888893,22.709201388888893,19.778857383223308,1.1210473789631268,0.8943968545466193,1.1295694426097767,0.9786500168587174,0.9343782606232622,1.022062134219348,0.9786500168587174,0.9343782606232622,1.022062134219348,1.1236422757633677,1.098654477278429,1.1478952380993943
demo,ideal,nv_charge_readout_master_v1_4,2,sparse,0.68,24.30551527748649,26.129959116905937,22.709201388888893,22.709201388888893,22.025399760145316,0.930178082894931,0.8947466425302305,1.1266300821542787,1.070293704356272,0.9993929842317729,1.0962540669025607,1.070293704356272,0.9993929842317729,1.0962540669025607,1.1035220945894937,1.0923388337216882,1.1210714635128904
demo,ideal,nv_charge_readout_master_v1_4,2,sparse,0.69,26.730824912795203,26.129959116905937,26.006996439117927,26.006996439117927,23.966304014429358,1.0229952826638948,0.9668663941340816,1.0735346178087515,1.0278320672428187,1.005650214782955,1.057469460461829,1.0278320672428187,1.005650214782955,1.057469460461829,1.1153503225487507,1.1016119666925048,1.131900251358538
demo,ideal,nv_charge_readout_master_v1_4,2,sparse,0.7,29.129048307205874,26.129959116905937,27.483191387867812,27.483191387867812,25.839237849506226,1.1147758852925087,1.0013467792900683,1.1489003792459032,1.0598859461446901,1.038206213198402,1.0830145115452947,1.0598859461446901,1.038206213198402,1.0830145115452947,1.1273184014505488,1.1097535924081652,1.1474800907561287
demo,ideal,nv_charge_readout_master_v1_4,2,sparse,0.71,31.620900343440805,30.31023069912395,29.043177309243703,29.043177309243703,27.858538898670997,1.0432418234399892,1.0037064474966761,1.1506823713488512,1.0887548564934966,1.0637930259996955,1.112117007235722,1.0887548564934966,1.0637930259996955,1.112117007235722,1.1350523607305656,1.1143489146427359,1.159153189706004
demo,ideal,nv_charge_readout_master_v1_4,2,sparse,0.72,34.481439863492355,30.38800285708086,30.6917103007377,30.6917103007377,30.03564555924375,1.1347056937457694,1.0783188782163708,1.1851969082323226,1.1234773013826982,1.0980058841466127,1.1450529479438754,1.1234773013826982,1.0980058841466127,1.1450529479438754,1.1480172715275756,1.1256310097890707,1.1718257799254297
demo,ideal,nv_charge_readout_master_v1_4,2,sparse,0.73,37.61159320674628,31.536422105599037,32.45077015686984,32.45077015686984,32.38289012362942,1.1926398334219608,1.1736374406017047,1.1987803448837404,1.1590354566294907,1.1373546853630463,1.1696611613545531,1.1590354566294907,1.1373546853630463,1.1696611613545531,1.1614649916408026,1.141445216900094,1.1809757091468576
demo,ideal,nv_charge_readout_master_v1_4,2,sparse,0.74,41.00213921479711,34.025056067126485,34.943976292100274,34.943976292100274,34.91356863599438,1.2050572123644956,1.196511800480009,1.2153139970280835,1.1733678752542651,1.15735479830978,1.1855678880462839,1.1733678752542651,1.15735479830978,1.1855678880462839,1.1743898093684322,1.1542227231467723,1.1870066148287053
demo,ideal,nv_charge_readout_master_v1_4,2,sparse,0.75,44.846849502996676,41.82157895801682,41.32855902777777,41.32855902777777,37.73174525709121,1.0723375496658512,1.0591132080962686,1.2256309597623058,1.0851297639691282,1.064751557311205,1.1927382622981526,1.0851297639691282,1.064751557311205,1.1927382622981526,1.1885707697172654,1.1762337182105043,1.1985067129961455
demo,ideal,nv_charge_readout_master_v1_4,2,sparse,0.76,49.34094947651803,41.82157895801682,41.32855902777777,41.32855902777777,41.06970604785021,1.1797964282039572,1.0983917199564528,1.239611539614298,1.1938705494995594,1.0093016640683592,1.21921801775641,1.1938705494995594,1.0093016640683592,1.21921801775641,1.2013952429810677,1.1801279440543444,1.2257277853155015
demo,ideal,nv_charge_readout_master_v1_4,2,sparse,0.77,54.972887833668615,48.61597650704194,51.348352349240926,51.348352349240926,44.70296148148159,1.13075765999899,1.0920429780209855,1.2470904136943346,1.0705871818393657,1.0193993563788781,1.1352568967978705,1.0705871818393657,1.0193993563788781,1.1352568967978705,1.2297370467601212,1.2094812745160033,1.2399638610636552
demo,ideal,nv_charge_readout_master_v1_4,2,sparse,0.78,62.95841576771663,49.22309310981459,53.02868514289625,53.02868514289625,50.8428177339622,1.2790422500930432,1.1641281569962234,1.301865938004527,1.187252061748519,1.0954210452931445,1.2814893418474476,1.187252061748519,1.0954210452931445,1.2814893418474476,1.2382951727252796,1.2138961826605754,1.2818900709348968
demo,ideal,nv_charge_readout_master_v1_4,2,sparse,0.79,77.45825424180912,58.963453260368574,60.00773792318872,60.00773792318872,59.893929310102266,1.3136654988603178,1.0447303203089604,1.3822633112371725,1.2908044349373318,0.9753252140522166,1.3512656151690194,1.2908044349373318,0.9753330630936666,1.3512656151690194,1.2932571820554155,1.254620226309119,1.4144483219285837
demo,ideal,nv_charge_readout_master_v1_4,2,sparse,0.8,nan,nan,nan,nan,nan,nan,0.8684350521974235,1.507573814727244,nan,0.8982761993783068,1.456885720886305,nan,0.8982761993783068,1.456885720886305,nan,1.2810322870524926,1.5212782070290785
demo,ideal,nv_charge_readout_master_v1_4,2,sparse,0.81,nan,nan,nan,nan,nan,nan,nan,nan,nan,nan,nan,nan,nan,nan,nan,nan,nan
demo,ideal,nv_charge_readout_master_v1_4,2,sparse,0.82,nan,nan,nan,nan,nan,nan,nan,nan,nan,nan,nan,nan,nan,nan,nan,nan,nan
demo,ideal,nv_charge_readout_master_v1_4,2,sparse,0.83,nan,nan,nan,nan,nan,nan,nan,nan,nan,nan,nan,nan,nan,nan,nan,nan,nan
demo,ideal,nv_charge_readout_master_v1_4,2,sparse,0.84,nan,nan,nan,nan,nan,nan,nan,nan,nan,nan,nan,nan,nan,nan,nan,nan,nan
demo,ideal,nv_charge_readout_master_v1_4,2,sparse,0.85,nan,nan,nan,nan,nan,nan,nan,nan,nan,nan,nan,nan,nan,nan,nan,nan,nan
demo,ideal,nv_charge_readout_master_v1_4,2,sparse,0.86,nan,nan,nan,nan,nan,nan,nan,nan,nan,nan,nan,nan,nan,nan,nan,nan,nan
demo,ideal,nv_charge_readout_master_v1_4,2,sparse,0.87,nan,nan,nan,nan,nan,nan,nan,nan,nan,nan,nan,nan,nan,nan,nan,nan,nan
demo,ideal,nv_charge_readout_master_v1_4,2,sparse,0.88,nan,nan,nan,nan,nan,nan,nan,nan,nan,nan,nan,nan,nan,nan,nan,nan,nan
demo,ideal,nv_charge_readout_master_v1_4,2,sparse,0.89,nan,nan,nan,nan,nan,nan,nan,nan,nan,nan,nan,nan,nan,nan,nan,nan,nan
demo,ideal,nv_charge_readout_master_v1_4,2,sparse,0.9,nan,nan,nan,nan,nan,nan,nan,nan,nan,nan,nan,nan,nan,nan,nan,nan,nan
demo,ideal,nv_charge_readout_master_v1_4,2,sparse,0.91,nan,nan,nan,nan,nan,nan,nan,nan,nan,nan,nan,nan,nan,nan,nan,nan,nan
demo,ideal,nv_charge_readout_master_v1_4,2,sparse,0.92,nan,nan,nan,nan,nan,nan,nan,nan,nan,nan,nan,nan,nan,nan,nan,nan,nan
demo,ideal,nv_charge_readout_master_v1_4,2,sparse,0.93,nan,nan,nan,nan,nan,nan,nan,nan,nan,nan,nan,nan,nan,nan,nan,nan,nan
demo,ideal,nv_charge_readout_master_v1_4,2,sparse,0.94,nan,nan,nan,nan,nan,nan,nan,nan,nan,nan,nan,nan,nan,nan,nan,nan,nan
demo,ideal,nv_charge_readout_master_v1_4,2,sparse,0.95,nan,nan,nan,nan,nan,nan,nan,nan,nan,nan,nan,nan,nan,nan,nan,nan,nan
demo,ideal,nv_charge_readout_master_v1_4,2,sparse,0.96,nan,nan,nan,nan,nan,nan,nan,nan,nan,nan,nan,nan,nan,nan,nan,nan,nan
demo,ideal,nv_charge_readout_master_v1_4,2,sparse,0.97,nan,nan,nan,nan,nan,nan,nan,nan,nan,nan,nan,nan,nan,nan,nan,nan,nan
demo,ideal,nv_charge_readout_master_v1_4,2,sparse,0.98,nan,nan,nan,nan,nan,nan,nan,nan,nan,nan,nan,nan,nan,nan,nan,nan,nan
demo,ideal,nv_charge_readout_master_v1_4,2,sparse,0.99,nan,nan,nan,nan,nan,nan,nan,nan,nan,nan,nan,nan,nan,nan,nan,nan,nan
